[2025-08-14T02:46:14.462Z] info: kubernetes.yaml was copied to the config folder
[2025-08-14T02:46:33.838Z] info: docker.yaml was copied to the config folder
[2025-08-14T02:46:33.839Z] info: services.yaml was copied to the config folder
[2025-08-14T02:46:33.840Z] info: bookmarks.yaml was copied to the config folder
[2025-08-14T02:46:33.841Z] info: proxmox.yaml was copied to the config folder
[2025-08-14T02:46:33.856Z] info: widgets.yaml was copied to the config folder
[2025-08-14T02:46:33.857Z] info: custom.css was copied to the config folder
[2025-08-14T02:46:33.857Z] info: custom.js was copied to the config folder
[2025-08-14T03:33:24.097Z] error: Failed to discover services, please check kubernetes.yaml for errors or remove example entries.
[2025-08-14T03:33:24.098Z] error: YAMLException: can not read a block mapping entry; a multiline key may not be an implicit key (42:7)

 39 | 假设您的 services.yaml 或 bookmarks.yaml 文 ...
 40 | 
 41 | 
 42 | layout:
------------^
 43 |   Media:
 44 |     style: row
[2025-08-14T03:33:24.102Z] error: Failed to load settings.yaml, please check for errors
[2025-08-14T03:33:24.103Z] error: YAMLException: can not read a block mapping entry; a multiline key may not be an implicit key (42:7)

 39 | 假设您的 services.yaml 或 bookmarks.yaml 文 ...
 40 | 
 41 | 
 42 | layout:
------------^
 43 |   Media:
 44 |     style: row
[2025-08-14T03:33:24.105Z] error: Failed to load settings.yaml, please check for errors
[2025-08-14T03:33:24.106Z] error: YAMLException: can not read a block mapping entry; a multiline key may not be an implicit key (42:7)

 39 | 假设您的 services.yaml 或 bookmarks.yaml 文 ...
 40 | 
 41 | 
 42 | layout:
------------^
 43 |   Media:
 44 |     style: row
[2025-08-14T03:33:24.228Z] error: <index> YAMLException: can not read a block mapping entry; a multiline key may not be an implicit key (42:7)

 39 | 假设您的 services.yaml 或 bookmarks.yaml 文 ...
 40 | 
 41 | 
 42 | layout:
------------^
 43 |   Media:
 44 |     style: row
    at generateError (file:///app/node_modules/.pnpm/js-yaml@4.1.0/node_modules/js-yaml/dist/js-yaml.mjs:1273:10)
    at throwError (file:///app/node_modules/.pnpm/js-yaml@4.1.0/node_modules/js-yaml/dist/js-yaml.mjs:1277:9)
    at readBlockMapping (file:///app/node_modules/.pnpm/js-yaml@4.1.0/node_modules/js-yaml/dist/js-yaml.mjs:2235:9)
    at composeNode (file:///app/node_modules/.pnpm/js-yaml@4.1.0/node_modules/js-yaml/dist/js-yaml.mjs:2531:12)
    at readDocument (file:///app/node_modules/.pnpm/js-yaml@4.1.0/node_modules/js-yaml/dist/js-yaml.mjs:2715:3)
    at loadDocuments (file:///app/node_modules/.pnpm/js-yaml@4.1.0/node_modules/js-yaml/dist/js-yaml.mjs:2778:5)
    at Object.load$1 [as load] (file:///app/node_modules/.pnpm/js-yaml@4.1.0/node_modules/js-yaml/dist/js-yaml.mjs:2804:19)
    at m (/app/.next/server/chunks/3131.js:1:4406)
    at K (/app/.next/server/pages/index.js:1:15387)
    at /app/node_modules/.pnpm/next@15.4.5_react-dom@18.3.1_react@18.3.1__react@18.3.1/node_modules/next/dist/compiled/next-server/pages.runtime.prod.js:12:4796
[2025-08-14T03:33:24.462Z] error: Failed to discover services, please check kubernetes.yaml for errors or remove example entries.
[2025-08-14T03:33:24.462Z] error: YAMLException: can not read a block mapping entry; a multiline key may not be an implicit key (42:7)

 39 | 假设您的 services.yaml 或 bookmarks.yaml 文 ...
 40 | 
 41 | 
 42 | layout:
------------^
 43 |   Media:
 44 |     style: row
[2025-08-14T03:33:24.469Z] error: Failed to load settings.yaml, please check for errors
[2025-08-14T03:33:24.469Z] error: YAMLException: can not read a block mapping entry; a multiline key may not be an implicit key (42:7)

 39 | 假设您的 services.yaml 或 bookmarks.yaml 文 ...
 40 | 
 41 | 
 42 | layout:
------------^
 43 |   Media:
 44 |     style: row
[2025-08-14T03:33:24.496Z] error: Failed to load settings.yaml, please check for errors
[2025-08-14T03:33:24.497Z] error: YAMLException: can not read a block mapping entry; a multiline key may not be an implicit key (42:7)

 39 | 假设您的 services.yaml 或 bookmarks.yaml 文 ...
 40 | 
 41 | 
 42 | layout:
------------^
 43 |   Media:
 44 |     style: row
[2025-08-14T03:33:24.528Z] error: YAMLException: can not read a block mapping entry; a multiline key may not be an implicit key (42:7)

 39 | 假设您的 services.yaml 或 bookmarks.yaml 文 ...
 40 | 
 41 | 
 42 | layout:
------------^
 43 |   Media:
 44 |     style: row
    at generateError (file:///app/node_modules/.pnpm/js-yaml@4.1.0/node_modules/js-yaml/dist/js-yaml.mjs:1273:10)
    at throwError (file:///app/node_modules/.pnpm/js-yaml@4.1.0/node_modules/js-yaml/dist/js-yaml.mjs:1277:9)
    at readBlockMapping (file:///app/node_modules/.pnpm/js-yaml@4.1.0/node_modules/js-yaml/dist/js-yaml.mjs:2235:9)
    at composeNode (file:///app/node_modules/.pnpm/js-yaml@4.1.0/node_modules/js-yaml/dist/js-yaml.mjs:2531:12)
    at readDocument (file:///app/node_modules/.pnpm/js-yaml@4.1.0/node_modules/js-yaml/dist/js-yaml.mjs:2715:3)
    at loadDocuments (file:///app/node_modules/.pnpm/js-yaml@4.1.0/node_modules/js-yaml/dist/js-yaml.mjs:2778:5)
    at Object.load$1 [as load] (file:///app/node_modules/.pnpm/js-yaml@4.1.0/node_modules/js-yaml/dist/js-yaml.mjs:2804:19)
    at m (/app/.next/server/chunks/3131.js:1:4406)
    at h (/app/.next/server/pages/site.webmanifest.js:1:11299)
    at /app/node_modules/.pnpm/next@15.4.5_react-dom@18.3.1_react@18.3.1__react@18.3.1/node_modules/next/dist/compiled/next-server/pages.runtime.prod.js:18:901
[2025-08-14T03:33:24.549Z] error: YAMLException: can not read a block mapping entry; a multiline key may not be an implicit key (42:7)

 39 | 假设您的 services.yaml 或 bookmarks.yaml 文 ...
 40 | 
 41 | 
 42 | layout:
------------^
 43 |   Media:
 44 |     style: row
    at generateError (file:///app/node_modules/.pnpm/js-yaml@4.1.0/node_modules/js-yaml/dist/js-yaml.mjs:1273:10)
    at throwError (file:///app/node_modules/.pnpm/js-yaml@4.1.0/node_modules/js-yaml/dist/js-yaml.mjs:1277:9)
    at readBlockMapping (file:///app/node_modules/.pnpm/js-yaml@4.1.0/node_modules/js-yaml/dist/js-yaml.mjs:2235:9)
    at composeNode (file:///app/node_modules/.pnpm/js-yaml@4.1.0/node_modules/js-yaml/dist/js-yaml.mjs:2531:12)
    at readDocument (file:///app/node_modules/.pnpm/js-yaml@4.1.0/node_modules/js-yaml/dist/js-yaml.mjs:2715:3)
    at loadDocuments (file:///app/node_modules/.pnpm/js-yaml@4.1.0/node_modules/js-yaml/dist/js-yaml.mjs:2778:5)
    at Object.load$1 [as load] (file:///app/node_modules/.pnpm/js-yaml@4.1.0/node_modules/js-yaml/dist/js-yaml.mjs:2804:19)
    at m (/app/.next/server/chunks/3131.js:1:4406)
    at h (/app/.next/server/pages/site.webmanifest.js:1:11299)
    at /app/node_modules/.pnpm/next@15.4.5_react-dom@18.3.1_react@18.3.1__react@18.3.1/node_modules/next/dist/compiled/next-server/pages.runtime.prod.js:18:901
[2025-08-14T03:42:55.606Z] error: Failed to discover services, please check kubernetes.yaml for errors or remove example entries.
[2025-08-14T03:42:55.607Z] error: YAMLException: can not read a block mapping entry; a multiline key may not be an implicit key (108:17)

 105 | 
 106 | 选项卡根据布局块中的顺序进行排序。如果组未指定选项卡（并且在其他组上设置了选项卡），则服务和书 ...
 107 | 
 108 | 可以通过访问 URL 末尾带有 #Group（名称小写和 URI 编码）的主页 URL 来直接 ...
-----------------------^
 109 | 
 110 | 例如，以下内容将创建四个选项卡：
[2025-08-14T03:42:55.620Z] error: Failed to load settings.yaml, please check for errors
[2025-08-14T03:42:55.620Z] error: YAMLException: can not read a block mapping entry; a multiline key may not be an implicit key (108:17)

 105 | 
 106 | 选项卡根据布局块中的顺序进行排序。如果组未指定选项卡（并且在其他组上设置了选项卡），则服务和书 ...
 107 | 
 108 | 可以通过访问 URL 末尾带有 #Group（名称小写和 URI 编码）的主页 URL 来直接 ...
-----------------------^
 109 | 
 110 | 例如，以下内容将创建四个选项卡：
[2025-08-14T03:42:55.622Z] error: Failed to load settings.yaml, please check for errors
[2025-08-14T03:42:55.622Z] error: YAMLException: can not read a block mapping entry; a multiline key may not be an implicit key (108:17)

 105 | 
 106 | 选项卡根据布局块中的顺序进行排序。如果组未指定选项卡（并且在其他组上设置了选项卡），则服务和书 ...
 107 | 
 108 | 可以通过访问 URL 末尾带有 #Group（名称小写和 URI 编码）的主页 URL 来直接 ...
-----------------------^
 109 | 
 110 | 例如，以下内容将创建四个选项卡：
[2025-08-14T03:42:55.659Z] error: <index> YAMLException: can not read a block mapping entry; a multiline key may not be an implicit key (108:17)

 105 | 
 106 | 选项卡根据布局块中的顺序进行排序。如果组未指定选项卡（并且在其他组上设置了选项卡），则服务和书 ...
 107 | 
 108 | 可以通过访问 URL 末尾带有 #Group（名称小写和 URI 编码）的主页 URL 来直接 ...
-----------------------^
 109 | 
 110 | 例如，以下内容将创建四个选项卡：
    at generateError (file:///app/node_modules/.pnpm/js-yaml@4.1.0/node_modules/js-yaml/dist/js-yaml.mjs:1273:10)
    at throwError (file:///app/node_modules/.pnpm/js-yaml@4.1.0/node_modules/js-yaml/dist/js-yaml.mjs:1277:9)
    at readBlockMapping (file:///app/node_modules/.pnpm/js-yaml@4.1.0/node_modules/js-yaml/dist/js-yaml.mjs:2235:9)
    at composeNode (file:///app/node_modules/.pnpm/js-yaml@4.1.0/node_modules/js-yaml/dist/js-yaml.mjs:2531:12)
    at readDocument (file:///app/node_modules/.pnpm/js-yaml@4.1.0/node_modules/js-yaml/dist/js-yaml.mjs:2715:3)
    at loadDocuments (file:///app/node_modules/.pnpm/js-yaml@4.1.0/node_modules/js-yaml/dist/js-yaml.mjs:2778:5)
    at Object.load$1 [as load] (file:///app/node_modules/.pnpm/js-yaml@4.1.0/node_modules/js-yaml/dist/js-yaml.mjs:2804:19)
    at m (/app/.next/server/chunks/3131.js:1:4406)
    at K (/app/.next/server/pages/index.js:1:15387)
    at /app/node_modules/.pnpm/next@15.4.5_react-dom@18.3.1_react@18.3.1__react@18.3.1/node_modules/next/dist/compiled/next-server/pages.runtime.prod.js:12:4796
[2025-08-14T03:42:55.970Z] error: Failed to load settings.yaml, please check for errors
[2025-08-14T03:42:55.970Z] error: YAMLException: can not read a block mapping entry; a multiline key may not be an implicit key (108:17)

 105 | 
 106 | 选项卡根据布局块中的顺序进行排序。如果组未指定选项卡（并且在其他组上设置了选项卡），则服务和书 ...
 107 | 
 108 | 可以通过访问 URL 末尾带有 #Group（名称小写和 URI 编码）的主页 URL 来直接 ...
-----------------------^
 109 | 
 110 | 例如，以下内容将创建四个选项卡：
[2025-08-14T03:42:55.971Z] error: Failed to discover services, please check kubernetes.yaml for errors or remove example entries.
[2025-08-14T03:42:55.972Z] error: YAMLException: can not read a block mapping entry; a multiline key may not be an implicit key (108:17)

 105 | 
 106 | 选项卡根据布局块中的顺序进行排序。如果组未指定选项卡（并且在其他组上设置了选项卡），则服务和书 ...
 107 | 
 108 | 可以通过访问 URL 末尾带有 #Group（名称小写和 URI 编码）的主页 URL 来直接 ...
-----------------------^
 109 | 
 110 | 例如，以下内容将创建四个选项卡：
[2025-08-14T03:42:55.973Z] error: Failed to load settings.yaml, please check for errors
[2025-08-14T03:42:55.973Z] error: YAMLException: can not read a block mapping entry; a multiline key may not be an implicit key (108:17)

 105 | 
 106 | 选项卡根据布局块中的顺序进行排序。如果组未指定选项卡（并且在其他组上设置了选项卡），则服务和书 ...
 107 | 
 108 | 可以通过访问 URL 末尾带有 #Group（名称小写和 URI 编码）的主页 URL 来直接 ...
-----------------------^
 109 | 
 110 | 例如，以下内容将创建四个选项卡：
[2025-08-14T03:42:56.030Z] error: YAMLException: can not read a block mapping entry; a multiline key may not be an implicit key (108:17)

 105 | 
 106 | 选项卡根据布局块中的顺序进行排序。如果组未指定选项卡（并且在其他组上设置了选项卡），则服务和书 ...
 107 | 
 108 | 可以通过访问 URL 末尾带有 #Group（名称小写和 URI 编码）的主页 URL 来直接 ...
-----------------------^
 109 | 
 110 | 例如，以下内容将创建四个选项卡：
    at generateError (file:///app/node_modules/.pnpm/js-yaml@4.1.0/node_modules/js-yaml/dist/js-yaml.mjs:1273:10)
    at throwError (file:///app/node_modules/.pnpm/js-yaml@4.1.0/node_modules/js-yaml/dist/js-yaml.mjs:1277:9)
    at readBlockMapping (file:///app/node_modules/.pnpm/js-yaml@4.1.0/node_modules/js-yaml/dist/js-yaml.mjs:2235:9)
    at composeNode (file:///app/node_modules/.pnpm/js-yaml@4.1.0/node_modules/js-yaml/dist/js-yaml.mjs:2531:12)
    at readDocument (file:///app/node_modules/.pnpm/js-yaml@4.1.0/node_modules/js-yaml/dist/js-yaml.mjs:2715:3)
    at loadDocuments (file:///app/node_modules/.pnpm/js-yaml@4.1.0/node_modules/js-yaml/dist/js-yaml.mjs:2778:5)
    at Object.load$1 [as load] (file:///app/node_modules/.pnpm/js-yaml@4.1.0/node_modules/js-yaml/dist/js-yaml.mjs:2804:19)
    at m (/app/.next/server/chunks/3131.js:1:4406)
    at h (/app/.next/server/pages/site.webmanifest.js:1:11299)
    at /app/node_modules/.pnpm/next@15.4.5_react-dom@18.3.1_react@18.3.1__react@18.3.1/node_modules/next/dist/compiled/next-server/pages.runtime.prod.js:18:901
[2025-08-14T03:42:56.035Z] error: YAMLException: can not read a block mapping entry; a multiline key may not be an implicit key (108:17)

 105 | 
 106 | 选项卡根据布局块中的顺序进行排序。如果组未指定选项卡（并且在其他组上设置了选项卡），则服务和书 ...
 107 | 
 108 | 可以通过访问 URL 末尾带有 #Group（名称小写和 URI 编码）的主页 URL 来直接 ...
-----------------------^
 109 | 
 110 | 例如，以下内容将创建四个选项卡：
    at generateError (file:///app/node_modules/.pnpm/js-yaml@4.1.0/node_modules/js-yaml/dist/js-yaml.mjs:1273:10)
    at throwError (file:///app/node_modules/.pnpm/js-yaml@4.1.0/node_modules/js-yaml/dist/js-yaml.mjs:1277:9)
    at readBlockMapping (file:///app/node_modules/.pnpm/js-yaml@4.1.0/node_modules/js-yaml/dist/js-yaml.mjs:2235:9)
    at composeNode (file:///app/node_modules/.pnpm/js-yaml@4.1.0/node_modules/js-yaml/dist/js-yaml.mjs:2531:12)
    at readDocument (file:///app/node_modules/.pnpm/js-yaml@4.1.0/node_modules/js-yaml/dist/js-yaml.mjs:2715:3)
    at loadDocuments (file:///app/node_modules/.pnpm/js-yaml@4.1.0/node_modules/js-yaml/dist/js-yaml.mjs:2778:5)
    at Object.load$1 [as load] (file:///app/node_modules/.pnpm/js-yaml@4.1.0/node_modules/js-yaml/dist/js-yaml.mjs:2804:19)
    at m (/app/.next/server/chunks/3131.js:1:4406)
    at h (/app/.next/server/pages/site.webmanifest.js:1:11299)
    at /app/node_modules/.pnpm/next@15.4.5_react-dom@18.3.1_react@18.3.1__react@18.3.1/node_modules/next/dist/compiled/next-server/pages.runtime.prod.js:18:901
[2025-08-18T09:35:00.335Z] error: Failed to discover services, please check kubernetes.yaml for errors or remove example entries.
[2025-08-18T09:35:00.337Z] error: YAMLException: duplicated mapping key (155:1)

 152 | # 为 services 启用等高的卡片，这将使一行中的所有卡 ...
 153 | # 全局设置
 154 | useEqualHeights: true
 155 | useEqualHeights: false
-------^
 156 | layout:
 157 |   ...
[2025-08-18T09:35:00.340Z] error: Failed to load settings.yaml, please check for errors
[2025-08-18T09:35:00.341Z] error: YAMLException: duplicated mapping key (155:1)

 152 | # 为 services 启用等高的卡片，这将使一行中的所有卡 ...
 153 | # 全局设置
 154 | useEqualHeights: true
 155 | useEqualHeights: false
-------^
 156 | layout:
 157 |   ...
[2025-08-18T09:35:00.361Z] error: Failed to load settings.yaml, please check for errors
[2025-08-18T09:35:00.361Z] error: YAMLException: duplicated mapping key (155:1)

 152 | # 为 services 启用等高的卡片，这将使一行中的所有卡 ...
 153 | # 全局设置
 154 | useEqualHeights: true
 155 | useEqualHeights: false
-------^
 156 | layout:
 157 |   ...
[2025-08-18T09:35:00.417Z] error: <index> YAMLException: duplicated mapping key (155:1)

 152 | # 为 services 启用等高的卡片，这将使一行中的所有卡 ...
 153 | # 全局设置
 154 | useEqualHeights: true
 155 | useEqualHeights: false
-------^
 156 | layout:
 157 |   ...
    at generateError (file:///app/node_modules/.pnpm/js-yaml@4.1.0/node_modules/js-yaml/dist/js-yaml.mjs:1273:10)
    at throwError (file:///app/node_modules/.pnpm/js-yaml@4.1.0/node_modules/js-yaml/dist/js-yaml.mjs:1277:9)
    at storeMappingPair (file:///app/node_modules/.pnpm/js-yaml@4.1.0/node_modules/js-yaml/dist/js-yaml.mjs:1448:7)
    at readBlockMapping (file:///app/node_modules/.pnpm/js-yaml@4.1.0/node_modules/js-yaml/dist/js-yaml.mjs:2263:9)
    at composeNode (file:///app/node_modules/.pnpm/js-yaml@4.1.0/node_modules/js-yaml/dist/js-yaml.mjs:2531:12)
    at readDocument (file:///app/node_modules/.pnpm/js-yaml@4.1.0/node_modules/js-yaml/dist/js-yaml.mjs:2715:3)
    at loadDocuments (file:///app/node_modules/.pnpm/js-yaml@4.1.0/node_modules/js-yaml/dist/js-yaml.mjs:2778:5)
    at Object.load$1 [as load] (file:///app/node_modules/.pnpm/js-yaml@4.1.0/node_modules/js-yaml/dist/js-yaml.mjs:2804:19)
    at m (/app/.next/server/chunks/3131.js:1:4406)
    at K (/app/.next/server/pages/index.js:1:15387)
[2025-08-18T09:35:00.708Z] error: Failed to discover services, please check kubernetes.yaml for errors or remove example entries.
[2025-08-18T09:35:00.708Z] error: YAMLException: duplicated mapping key (155:1)

 152 | # 为 services 启用等高的卡片，这将使一行中的所有卡 ...
 153 | # 全局设置
 154 | useEqualHeights: true
 155 | useEqualHeights: false
-------^
 156 | layout:
 157 |   ...
[2025-08-18T09:35:00.711Z] error: Failed to load settings.yaml, please check for errors
[2025-08-18T09:35:00.711Z] error: YAMLException: duplicated mapping key (155:1)

 152 | # 为 services 启用等高的卡片，这将使一行中的所有卡 ...
 153 | # 全局设置
 154 | useEqualHeights: true
 155 | useEqualHeights: false
-------^
 156 | layout:
 157 |   ...
[2025-08-18T09:35:00.727Z] error: Failed to load settings.yaml, please check for errors
[2025-08-18T09:35:00.727Z] error: YAMLException: duplicated mapping key (155:1)

 152 | # 为 services 启用等高的卡片，这将使一行中的所有卡 ...
 153 | # 全局设置
 154 | useEqualHeights: true
 155 | useEqualHeights: false
-------^
 156 | layout:
 157 |   ...
[2025-08-18T09:35:00.767Z] error: YAMLException: duplicated mapping key (155:1)

 152 | # 为 services 启用等高的卡片，这将使一行中的所有卡 ...
 153 | # 全局设置
 154 | useEqualHeights: true
 155 | useEqualHeights: false
-------^
 156 | layout:
 157 |   ...
    at generateError (file:///app/node_modules/.pnpm/js-yaml@4.1.0/node_modules/js-yaml/dist/js-yaml.mjs:1273:10)
    at throwError (file:///app/node_modules/.pnpm/js-yaml@4.1.0/node_modules/js-yaml/dist/js-yaml.mjs:1277:9)
    at storeMappingPair (file:///app/node_modules/.pnpm/js-yaml@4.1.0/node_modules/js-yaml/dist/js-yaml.mjs:1448:7)
    at readBlockMapping (file:///app/node_modules/.pnpm/js-yaml@4.1.0/node_modules/js-yaml/dist/js-yaml.mjs:2263:9)
    at composeNode (file:///app/node_modules/.pnpm/js-yaml@4.1.0/node_modules/js-yaml/dist/js-yaml.mjs:2531:12)
    at readDocument (file:///app/node_modules/.pnpm/js-yaml@4.1.0/node_modules/js-yaml/dist/js-yaml.mjs:2715:3)
    at loadDocuments (file:///app/node_modules/.pnpm/js-yaml@4.1.0/node_modules/js-yaml/dist/js-yaml.mjs:2778:5)
    at Object.load$1 [as load] (file:///app/node_modules/.pnpm/js-yaml@4.1.0/node_modules/js-yaml/dist/js-yaml.mjs:2804:19)
    at m (/app/.next/server/chunks/3131.js:1:4406)
    at h (/app/.next/server/pages/site.webmanifest.js:1:11299)
[2025-08-18T09:35:00.782Z] error: YAMLException: duplicated mapping key (155:1)

 152 | # 为 services 启用等高的卡片，这将使一行中的所有卡 ...
 153 | # 全局设置
 154 | useEqualHeights: true
 155 | useEqualHeights: false
-------^
 156 | layout:
 157 |   ...
    at generateError (file:///app/node_modules/.pnpm/js-yaml@4.1.0/node_modules/js-yaml/dist/js-yaml.mjs:1273:10)
    at throwError (file:///app/node_modules/.pnpm/js-yaml@4.1.0/node_modules/js-yaml/dist/js-yaml.mjs:1277:9)
    at storeMappingPair (file:///app/node_modules/.pnpm/js-yaml@4.1.0/node_modules/js-yaml/dist/js-yaml.mjs:1448:7)
    at readBlockMapping (file:///app/node_modules/.pnpm/js-yaml@4.1.0/node_modules/js-yaml/dist/js-yaml.mjs:2263:9)
    at composeNode (file:///app/node_modules/.pnpm/js-yaml@4.1.0/node_modules/js-yaml/dist/js-yaml.mjs:2531:12)
    at readDocument (file:///app/node_modules/.pnpm/js-yaml@4.1.0/node_modules/js-yaml/dist/js-yaml.mjs:2715:3)
    at loadDocuments (file:///app/node_modules/.pnpm/js-yaml@4.1.0/node_modules/js-yaml/dist/js-yaml.mjs:2778:5)
    at Object.load$1 [as load] (file:///app/node_modules/.pnpm/js-yaml@4.1.0/node_modules/js-yaml/dist/js-yaml.mjs:2804:19)
    at m (/app/.next/server/chunks/3131.js:1:4406)
    at h (/app/.next/server/pages/site.webmanifest.js:1:11299)
[2025-08-18T09:57:01.661Z] error: Failed to discover services, please check kubernetes.yaml for errors or remove example entries.
[2025-08-18T09:57:01.662Z] error: YAMLException: duplicated mapping key (223:1)

 220 |   # google, duckduckgo, bing, b ...
 221 |   provider: bing 
 222 | 
 223 | quicklaunch:
-------^
 224 |   provider: custom
 225 |   url: https://www.ecosia.org/s ...
[2025-08-18T09:57:01.664Z] error: Failed to load settings.yaml, please check for errors
[2025-08-18T09:57:01.664Z] error: YAMLException: duplicated mapping key (223:1)

 220 |   # google, duckduckgo, bing, b ...
 221 |   provider: bing 
 222 | 
 223 | quicklaunch:
-------^
 224 |   provider: custom
 225 |   url: https://www.ecosia.org/s ...
[2025-08-18T09:57:01.668Z] error: Failed to load settings.yaml, please check for errors
[2025-08-18T09:57:01.669Z] error: YAMLException: duplicated mapping key (223:1)

 220 |   # google, duckduckgo, bing, b ...
 221 |   provider: bing 
 222 | 
 223 | quicklaunch:
-------^
 224 |   provider: custom
 225 |   url: https://www.ecosia.org/s ...
[2025-08-18T09:57:01.744Z] error: <index> YAMLException: duplicated mapping key (223:1)

 220 |   # google, duckduckgo, bing, b ...
 221 |   provider: bing 
 222 | 
 223 | quicklaunch:
-------^
 224 |   provider: custom
 225 |   url: https://www.ecosia.org/s ...
    at generateError (file:///app/node_modules/.pnpm/js-yaml@4.1.0/node_modules/js-yaml/dist/js-yaml.mjs:1273:10)
    at throwError (file:///app/node_modules/.pnpm/js-yaml@4.1.0/node_modules/js-yaml/dist/js-yaml.mjs:1277:9)
    at storeMappingPair (file:///app/node_modules/.pnpm/js-yaml@4.1.0/node_modules/js-yaml/dist/js-yaml.mjs:1448:7)
    at readBlockMapping (file:///app/node_modules/.pnpm/js-yaml@4.1.0/node_modules/js-yaml/dist/js-yaml.mjs:2263:9)
    at composeNode (file:///app/node_modules/.pnpm/js-yaml@4.1.0/node_modules/js-yaml/dist/js-yaml.mjs:2531:12)
    at readDocument (file:///app/node_modules/.pnpm/js-yaml@4.1.0/node_modules/js-yaml/dist/js-yaml.mjs:2715:3)
    at loadDocuments (file:///app/node_modules/.pnpm/js-yaml@4.1.0/node_modules/js-yaml/dist/js-yaml.mjs:2778:5)
    at Object.load$1 [as load] (file:///app/node_modules/.pnpm/js-yaml@4.1.0/node_modules/js-yaml/dist/js-yaml.mjs:2804:19)
    at m (/app/.next/server/chunks/3131.js:1:4406)
    at K (/app/.next/server/pages/index.js:1:15387)
[2025-08-18T09:57:01.816Z] error: YAMLException: duplicated mapping key (223:1)

 220 |   # google, duckduckgo, bing, b ...
 221 |   provider: bing 
 222 | 
 223 | quicklaunch:
-------^
 224 |   provider: custom
 225 |   url: https://www.ecosia.org/s ...
    at generateError (file:///app/node_modules/.pnpm/js-yaml@4.1.0/node_modules/js-yaml/dist/js-yaml.mjs:1273:10)
    at throwError (file:///app/node_modules/.pnpm/js-yaml@4.1.0/node_modules/js-yaml/dist/js-yaml.mjs:1277:9)
    at storeMappingPair (file:///app/node_modules/.pnpm/js-yaml@4.1.0/node_modules/js-yaml/dist/js-yaml.mjs:1448:7)
    at readBlockMapping (file:///app/node_modules/.pnpm/js-yaml@4.1.0/node_modules/js-yaml/dist/js-yaml.mjs:2263:9)
    at composeNode (file:///app/node_modules/.pnpm/js-yaml@4.1.0/node_modules/js-yaml/dist/js-yaml.mjs:2531:12)
    at readDocument (file:///app/node_modules/.pnpm/js-yaml@4.1.0/node_modules/js-yaml/dist/js-yaml.mjs:2715:3)
    at loadDocuments (file:///app/node_modules/.pnpm/js-yaml@4.1.0/node_modules/js-yaml/dist/js-yaml.mjs:2778:5)
    at Object.load$1 [as load] (file:///app/node_modules/.pnpm/js-yaml@4.1.0/node_modules/js-yaml/dist/js-yaml.mjs:2804:19)
    at m (/app/.next/server/chunks/3131.js:1:4406)
    at h (/app/.next/server/pages/site.webmanifest.js:1:11299)
[2025-08-18T09:57:01.838Z] error: YAMLException: duplicated mapping key (223:1)

 220 |   # google, duckduckgo, bing, b ...
 221 |   provider: bing 
 222 | 
 223 | quicklaunch:
-------^
 224 |   provider: custom
 225 |   url: https://www.ecosia.org/s ...
    at generateError (file:///app/node_modules/.pnpm/js-yaml@4.1.0/node_modules/js-yaml/dist/js-yaml.mjs:1273:10)
    at throwError (file:///app/node_modules/.pnpm/js-yaml@4.1.0/node_modules/js-yaml/dist/js-yaml.mjs:1277:9)
    at storeMappingPair (file:///app/node_modules/.pnpm/js-yaml@4.1.0/node_modules/js-yaml/dist/js-yaml.mjs:1448:7)
    at readBlockMapping (file:///app/node_modules/.pnpm/js-yaml@4.1.0/node_modules/js-yaml/dist/js-yaml.mjs:2263:9)
    at composeNode (file:///app/node_modules/.pnpm/js-yaml@4.1.0/node_modules/js-yaml/dist/js-yaml.mjs:2531:12)
    at readDocument (file:///app/node_modules/.pnpm/js-yaml@4.1.0/node_modules/js-yaml/dist/js-yaml.mjs:2715:3)
    at loadDocuments (file:///app/node_modules/.pnpm/js-yaml@4.1.0/node_modules/js-yaml/dist/js-yaml.mjs:2778:5)
    at Object.load$1 [as load] (file:///app/node_modules/.pnpm/js-yaml@4.1.0/node_modules/js-yaml/dist/js-yaml.mjs:2804:19)
    at m (/app/.next/server/chunks/3131.js:1:4406)
    at h (/app/.next/server/pages/site.webmanifest.js:1:11299)
[2025-08-18T09:57:02.113Z] error: Failed to discover services, please check kubernetes.yaml for errors or remove example entries.
[2025-08-18T09:57:02.113Z] error: YAMLException: duplicated mapping key (223:1)

 220 |   # google, duckduckgo, bing, b ...
 221 |   provider: bing 
 222 | 
 223 | quicklaunch:
-------^
 224 |   provider: custom
 225 |   url: https://www.ecosia.org/s ...
[2025-08-18T09:57:02.125Z] error: Failed to load settings.yaml, please check for errors
[2025-08-18T09:57:02.126Z] error: YAMLException: duplicated mapping key (223:1)

 220 |   # google, duckduckgo, bing, b ...
 221 |   provider: bing 
 222 | 
 223 | quicklaunch:
-------^
 224 |   provider: custom
 225 |   url: https://www.ecosia.org/s ...
[2025-08-18T09:57:02.137Z] error: Failed to load settings.yaml, please check for errors
[2025-08-18T09:57:02.137Z] error: YAMLException: duplicated mapping key (223:1)

 220 |   # google, duckduckgo, bing, b ...
 221 |   provider: bing 
 222 | 
 223 | quicklaunch:
-------^
 224 |   provider: custom
 225 |   url: https://www.ecosia.org/s ...
[2025-08-18T09:57:02.148Z] error: YAMLException: duplicated mapping key (223:1)

 220 |   # google, duckduckgo, bing, b ...
 221 |   provider: bing 
 222 | 
 223 | quicklaunch:
-------^
 224 |   provider: custom
 225 |   url: https://www.ecosia.org/s ...
    at generateError (file:///app/node_modules/.pnpm/js-yaml@4.1.0/node_modules/js-yaml/dist/js-yaml.mjs:1273:10)
    at throwError (file:///app/node_modules/.pnpm/js-yaml@4.1.0/node_modules/js-yaml/dist/js-yaml.mjs:1277:9)
    at storeMappingPair (file:///app/node_modules/.pnpm/js-yaml@4.1.0/node_modules/js-yaml/dist/js-yaml.mjs:1448:7)
    at readBlockMapping (file:///app/node_modules/.pnpm/js-yaml@4.1.0/node_modules/js-yaml/dist/js-yaml.mjs:2263:9)
    at composeNode (file:///app/node_modules/.pnpm/js-yaml@4.1.0/node_modules/js-yaml/dist/js-yaml.mjs:2531:12)
    at readDocument (file:///app/node_modules/.pnpm/js-yaml@4.1.0/node_modules/js-yaml/dist/js-yaml.mjs:2715:3)
    at loadDocuments (file:///app/node_modules/.pnpm/js-yaml@4.1.0/node_modules/js-yaml/dist/js-yaml.mjs:2778:5)
    at Object.load$1 [as load] (file:///app/node_modules/.pnpm/js-yaml@4.1.0/node_modules/js-yaml/dist/js-yaml.mjs:2804:19)
    at m (/app/.next/server/chunks/3131.js:1:4406)
    at h (/app/.next/server/pages/site.webmanifest.js:1:11299)
[2025-08-18T09:57:02.158Z] error: YAMLException: duplicated mapping key (223:1)

 220 |   # google, duckduckgo, bing, b ...
 221 |   provider: bing 
 222 | 
 223 | quicklaunch:
-------^
 224 |   provider: custom
 225 |   url: https://www.ecosia.org/s ...
    at generateError (file:///app/node_modules/.pnpm/js-yaml@4.1.0/node_modules/js-yaml/dist/js-yaml.mjs:1273:10)
    at throwError (file:///app/node_modules/.pnpm/js-yaml@4.1.0/node_modules/js-yaml/dist/js-yaml.mjs:1277:9)
    at storeMappingPair (file:///app/node_modules/.pnpm/js-yaml@4.1.0/node_modules/js-yaml/dist/js-yaml.mjs:1448:7)
    at readBlockMapping (file:///app/node_modules/.pnpm/js-yaml@4.1.0/node_modules/js-yaml/dist/js-yaml.mjs:2263:9)
    at composeNode (file:///app/node_modules/.pnpm/js-yaml@4.1.0/node_modules/js-yaml/dist/js-yaml.mjs:2531:12)
    at readDocument (file:///app/node_modules/.pnpm/js-yaml@4.1.0/node_modules/js-yaml/dist/js-yaml.mjs:2715:3)
    at loadDocuments (file:///app/node_modules/.pnpm/js-yaml@4.1.0/node_modules/js-yaml/dist/js-yaml.mjs:2778:5)
    at Object.load$1 [as load] (file:///app/node_modules/.pnpm/js-yaml@4.1.0/node_modules/js-yaml/dist/js-yaml.mjs:2804:19)
    at m (/app/.next/server/chunks/3131.js:1:4406)
    at h (/app/.next/server/pages/site.webmanifest.js:1:11299)
[2025-08-18T09:57:05.240Z] error: Failed to discover services, please check kubernetes.yaml for errors or remove example entries.
[2025-08-18T09:57:05.241Z] error: YAMLException: duplicated mapping key (223:1)

 220 |   # google, duckduckgo, bing, b ...
 221 |   provider: bing 
 222 | 
 223 | quicklaunch:
-------^
 224 |   provider: custom
 225 |   url: https://www.ecosia.org/s ...
[2025-08-18T09:57:05.243Z] error: Failed to load settings.yaml, please check for errors
[2025-08-18T09:57:05.243Z] error: YAMLException: duplicated mapping key (223:1)

 220 |   # google, duckduckgo, bing, b ...
 221 |   provider: bing 
 222 | 
 223 | quicklaunch:
-------^
 224 |   provider: custom
 225 |   url: https://www.ecosia.org/s ...
[2025-08-18T09:57:05.343Z] error: YAMLException: duplicated mapping key (223:1)

 220 |   # google, duckduckgo, bing, b ...
 221 |   provider: bing 
 222 | 
 223 | quicklaunch:
-------^
 224 |   provider: custom
 225 |   url: https://www.ecosia.org/s ...
    at generateError (file:///app/node_modules/.pnpm/js-yaml@4.1.0/node_modules/js-yaml/dist/js-yaml.mjs:1273:10)
    at throwError (file:///app/node_modules/.pnpm/js-yaml@4.1.0/node_modules/js-yaml/dist/js-yaml.mjs:1277:9)
    at storeMappingPair (file:///app/node_modules/.pnpm/js-yaml@4.1.0/node_modules/js-yaml/dist/js-yaml.mjs:1448:7)
    at readBlockMapping (file:///app/node_modules/.pnpm/js-yaml@4.1.0/node_modules/js-yaml/dist/js-yaml.mjs:2263:9)
    at composeNode (file:///app/node_modules/.pnpm/js-yaml@4.1.0/node_modules/js-yaml/dist/js-yaml.mjs:2531:12)
    at readDocument (file:///app/node_modules/.pnpm/js-yaml@4.1.0/node_modules/js-yaml/dist/js-yaml.mjs:2715:3)
    at loadDocuments (file:///app/node_modules/.pnpm/js-yaml@4.1.0/node_modules/js-yaml/dist/js-yaml.mjs:2778:5)
    at Object.load$1 [as load] (file:///app/node_modules/.pnpm/js-yaml@4.1.0/node_modules/js-yaml/dist/js-yaml.mjs:2804:19)
    at m (/app/.next/server/chunks/3131.js:1:4406)
    at h (/app/.next/server/pages/site.webmanifest.js:1:11299)
[2025-08-18T09:57:05.352Z] error: YAMLException: duplicated mapping key (223:1)

 220 |   # google, duckduckgo, bing, b ...
 221 |   provider: bing 
 222 | 
 223 | quicklaunch:
-------^
 224 |   provider: custom
 225 |   url: https://www.ecosia.org/s ...
    at generateError (file:///app/node_modules/.pnpm/js-yaml@4.1.0/node_modules/js-yaml/dist/js-yaml.mjs:1273:10)
    at throwError (file:///app/node_modules/.pnpm/js-yaml@4.1.0/node_modules/js-yaml/dist/js-yaml.mjs:1277:9)
    at storeMappingPair (file:///app/node_modules/.pnpm/js-yaml@4.1.0/node_modules/js-yaml/dist/js-yaml.mjs:1448:7)
    at readBlockMapping (file:///app/node_modules/.pnpm/js-yaml@4.1.0/node_modules/js-yaml/dist/js-yaml.mjs:2263:9)
    at composeNode (file:///app/node_modules/.pnpm/js-yaml@4.1.0/node_modules/js-yaml/dist/js-yaml.mjs:2531:12)
    at readDocument (file:///app/node_modules/.pnpm/js-yaml@4.1.0/node_modules/js-yaml/dist/js-yaml.mjs:2715:3)
    at loadDocuments (file:///app/node_modules/.pnpm/js-yaml@4.1.0/node_modules/js-yaml/dist/js-yaml.mjs:2778:5)
    at Object.load$1 [as load] (file:///app/node_modules/.pnpm/js-yaml@4.1.0/node_modules/js-yaml/dist/js-yaml.mjs:2804:19)
    at m (/app/.next/server/chunks/3131.js:1:4406)
    at h (/app/.next/server/pages/site.webmanifest.js:1:11299)
[2025-08-18T09:57:05.479Z] error: Failed to load settings.yaml, please check for errors
[2025-08-18T09:57:05.479Z] error: YAMLException: duplicated mapping key (223:1)

 220 |   # google, duckduckgo, bing, b ...
 221 |   provider: bing 
 222 | 
 223 | quicklaunch:
-------^
 224 |   provider: custom
 225 |   url: https://www.ecosia.org/s ...
[2025-08-18T10:44:56.774Z] error: Failed to discover services, please check kubernetes.yaml for errors or remove example entries.
[2025-08-18T10:44:56.775Z] error: YAMLException: can not read a block mapping entry; a multiline key may not be an implicit key (238:1)

 235 | 
 236 | disableUpdateCheck：true
 237 | 
 238 | 
-------^
[2025-08-18T10:44:56.779Z] error: Failed to load settings.yaml, please check for errors
[2025-08-18T10:44:56.779Z] error: YAMLException: can not read a block mapping entry; a multiline key may not be an implicit key (238:1)

 235 | 
 236 | disableUpdateCheck：true
 237 | 
 238 | 
-------^
[2025-08-18T10:44:56.784Z] error: Failed to load settings.yaml, please check for errors
[2025-08-18T10:44:56.784Z] error: YAMLException: can not read a block mapping entry; a multiline key may not be an implicit key (238:1)

 235 | 
 236 | disableUpdateCheck：true
 237 | 
 238 | 
-------^
[2025-08-18T10:44:56.825Z] error: <index> YAMLException: can not read a block mapping entry; a multiline key may not be an implicit key (238:1)

 235 | 
 236 | disableUpdateCheck：true
 237 | 
 238 | 
-------^
    at generateError (file:///app/node_modules/.pnpm/js-yaml@4.1.0/node_modules/js-yaml/dist/js-yaml.mjs:1273:10)
    at throwError (file:///app/node_modules/.pnpm/js-yaml@4.1.0/node_modules/js-yaml/dist/js-yaml.mjs:1277:9)
    at readBlockMapping (file:///app/node_modules/.pnpm/js-yaml@4.1.0/node_modules/js-yaml/dist/js-yaml.mjs:2235:9)
    at composeNode (file:///app/node_modules/.pnpm/js-yaml@4.1.0/node_modules/js-yaml/dist/js-yaml.mjs:2531:12)
    at readDocument (file:///app/node_modules/.pnpm/js-yaml@4.1.0/node_modules/js-yaml/dist/js-yaml.mjs:2715:3)
    at loadDocuments (file:///app/node_modules/.pnpm/js-yaml@4.1.0/node_modules/js-yaml/dist/js-yaml.mjs:2778:5)
    at Object.load$1 [as load] (file:///app/node_modules/.pnpm/js-yaml@4.1.0/node_modules/js-yaml/dist/js-yaml.mjs:2804:19)
    at m (/app/.next/server/chunks/3131.js:1:4406)
    at K (/app/.next/server/pages/index.js:1:15387)
    at /app/node_modules/.pnpm/next@15.4.5_react-dom@18.3.1_react@18.3.1__react@18.3.1/node_modules/next/dist/compiled/next-server/pages.runtime.prod.js:12:4796
[2025-08-18T10:44:57.135Z] error: Failed to load settings.yaml, please check for errors
[2025-08-18T10:44:57.135Z] error: YAMLException: can not read a block mapping entry; a multiline key may not be an implicit key (238:1)

 235 | 
 236 | disableUpdateCheck：true
 237 | 
 238 | 
-------^
[2025-08-18T10:44:57.138Z] error: Failed to discover services, please check kubernetes.yaml for errors or remove example entries.
[2025-08-18T10:44:57.139Z] error: YAMLException: can not read a block mapping entry; a multiline key may not be an implicit key (238:1)

 235 | 
 236 | disableUpdateCheck：true
 237 | 
 238 | 
-------^
[2025-08-18T10:44:57.141Z] error: Failed to load settings.yaml, please check for errors
[2025-08-18T10:44:57.142Z] error: YAMLException: can not read a block mapping entry; a multiline key may not be an implicit key (238:1)

 235 | 
 236 | disableUpdateCheck：true
 237 | 
 238 | 
-------^
[2025-08-18T10:44:57.220Z] error: YAMLException: can not read a block mapping entry; a multiline key may not be an implicit key (238:1)

 235 | 
 236 | disableUpdateCheck：true
 237 | 
 238 | 
-------^
    at generateError (file:///app/node_modules/.pnpm/js-yaml@4.1.0/node_modules/js-yaml/dist/js-yaml.mjs:1273:10)
    at throwError (file:///app/node_modules/.pnpm/js-yaml@4.1.0/node_modules/js-yaml/dist/js-yaml.mjs:1277:9)
    at readBlockMapping (file:///app/node_modules/.pnpm/js-yaml@4.1.0/node_modules/js-yaml/dist/js-yaml.mjs:2235:9)
    at composeNode (file:///app/node_modules/.pnpm/js-yaml@4.1.0/node_modules/js-yaml/dist/js-yaml.mjs:2531:12)
    at readDocument (file:///app/node_modules/.pnpm/js-yaml@4.1.0/node_modules/js-yaml/dist/js-yaml.mjs:2715:3)
    at loadDocuments (file:///app/node_modules/.pnpm/js-yaml@4.1.0/node_modules/js-yaml/dist/js-yaml.mjs:2778:5)
    at Object.load$1 [as load] (file:///app/node_modules/.pnpm/js-yaml@4.1.0/node_modules/js-yaml/dist/js-yaml.mjs:2804:19)
    at m (/app/.next/server/chunks/3131.js:1:4406)
    at h (/app/.next/server/pages/site.webmanifest.js:1:11299)
    at /app/node_modules/.pnpm/next@15.4.5_react-dom@18.3.1_react@18.3.1__react@18.3.1/node_modules/next/dist/compiled/next-server/pages.runtime.prod.js:18:901
[2025-08-18T10:44:57.231Z] error: YAMLException: can not read a block mapping entry; a multiline key may not be an implicit key (238:1)

 235 | 
 236 | disableUpdateCheck：true
 237 | 
 238 | 
-------^
    at generateError (file:///app/node_modules/.pnpm/js-yaml@4.1.0/node_modules/js-yaml/dist/js-yaml.mjs:1273:10)
    at throwError (file:///app/node_modules/.pnpm/js-yaml@4.1.0/node_modules/js-yaml/dist/js-yaml.mjs:1277:9)
    at readBlockMapping (file:///app/node_modules/.pnpm/js-yaml@4.1.0/node_modules/js-yaml/dist/js-yaml.mjs:2235:9)
    at composeNode (file:///app/node_modules/.pnpm/js-yaml@4.1.0/node_modules/js-yaml/dist/js-yaml.mjs:2531:12)
    at readDocument (file:///app/node_modules/.pnpm/js-yaml@4.1.0/node_modules/js-yaml/dist/js-yaml.mjs:2715:3)
    at loadDocuments (file:///app/node_modules/.pnpm/js-yaml@4.1.0/node_modules/js-yaml/dist/js-yaml.mjs:2778:5)
    at Object.load$1 [as load] (file:///app/node_modules/.pnpm/js-yaml@4.1.0/node_modules/js-yaml/dist/js-yaml.mjs:2804:19)
    at m (/app/.next/server/chunks/3131.js:1:4406)
    at h (/app/.next/server/pages/site.webmanifest.js:1:11299)
    at /app/node_modules/.pnpm/next@15.4.5_react-dom@18.3.1_react@18.3.1__react@18.3.1/node_modules/next/dist/compiled/next-server/pages.runtime.prod.js:18:901
[2025-08-18T10:45:26.533Z] error: Failed to discover services, please check kubernetes.yaml for errors or remove example entries.
[2025-08-18T10:45:26.533Z] error: YAMLException: can not read a block mapping entry; a multiline key may not be an implicit key (235:1)

 232 | # 禁用从 GitHub 检查新版本（默认启用）
 233 | disableUpdateCheck：true
 234 | 
 235 | 
-------^
[2025-08-18T10:45:26.535Z] error: Failed to load settings.yaml, please check for errors
[2025-08-18T10:45:26.536Z] error: YAMLException: can not read a block mapping entry; a multiline key may not be an implicit key (235:1)

 232 | # 禁用从 GitHub 检查新版本（默认启用）
 233 | disableUpdateCheck：true
 234 | 
 235 | 
-------^
[2025-08-18T10:45:26.537Z] error: Failed to load settings.yaml, please check for errors
[2025-08-18T10:45:26.537Z] error: YAMLException: can not read a block mapping entry; a multiline key may not be an implicit key (235:1)

 232 | # 禁用从 GitHub 检查新版本（默认启用）
 233 | disableUpdateCheck：true
 234 | 
 235 | 
-------^
[2025-08-18T10:45:26.567Z] error: <index> YAMLException: can not read a block mapping entry; a multiline key may not be an implicit key (235:1)

 232 | # 禁用从 GitHub 检查新版本（默认启用）
 233 | disableUpdateCheck：true
 234 | 
 235 | 
-------^
    at generateError (file:///app/node_modules/.pnpm/js-yaml@4.1.0/node_modules/js-yaml/dist/js-yaml.mjs:1273:10)
    at throwError (file:///app/node_modules/.pnpm/js-yaml@4.1.0/node_modules/js-yaml/dist/js-yaml.mjs:1277:9)
    at readBlockMapping (file:///app/node_modules/.pnpm/js-yaml@4.1.0/node_modules/js-yaml/dist/js-yaml.mjs:2235:9)
    at composeNode (file:///app/node_modules/.pnpm/js-yaml@4.1.0/node_modules/js-yaml/dist/js-yaml.mjs:2531:12)
    at readDocument (file:///app/node_modules/.pnpm/js-yaml@4.1.0/node_modules/js-yaml/dist/js-yaml.mjs:2715:3)
    at loadDocuments (file:///app/node_modules/.pnpm/js-yaml@4.1.0/node_modules/js-yaml/dist/js-yaml.mjs:2778:5)
    at Object.load$1 [as load] (file:///app/node_modules/.pnpm/js-yaml@4.1.0/node_modules/js-yaml/dist/js-yaml.mjs:2804:19)
    at m (/app/.next/server/chunks/3131.js:1:4406)
    at K (/app/.next/server/pages/index.js:1:15387)
    at /app/node_modules/.pnpm/next@15.4.5_react-dom@18.3.1_react@18.3.1__react@18.3.1/node_modules/next/dist/compiled/next-server/pages.runtime.prod.js:12:4796
[2025-08-18T10:45:26.854Z] error: YAMLException: can not read a block mapping entry; a multiline key may not be an implicit key (235:1)

 232 | # 禁用从 GitHub 检查新版本（默认启用）
 233 | disableUpdateCheck：true
 234 | 
 235 | 
-------^
    at generateError (file:///app/node_modules/.pnpm/js-yaml@4.1.0/node_modules/js-yaml/dist/js-yaml.mjs:1273:10)
    at throwError (file:///app/node_modules/.pnpm/js-yaml@4.1.0/node_modules/js-yaml/dist/js-yaml.mjs:1277:9)
    at readBlockMapping (file:///app/node_modules/.pnpm/js-yaml@4.1.0/node_modules/js-yaml/dist/js-yaml.mjs:2235:9)
    at composeNode (file:///app/node_modules/.pnpm/js-yaml@4.1.0/node_modules/js-yaml/dist/js-yaml.mjs:2531:12)
    at readDocument (file:///app/node_modules/.pnpm/js-yaml@4.1.0/node_modules/js-yaml/dist/js-yaml.mjs:2715:3)
    at loadDocuments (file:///app/node_modules/.pnpm/js-yaml@4.1.0/node_modules/js-yaml/dist/js-yaml.mjs:2778:5)
    at Object.load$1 [as load] (file:///app/node_modules/.pnpm/js-yaml@4.1.0/node_modules/js-yaml/dist/js-yaml.mjs:2804:19)
    at m (/app/.next/server/chunks/3131.js:1:4406)
    at h (/app/.next/server/pages/site.webmanifest.js:1:11299)
    at /app/node_modules/.pnpm/next@15.4.5_react-dom@18.3.1_react@18.3.1__react@18.3.1/node_modules/next/dist/compiled/next-server/pages.runtime.prod.js:18:901
[2025-08-18T10:45:26.862Z] error: YAMLException: can not read a block mapping entry; a multiline key may not be an implicit key (235:1)

 232 | # 禁用从 GitHub 检查新版本（默认启用）
 233 | disableUpdateCheck：true
 234 | 
 235 | 
-------^
    at generateError (file:///app/node_modules/.pnpm/js-yaml@4.1.0/node_modules/js-yaml/dist/js-yaml.mjs:1273:10)
    at throwError (file:///app/node_modules/.pnpm/js-yaml@4.1.0/node_modules/js-yaml/dist/js-yaml.mjs:1277:9)
    at readBlockMapping (file:///app/node_modules/.pnpm/js-yaml@4.1.0/node_modules/js-yaml/dist/js-yaml.mjs:2235:9)
    at composeNode (file:///app/node_modules/.pnpm/js-yaml@4.1.0/node_modules/js-yaml/dist/js-yaml.mjs:2531:12)
    at readDocument (file:///app/node_modules/.pnpm/js-yaml@4.1.0/node_modules/js-yaml/dist/js-yaml.mjs:2715:3)
    at loadDocuments (file:///app/node_modules/.pnpm/js-yaml@4.1.0/node_modules/js-yaml/dist/js-yaml.mjs:2778:5)
    at Object.load$1 [as load] (file:///app/node_modules/.pnpm/js-yaml@4.1.0/node_modules/js-yaml/dist/js-yaml.mjs:2804:19)
    at m (/app/.next/server/chunks/3131.js:1:4406)
    at h (/app/.next/server/pages/site.webmanifest.js:1:11299)
    at /app/node_modules/.pnpm/next@15.4.5_react-dom@18.3.1_react@18.3.1__react@18.3.1/node_modules/next/dist/compiled/next-server/pages.runtime.prod.js:18:901
[2025-08-18T11:00:36.422Z] error: Failed to load widgets, please check widgets.yaml for errors or remove example entries.
[2025-08-18T11:00:36.424Z] error: undefined
[2025-08-18T11:00:36.576Z] error: Failed to load widgets, please check widgets.yaml for errors or remove example entries.
[2025-08-18T11:00:36.576Z] error: undefined
[2025-08-18T11:00:36.880Z] error: Failed to load widgets, please check widgets.yaml for errors or remove example entries.
[2025-08-18T11:00:36.880Z] error: undefined
[2025-08-19T23:46:13.018Z] error: Host validation failed for: 38.22.95.121:3030. Hint: Set the HOMEPAGE_ALLOWED_HOSTS environment variable to allow requests from this host / port.
[2025-08-19T23:54:23.160Z] error: Host validation failed for: 38.22.95.121:3030. Hint: Set the HOMEPAGE_ALLOWED_HOSTS environment variable to allow requests from this host / port.
[2025-08-20T01:58:32.589Z] error: Failed to load services.yaml, please check for errors
[2025-08-20T01:58:32.589Z] error: YAMLException: bad indentation of a mapping entry (35:16)

 32 |         description: Movies & TV Shows
 33 |         widgets:
 34 |         - type: emby
 35 |             url: http://emby.host.or.ip
---------------------^
 36 |             key: apikeyapikeyapikeyapikeyapikey
 37 |         - type: uptimekuma
[2025-08-20T01:58:32.681Z] error: Failed to load services.yaml, please check for errors
[2025-08-20T01:58:32.681Z] error: YAMLException: bad indentation of a mapping entry (35:16)

 32 |         description: Movies & TV Shows
 33 |         widgets:
 34 |         - type: emby
 35 |             url: http://emby.host.or.ip
---------------------^
 36 |             key: apikeyapikeyapikeyapikeyapikey
 37 |         - type: uptimekuma
[2025-08-20T01:58:32.973Z] error: Failed to load services.yaml, please check for errors
[2025-08-20T01:58:32.973Z] error: YAMLException: bad indentation of a mapping entry (35:16)

 32 |         description: Movies & TV Shows
 33 |         widgets:
 34 |         - type: emby
 35 |             url: http://emby.host.or.ip
---------------------^
 36 |             key: apikeyapikeyapikeyapikeyapikey
 37 |         - type: uptimekuma
[2025-08-20T01:59:01.532Z] warn: <service-helpers> Error parsing service "Service D" from config. Ensure required fields are present.
[2025-08-20T01:59:01.845Z] warn: <service-helpers> Error parsing service "Service D" from config. Ensure required fields are present.
[2025-08-20T01:59:34.001Z] error: Failed to load services.yaml, please check for errors
[2025-08-20T01:59:34.001Z] error: YAMLException: bad indentation of a mapping entry (35:16)

 32 |         description: Movies & TV Shows、
 33 |         widgets:
 34 |         - type: emby
 35 |             url: http://emby.host.or.ip
---------------------^
 36 |             key: apikeyapikeyapikeyapikeyapikey
 37 |         # - type: uptimekuma
[2025-08-20T01:59:34.037Z] error: Failed to load services.yaml, please check for errors
[2025-08-20T01:59:34.037Z] error: YAMLException: bad indentation of a mapping entry (35:16)

 32 |         description: Movies & TV Shows、
 33 |         widgets:
 34 |         - type: emby
 35 |             url: http://emby.host.or.ip
---------------------^
 36 |             key: apikeyapikeyapikeyapikeyapikey
 37 |         # - type: uptimekuma
[2025-08-20T01:59:34.317Z] error: Failed to load services.yaml, please check for errors
[2025-08-20T01:59:34.317Z] error: YAMLException: bad indentation of a mapping entry (35:16)

 32 |         description: Movies & TV Shows、
 33 |         widgets:
 34 |         - type: emby
 35 |             url: http://emby.host.or.ip
---------------------^
 36 |             key: apikeyapikeyapikeyapikeyapikey
 37 |         # - type: uptimekuma
[2025-08-20T01:59:48.828Z] error: Failed to load services.yaml, please check for errors
[2025-08-20T01:59:48.828Z] error: YAMLException: bad indentation of a mapping entry (35:20)

 32 |         description: Movies & TV Shows、
 33 |         widgets:
 34 |             - type: emby
 35 |                 url: http://emby.host.or.ip
-------------------------^
 36 |                 key: apikeyapikeyapikeyapikeyapikey
 37 |         # - type: uptimekuma
[2025-08-20T01:59:49.135Z] error: Failed to load services.yaml, please check for errors
[2025-08-20T01:59:49.135Z] error: YAMLException: bad indentation of a mapping entry (35:20)

 32 |         description: Movies & TV Shows、
 33 |         widgets:
 34 |             - type: emby
 35 |                 url: http://emby.host.or.ip
-------------------------^
 36 |                 key: apikeyapikeyapikeyapikeyapikey
 37 |         # - type: uptimekuma
[2025-08-20T01:59:54.119Z] error: Failed to load services.yaml, please check for errors
[2025-08-20T01:59:54.119Z] error: YAMLException: bad indentation of a mapping entry (35:16)

 32 |         description: Movies & TV Shows、
 33 |         widgets:
 34 |         - type: emby
 35 |             url: http://emby.host.or.ip
---------------------^
 36 |             key: apikeyapikeyapikeyapikeyapikey
 37 |         # - type: uptimekuma
[2025-08-20T02:00:13.980Z] warn: <service-helpers> Error parsing service "Service D" from config. Ensure required fields are present.
[2025-08-20T02:00:14.021Z] warn: <service-helpers> Error parsing service "Service D" from config. Ensure required fields are present.
[2025-08-20T02:00:14.312Z] warn: <service-helpers> Error parsing service "Service D" from config. Ensure required fields are present.
[2025-08-20T02:00:14.314Z] warn: <service-helpers> Error parsing service "Service D" from config. Ensure required fields are present.
[2025-08-20T02:00:14.319Z] warn: <service-helpers> Error parsing service "Service D" from config. Ensure required fields are present.
[2025-08-20T02:00:14.322Z] warn: <service-helpers> Error parsing service "Service D" from config. Ensure required fields are present.
[2025-08-20T02:00:14.325Z] error: <httpProxy> Error calling http://emby.host.or.ip/emby/Items/Counts...
[2025-08-20T02:00:14.327Z] error: <httpProxy> [
  500,
  [Error: getaddrinfo ENOTFOUND emby.host.or.ip] {
    errno: -3008,
    code: 'ENOTFOUND',
    syscall: 'getaddrinfo',
    hostname: 'emby.host.or.ip'
  }
]
[2025-08-20T02:00:14.331Z] error: <httpProxy> Error calling http://emby.host.or.ip/emby/Sessions...
[2025-08-20T02:00:14.332Z] error: <httpProxy> [
  500,
  [Error: getaddrinfo ENOTFOUND emby.host.or.ip] {
    errno: -3008,
    code: 'ENOTFOUND',
    syscall: 'getaddrinfo',
    hostname: 'emby.host.or.ip'
  }
]
[2025-08-20T02:00:14.334Z] warn: <service-helpers> Error parsing service "Service D" from config. Ensure required fields are present.
[2025-08-20T02:00:19.391Z] warn: <service-helpers> Error parsing service "Service D" from config. Ensure required fields are present.
[2025-08-20T02:00:19.392Z] warn: <service-helpers> Error parsing service "Service D" from config. Ensure required fields are present.
[2025-08-20T02:00:19.394Z] warn: <service-helpers> Error parsing service "Service D" from config. Ensure required fields are present.
[2025-08-20T02:00:19.395Z] warn: <service-helpers> Error parsing service "Service D" from config. Ensure required fields are present.
[2025-08-20T02:00:19.399Z] error: <httpProxy> Error calling http://emby.host.or.ip/emby/Items/Counts...
[2025-08-20T02:00:19.399Z] error: <httpProxy> [
  500,
  [Error: getaddrinfo ENOTFOUND emby.host.or.ip] {
    errno: -3008,
    code: 'ENOTFOUND',
    syscall: 'getaddrinfo',
    hostname: 'emby.host.or.ip'
  }
]
[2025-08-20T02:00:19.400Z] error: <httpProxy> Error calling http://emby.host.or.ip/emby/Sessions...
[2025-08-20T02:00:19.401Z] error: <httpProxy> [
  500,
  [Error: getaddrinfo ENOTFOUND emby.host.or.ip] {
    errno: -3008,
    code: 'ENOTFOUND',
    syscall: 'getaddrinfo',
    hostname: 'emby.host.or.ip'
  }
]
[2025-08-20T02:00:24.394Z] error: <httpProxy> Error calling http://emby.host.or.ip/emby/Sessions...
[2025-08-20T02:00:24.394Z] error: <httpProxy> [
  500,
  [Error: getaddrinfo ENOTFOUND emby.host.or.ip] {
    errno: -3008,
    code: 'ENOTFOUND',
    syscall: 'getaddrinfo',
    hostname: 'emby.host.or.ip'
  }
]
[2025-08-20T02:00:24.396Z] error: <httpProxy> Error calling http://emby.host.or.ip/emby/Items/Counts...
[2025-08-20T02:00:24.396Z] error: <httpProxy> [
  500,
  [Error: getaddrinfo ENOTFOUND emby.host.or.ip] {
    errno: -3008,
    code: 'ENOTFOUND',
    syscall: 'getaddrinfo',
    hostname: 'emby.host.or.ip'
  }
]
[2025-08-20T02:00:24.734Z] error: <httpProxy> Error calling http://emby.host.or.ip/emby/Sessions...
[2025-08-20T02:00:24.734Z] error: <httpProxy> [
  500,
  [Error: getaddrinfo ENOTFOUND emby.host.or.ip] {
    errno: -3008,
    code: 'ENOTFOUND',
    syscall: 'getaddrinfo',
    hostname: 'emby.host.or.ip'
  }
]
[2025-08-20T02:00:24.751Z] error: <httpProxy> Error calling http://emby.host.or.ip/emby/Items/Counts...
[2025-08-20T02:00:24.752Z] error: <httpProxy> [
  500,
  [Error: getaddrinfo ENOTFOUND emby.host.or.ip] {
    errno: -3008,
    code: 'ENOTFOUND',
    syscall: 'getaddrinfo',
    hostname: 'emby.host.or.ip'
  }
]
[2025-08-20T02:00:29.796Z] error: <httpProxy> Error calling http://emby.host.or.ip/emby/Sessions...
[2025-08-20T02:00:29.797Z] error: <httpProxy> [
  500,
  [Error: getaddrinfo ENOTFOUND emby.host.or.ip] {
    errno: -3008,
    code: 'ENOTFOUND',
    syscall: 'getaddrinfo',
    hostname: 'emby.host.or.ip'
  }
]
[2025-08-20T02:00:34.822Z] error: <httpProxy> Error calling http://emby.host.or.ip/emby/Items/Counts...
[2025-08-20T02:00:34.823Z] error: <httpProxy> [
  500,
  [Error: getaddrinfo ENOTFOUND emby.host.or.ip] {
    errno: -3008,
    code: 'ENOTFOUND',
    syscall: 'getaddrinfo',
    hostname: 'emby.host.or.ip'
  }
]
[2025-08-20T02:00:39.462Z] error: <servicesProxy> YAMLException: bad indentation of a mapping entry (35:16)

 32 |         description: Movies & TV Shows 2
 33 |         widgets:
 34 |         - type: emby
 35 |             url: http://emby.host.or.ip
---------------------^
 36 |             key: apikeyapikeyapikeyapikeyapikey
 37 |         # # - type: uptimekuma
    at generateError (file:///app/node_modules/.pnpm/js-yaml@4.1.0/node_modules/js-yaml/dist/js-yaml.mjs:1273:10)
    at throwError (file:///app/node_modules/.pnpm/js-yaml@4.1.0/node_modules/js-yaml/dist/js-yaml.mjs:1277:9)
    at readBlockMapping (file:///app/node_modules/.pnpm/js-yaml@4.1.0/node_modules/js-yaml/dist/js-yaml.mjs:2272:7)
    at composeNode (file:///app/node_modules/.pnpm/js-yaml@4.1.0/node_modules/js-yaml/dist/js-yaml.mjs:2531:12)
    at readBlockSequence (file:///app/node_modules/.pnpm/js-yaml@4.1.0/node_modules/js-yaml/dist/js-yaml.mjs:2098:5)
    at composeNode (file:///app/node_modules/.pnpm/js-yaml@4.1.0/node_modules/js-yaml/dist/js-yaml.mjs:2562:45)
    at readBlockMapping (file:///app/node_modules/.pnpm/js-yaml@4.1.0/node_modules/js-yaml/dist/js-yaml.mjs:2254:11)
    at composeNode (file:///app/node_modules/.pnpm/js-yaml@4.1.0/node_modules/js-yaml/dist/js-yaml.mjs:2531:12)
    at readBlockMapping (file:///app/node_modules/.pnpm/js-yaml@4.1.0/node_modules/js-yaml/dist/js-yaml.mjs:2254:11)
    at composeNode (file:///app/node_modules/.pnpm/js-yaml@4.1.0/node_modules/js-yaml/dist/js-yaml.mjs:2531:12)
[2025-08-20T02:00:39.463Z] error: <servicesProxy> YAMLException: bad indentation of a mapping entry (35:16)

 32 |         description: Movies & TV Shows 2
 33 |         widgets:
 34 |         - type: emby
 35 |             url: http://emby.host.or.ip
---------------------^
 36 |             key: apikeyapikeyapikeyapikeyapikey
 37 |         # # - type: uptimekuma
    at generateError (file:///app/node_modules/.pnpm/js-yaml@4.1.0/node_modules/js-yaml/dist/js-yaml.mjs:1273:10)
    at throwError (file:///app/node_modules/.pnpm/js-yaml@4.1.0/node_modules/js-yaml/dist/js-yaml.mjs:1277:9)
    at readBlockMapping (file:///app/node_modules/.pnpm/js-yaml@4.1.0/node_modules/js-yaml/dist/js-yaml.mjs:2272:7)
    at composeNode (file:///app/node_modules/.pnpm/js-yaml@4.1.0/node_modules/js-yaml/dist/js-yaml.mjs:2531:12)
    at readBlockSequence (file:///app/node_modules/.pnpm/js-yaml@4.1.0/node_modules/js-yaml/dist/js-yaml.mjs:2098:5)
    at composeNode (file:///app/node_modules/.pnpm/js-yaml@4.1.0/node_modules/js-yaml/dist/js-yaml.mjs:2562:45)
    at readBlockMapping (file:///app/node_modules/.pnpm/js-yaml@4.1.0/node_modules/js-yaml/dist/js-yaml.mjs:2254:11)
    at composeNode (file:///app/node_modules/.pnpm/js-yaml@4.1.0/node_modules/js-yaml/dist/js-yaml.mjs:2531:12)
    at readBlockMapping (file:///app/node_modules/.pnpm/js-yaml@4.1.0/node_modules/js-yaml/dist/js-yaml.mjs:2254:11)
    at composeNode (file:///app/node_modules/.pnpm/js-yaml@4.1.0/node_modules/js-yaml/dist/js-yaml.mjs:2531:12)
[2025-08-20T02:00:39.497Z] error: Failed to load services.yaml, please check for errors
[2025-08-20T02:00:39.498Z] error: YAMLException: bad indentation of a mapping entry (35:16)

 32 |         description: Movies & TV Shows 2
 33 |         widgets:
 34 |         - type: emby
 35 |             url: http://emby.host.or.ip
---------------------^
 36 |             key: apikeyapikeyapikeyapikeyapikey
 37 |         # # - type: uptimekuma
[2025-08-20T02:00:39.553Z] error: Failed to load services.yaml, please check for errors
[2025-08-20T02:00:39.554Z] error: YAMLException: bad indentation of a mapping entry (35:16)

 32 |         description: Movies & TV Shows 2
 33 |         widgets:
 34 |         - type: emby
 35 |             url: http://emby.host.or.ip
---------------------^
 36 |             key: apikeyapikeyapikeyapikeyapikey
 37 |         # # - type: uptimekuma
[2025-08-20T02:00:39.822Z] error: Failed to load services.yaml, please check for errors
[2025-08-20T02:00:39.822Z] error: YAMLException: bad indentation of a mapping entry (35:16)

 32 |         description: Movies & TV Shows 2
 33 |         widgets:
 34 |         - type: emby
 35 |             url: http://emby.host.or.ip
---------------------^
 36 |             key: apikeyapikeyapikeyapikeyapikey
 37 |         # # - type: uptimekuma
[2025-08-20T02:00:50.611Z] error: Failed to load services.yaml, please check for errors
[2025-08-20T02:00:50.611Z] error: YAMLException: bad indentation of a mapping entry (35:20)

 32 |         description: Movies & TV Shows 2
 33 |         widgets:
 34 |             - type: emby
 35 |                 url: http://emby.host.or.ip
-------------------------^
 36 |                 key: apikeyapikeyapikeyapikeyapikey
 37 |             - type: uptimekuma
[2025-08-20T02:00:50.883Z] error: Failed to load services.yaml, please check for errors
[2025-08-20T02:00:50.883Z] error: YAMLException: bad indentation of a mapping entry (35:20)

 32 |         description: Movies & TV Shows 2
 33 |         widgets:
 34 |             - type: emby
 35 |                 url: http://emby.host.or.ip
-------------------------^
 36 |                 key: apikeyapikeyapikeyapikeyapikey
 37 |             - type: uptimekuma
[2025-08-20T02:00:58.411Z] error: Failed to load services.yaml, please check for errors
[2025-08-20T02:00:58.411Z] error: YAMLException: bad indentation of a mapping entry (35:20)

 32 |         description: Movies & TV Shows 2
 33 |         widgets:
 34 |             - type: emby
 35 |                 url: http://emby.host.or.ip2
-------------------------^
 36 |                 key: apikeyapikeyapikeyapikeyapikey
 37 |             - type: uptimekuma
[2025-08-20T02:00:58.675Z] error: Failed to load services.yaml, please check for errors
[2025-08-20T02:00:58.675Z] error: YAMLException: bad indentation of a mapping entry (35:20)

 32 |         description: Movies & TV Shows 2
 33 |         widgets:
 34 |             - type: emby
 35 |                 url: http://emby.host.or.ip2
-------------------------^
 36 |                 key: apikeyapikeyapikeyapikeyapikey
 37 |             - type: uptimekuma
[2025-08-20T02:01:25.754Z] error: Failed to load services.yaml, please check for errors
[2025-08-20T02:01:25.754Z] error: YAMLException: duplicated mapping key (37:13)

 34 |             type: emby
 35 |             url: http://emby.host.or.ip2
 36 |             key: apikeyapikeyapikeyapikeyapikey
 37 |             type: uptimekuma
------------------^
 38 |             url: http://uptimekuma.host.or. ...
 39 |             slug: statuspageslug
[2025-08-20T02:01:26.019Z] error: Failed to load services.yaml, please check for errors
[2025-08-20T02:01:26.020Z] error: YAMLException: duplicated mapping key (37:13)

 34 |             type: emby
 35 |             url: http://emby.host.or.ip2
 36 |             key: apikeyapikeyapikeyapikeyapikey
 37 |             type: uptimekuma
------------------^
 38 |             url: http://uptimekuma.host.or. ...
 39 |             slug: statuspageslug
[2025-08-20T02:01:44.142Z] error: Failed to load services.yaml, please check for errors
[2025-08-20T02:01:44.143Z] error: YAMLException: bad indentation of a mapping entry (35:18)

 32 |         description: Movies & TV Shows 2
 33 |         widgets:
 34 |           - type: emby
 35 |               url: http://emby.host.or.ip2
-----------------------^
 36 |               key: apikeyapikeyapikeyapikeyapikey
 37 |           - type: uptimekuma
[2025-08-20T02:01:44.440Z] error: Failed to load services.yaml, please check for errors
[2025-08-20T02:01:44.440Z] error: YAMLException: bad indentation of a mapping entry (35:18)

 32 |         description: Movies & TV Shows 2
 33 |         widgets:
 34 |           - type: emby
 35 |               url: http://emby.host.or.ip2
-----------------------^
 36 |               key: apikeyapikeyapikeyapikeyapikey
 37 |           - type: uptimekuma
[2025-08-20T02:02:15.801Z] error: <httpProxy> Error calling http://emby.host.or.ip/emby/Sessions...
[2025-08-20T02:02:15.806Z] error: undefined
[2025-08-20T02:02:15.801Z] error: <httpProxy> [
  500,
  [Error: getaddrinfo ENOTFOUND emby.host.or.ip] {
    errno: -3008,
    code: 'ENOTFOUND',
    syscall: 'getaddrinfo',
    hostname: 'emby.host.or.ip'
  }
]
[2025-08-20T02:02:15.809Z] error: undefined
[2025-08-20T02:02:15.807Z] error: <httpProxy> Error calling http://emby.host.or.ip2/emby/Sessions...
[2025-08-20T02:02:15.808Z] error: <httpProxy> [
  500,
  [Error: getaddrinfo ENOTFOUND emby.host.or.ip2] {
    errno: -3008,
    code: 'ENOTFOUND',
    syscall: 'getaddrinfo',
    hostname: 'emby.host.or.ip2'
  }
]
[2025-08-20T02:02:15.813Z] error: <httpProxy> Error calling http://emby.host.or.ip2/emby/Items/Counts...
[2025-08-20T02:02:15.814Z] error: <httpProxy> [
  500,
  [Error: getaddrinfo ENOTFOUND emby.host.or.ip2] {
    errno: -3008,
    code: 'ENOTFOUND',
    syscall: 'getaddrinfo',
    hostname: 'emby.host.or.ip2'
  }
]
[2025-08-20T02:02:15.815Z] error: <httpProxy> Error calling http://emby.host.or.ip/emby/Items/Counts...
[2025-08-20T02:02:15.816Z] error: <httpProxy> [
  500,
  [Error: getaddrinfo ENOTFOUND emby.host.or.ip] {
    errno: -3008,
    code: 'ENOTFOUND',
    syscall: 'getaddrinfo',
    hostname: 'emby.host.or.ip'
  }
]
[2025-08-20T02:02:20.888Z] error: <servicesProxy> YAMLException: bad indentation of a mapping entry (35:20)

 32 |         description: Movies & TV Shows 2
 33 |         widgets:
 34 |             - type: emby
 35 |                 url: http://emby.host.or.ip2
-------------------------^
 36 |                 key: apikeyapikeyapikeyapikeyapikey
 37 |             - type: uptimekuma
    at generateError (file:///app/node_modules/.pnpm/js-yaml@4.1.0/node_modules/js-yaml/dist/js-yaml.mjs:1273:10)
    at throwError (file:///app/node_modules/.pnpm/js-yaml@4.1.0/node_modules/js-yaml/dist/js-yaml.mjs:1277:9)
    at readBlockMapping (file:///app/node_modules/.pnpm/js-yaml@4.1.0/node_modules/js-yaml/dist/js-yaml.mjs:2272:7)
    at composeNode (file:///app/node_modules/.pnpm/js-yaml@4.1.0/node_modules/js-yaml/dist/js-yaml.mjs:2531:12)
    at readBlockSequence (file:///app/node_modules/.pnpm/js-yaml@4.1.0/node_modules/js-yaml/dist/js-yaml.mjs:2098:5)
    at composeNode (file:///app/node_modules/.pnpm/js-yaml@4.1.0/node_modules/js-yaml/dist/js-yaml.mjs:2530:12)
    at readBlockMapping (file:///app/node_modules/.pnpm/js-yaml@4.1.0/node_modules/js-yaml/dist/js-yaml.mjs:2254:11)
    at composeNode (file:///app/node_modules/.pnpm/js-yaml@4.1.0/node_modules/js-yaml/dist/js-yaml.mjs:2531:12)
    at readBlockMapping (file:///app/node_modules/.pnpm/js-yaml@4.1.0/node_modules/js-yaml/dist/js-yaml.mjs:2254:11)
    at composeNode (file:///app/node_modules/.pnpm/js-yaml@4.1.0/node_modules/js-yaml/dist/js-yaml.mjs:2531:12)
[2025-08-20T02:02:20.889Z] error: <servicesProxy> YAMLException: bad indentation of a mapping entry (35:20)

 32 |         description: Movies & TV Shows 2
 33 |         widgets:
 34 |             - type: emby
 35 |                 url: http://emby.host.or.ip2
-------------------------^
 36 |                 key: apikeyapikeyapikeyapikeyapikey
 37 |             - type: uptimekuma
    at generateError (file:///app/node_modules/.pnpm/js-yaml@4.1.0/node_modules/js-yaml/dist/js-yaml.mjs:1273:10)
    at throwError (file:///app/node_modules/.pnpm/js-yaml@4.1.0/node_modules/js-yaml/dist/js-yaml.mjs:1277:9)
    at readBlockMapping (file:///app/node_modules/.pnpm/js-yaml@4.1.0/node_modules/js-yaml/dist/js-yaml.mjs:2272:7)
    at composeNode (file:///app/node_modules/.pnpm/js-yaml@4.1.0/node_modules/js-yaml/dist/js-yaml.mjs:2531:12)
    at readBlockSequence (file:///app/node_modules/.pnpm/js-yaml@4.1.0/node_modules/js-yaml/dist/js-yaml.mjs:2098:5)
    at composeNode (file:///app/node_modules/.pnpm/js-yaml@4.1.0/node_modules/js-yaml/dist/js-yaml.mjs:2530:12)
    at readBlockMapping (file:///app/node_modules/.pnpm/js-yaml@4.1.0/node_modules/js-yaml/dist/js-yaml.mjs:2254:11)
    at composeNode (file:///app/node_modules/.pnpm/js-yaml@4.1.0/node_modules/js-yaml/dist/js-yaml.mjs:2531:12)
    at readBlockMapping (file:///app/node_modules/.pnpm/js-yaml@4.1.0/node_modules/js-yaml/dist/js-yaml.mjs:2254:11)
    at composeNode (file:///app/node_modules/.pnpm/js-yaml@4.1.0/node_modules/js-yaml/dist/js-yaml.mjs:2531:12)
[2025-08-20T02:02:20.890Z] error: <servicesProxy> YAMLException: bad indentation of a mapping entry (35:20)

 32 |         description: Movies & TV Shows 2
 33 |         widgets:
 34 |             - type: emby
 35 |                 url: http://emby.host.or.ip2
-------------------------^
 36 |                 key: apikeyapikeyapikeyapikeyapikey
 37 |             - type: uptimekuma
    at generateError (file:///app/node_modules/.pnpm/js-yaml@4.1.0/node_modules/js-yaml/dist/js-yaml.mjs:1273:10)
    at throwError (file:///app/node_modules/.pnpm/js-yaml@4.1.0/node_modules/js-yaml/dist/js-yaml.mjs:1277:9)
    at readBlockMapping (file:///app/node_modules/.pnpm/js-yaml@4.1.0/node_modules/js-yaml/dist/js-yaml.mjs:2272:7)
    at composeNode (file:///app/node_modules/.pnpm/js-yaml@4.1.0/node_modules/js-yaml/dist/js-yaml.mjs:2531:12)
    at readBlockSequence (file:///app/node_modules/.pnpm/js-yaml@4.1.0/node_modules/js-yaml/dist/js-yaml.mjs:2098:5)
    at composeNode (file:///app/node_modules/.pnpm/js-yaml@4.1.0/node_modules/js-yaml/dist/js-yaml.mjs:2530:12)
    at readBlockMapping (file:///app/node_modules/.pnpm/js-yaml@4.1.0/node_modules/js-yaml/dist/js-yaml.mjs:2254:11)
    at composeNode (file:///app/node_modules/.pnpm/js-yaml@4.1.0/node_modules/js-yaml/dist/js-yaml.mjs:2531:12)
    at readBlockMapping (file:///app/node_modules/.pnpm/js-yaml@4.1.0/node_modules/js-yaml/dist/js-yaml.mjs:2254:11)
    at composeNode (file:///app/node_modules/.pnpm/js-yaml@4.1.0/node_modules/js-yaml/dist/js-yaml.mjs:2531:12)
[2025-08-20T02:02:21.923Z] error: <servicesProxy> YAMLException: bad indentation of a mapping entry (35:20)

 32 |         description: Movies & TV Shows 2
 33 |         widgets:
 34 |             - type: emby
 35 |                 url: http://emby.host.or.ip2
-------------------------^
 36 |                 key: apikeyapikeyapikeyapikeyapikey
 37 |             - type: uptimekuma
    at generateError (file:///app/node_modules/.pnpm/js-yaml@4.1.0/node_modules/js-yaml/dist/js-yaml.mjs:1273:10)
    at throwError (file:///app/node_modules/.pnpm/js-yaml@4.1.0/node_modules/js-yaml/dist/js-yaml.mjs:1277:9)
    at readBlockMapping (file:///app/node_modules/.pnpm/js-yaml@4.1.0/node_modules/js-yaml/dist/js-yaml.mjs:2272:7)
    at composeNode (file:///app/node_modules/.pnpm/js-yaml@4.1.0/node_modules/js-yaml/dist/js-yaml.mjs:2531:12)
    at readBlockSequence (file:///app/node_modules/.pnpm/js-yaml@4.1.0/node_modules/js-yaml/dist/js-yaml.mjs:2098:5)
    at composeNode (file:///app/node_modules/.pnpm/js-yaml@4.1.0/node_modules/js-yaml/dist/js-yaml.mjs:2530:12)
    at readBlockMapping (file:///app/node_modules/.pnpm/js-yaml@4.1.0/node_modules/js-yaml/dist/js-yaml.mjs:2254:11)
    at composeNode (file:///app/node_modules/.pnpm/js-yaml@4.1.0/node_modules/js-yaml/dist/js-yaml.mjs:2531:12)
    at readBlockMapping (file:///app/node_modules/.pnpm/js-yaml@4.1.0/node_modules/js-yaml/dist/js-yaml.mjs:2254:11)
    at composeNode (file:///app/node_modules/.pnpm/js-yaml@4.1.0/node_modules/js-yaml/dist/js-yaml.mjs:2531:12)
[2025-08-20T02:02:21.989Z] error: <servicesProxy> YAMLException: bad indentation of a mapping entry (35:20)

 32 |         description: Movies & TV Shows 2
 33 |         widgets:
 34 |             - type: emby
 35 |                 url: http://emby.host.or.ip2
-------------------------^
 36 |                 key: apikeyapikeyapikeyapikeyapikey
 37 |             - type: uptimekuma
    at generateError (file:///app/node_modules/.pnpm/js-yaml@4.1.0/node_modules/js-yaml/dist/js-yaml.mjs:1273:10)
    at throwError (file:///app/node_modules/.pnpm/js-yaml@4.1.0/node_modules/js-yaml/dist/js-yaml.mjs:1277:9)
    at readBlockMapping (file:///app/node_modules/.pnpm/js-yaml@4.1.0/node_modules/js-yaml/dist/js-yaml.mjs:2272:7)
    at composeNode (file:///app/node_modules/.pnpm/js-yaml@4.1.0/node_modules/js-yaml/dist/js-yaml.mjs:2531:12)
    at readBlockSequence (file:///app/node_modules/.pnpm/js-yaml@4.1.0/node_modules/js-yaml/dist/js-yaml.mjs:2098:5)
    at composeNode (file:///app/node_modules/.pnpm/js-yaml@4.1.0/node_modules/js-yaml/dist/js-yaml.mjs:2530:12)
    at readBlockMapping (file:///app/node_modules/.pnpm/js-yaml@4.1.0/node_modules/js-yaml/dist/js-yaml.mjs:2254:11)
    at composeNode (file:///app/node_modules/.pnpm/js-yaml@4.1.0/node_modules/js-yaml/dist/js-yaml.mjs:2531:12)
    at readBlockMapping (file:///app/node_modules/.pnpm/js-yaml@4.1.0/node_modules/js-yaml/dist/js-yaml.mjs:2254:11)
    at composeNode (file:///app/node_modules/.pnpm/js-yaml@4.1.0/node_modules/js-yaml/dist/js-yaml.mjs:2531:12)
[2025-08-20T02:02:21.996Z] error: <servicesProxy> YAMLException: bad indentation of a mapping entry (35:20)

 32 |         description: Movies & TV Shows 2
 33 |         widgets:
 34 |             - type: emby
 35 |                 url: http://emby.host.or.ip2
-------------------------^
 36 |                 key: apikeyapikeyapikeyapikeyapikey
 37 |             - type: uptimekuma
    at generateError (file:///app/node_modules/.pnpm/js-yaml@4.1.0/node_modules/js-yaml/dist/js-yaml.mjs:1273:10)
    at throwError (file:///app/node_modules/.pnpm/js-yaml@4.1.0/node_modules/js-yaml/dist/js-yaml.mjs:1277:9)
    at readBlockMapping (file:///app/node_modules/.pnpm/js-yaml@4.1.0/node_modules/js-yaml/dist/js-yaml.mjs:2272:7)
    at composeNode (file:///app/node_modules/.pnpm/js-yaml@4.1.0/node_modules/js-yaml/dist/js-yaml.mjs:2531:12)
    at readBlockSequence (file:///app/node_modules/.pnpm/js-yaml@4.1.0/node_modules/js-yaml/dist/js-yaml.mjs:2098:5)
    at composeNode (file:///app/node_modules/.pnpm/js-yaml@4.1.0/node_modules/js-yaml/dist/js-yaml.mjs:2530:12)
    at readBlockMapping (file:///app/node_modules/.pnpm/js-yaml@4.1.0/node_modules/js-yaml/dist/js-yaml.mjs:2254:11)
    at composeNode (file:///app/node_modules/.pnpm/js-yaml@4.1.0/node_modules/js-yaml/dist/js-yaml.mjs:2531:12)
    at readBlockMapping (file:///app/node_modules/.pnpm/js-yaml@4.1.0/node_modules/js-yaml/dist/js-yaml.mjs:2254:11)
    at composeNode (file:///app/node_modules/.pnpm/js-yaml@4.1.0/node_modules/js-yaml/dist/js-yaml.mjs:2531:12)
[2025-08-20T02:02:22.019Z] error: <servicesProxy> YAMLException: bad indentation of a mapping entry (35:20)

 32 |         description: Movies & TV Shows 2
 33 |         widgets:
 34 |             - type: emby
 35 |                 url: http://emby.host.or.ip2
-------------------------^
 36 |                 key: apikeyapikeyapikeyapikeyapikey
 37 |             - type: uptimekuma
    at generateError (file:///app/node_modules/.pnpm/js-yaml@4.1.0/node_modules/js-yaml/dist/js-yaml.mjs:1273:10)
    at throwError (file:///app/node_modules/.pnpm/js-yaml@4.1.0/node_modules/js-yaml/dist/js-yaml.mjs:1277:9)
    at readBlockMapping (file:///app/node_modules/.pnpm/js-yaml@4.1.0/node_modules/js-yaml/dist/js-yaml.mjs:2272:7)
    at composeNode (file:///app/node_modules/.pnpm/js-yaml@4.1.0/node_modules/js-yaml/dist/js-yaml.mjs:2531:12)
    at readBlockSequence (file:///app/node_modules/.pnpm/js-yaml@4.1.0/node_modules/js-yaml/dist/js-yaml.mjs:2098:5)
    at composeNode (file:///app/node_modules/.pnpm/js-yaml@4.1.0/node_modules/js-yaml/dist/js-yaml.mjs:2530:12)
    at readBlockMapping (file:///app/node_modules/.pnpm/js-yaml@4.1.0/node_modules/js-yaml/dist/js-yaml.mjs:2254:11)
    at composeNode (file:///app/node_modules/.pnpm/js-yaml@4.1.0/node_modules/js-yaml/dist/js-yaml.mjs:2531:12)
    at readBlockMapping (file:///app/node_modules/.pnpm/js-yaml@4.1.0/node_modules/js-yaml/dist/js-yaml.mjs:2254:11)
    at composeNode (file:///app/node_modules/.pnpm/js-yaml@4.1.0/node_modules/js-yaml/dist/js-yaml.mjs:2531:12)
[2025-08-20T02:02:22.021Z] error: <servicesProxy> YAMLException: bad indentation of a mapping entry (35:20)

 32 |         description: Movies & TV Shows 2
 33 |         widgets:
 34 |             - type: emby
 35 |                 url: http://emby.host.or.ip2
-------------------------^
 36 |                 key: apikeyapikeyapikeyapikeyapikey
 37 |             - type: uptimekuma
    at generateError (file:///app/node_modules/.pnpm/js-yaml@4.1.0/node_modules/js-yaml/dist/js-yaml.mjs:1273:10)
    at throwError (file:///app/node_modules/.pnpm/js-yaml@4.1.0/node_modules/js-yaml/dist/js-yaml.mjs:1277:9)
    at readBlockMapping (file:///app/node_modules/.pnpm/js-yaml@4.1.0/node_modules/js-yaml/dist/js-yaml.mjs:2272:7)
    at composeNode (file:///app/node_modules/.pnpm/js-yaml@4.1.0/node_modules/js-yaml/dist/js-yaml.mjs:2531:12)
    at readBlockSequence (file:///app/node_modules/.pnpm/js-yaml@4.1.0/node_modules/js-yaml/dist/js-yaml.mjs:2098:5)
    at composeNode (file:///app/node_modules/.pnpm/js-yaml@4.1.0/node_modules/js-yaml/dist/js-yaml.mjs:2530:12)
    at readBlockMapping (file:///app/node_modules/.pnpm/js-yaml@4.1.0/node_modules/js-yaml/dist/js-yaml.mjs:2254:11)
    at composeNode (file:///app/node_modules/.pnpm/js-yaml@4.1.0/node_modules/js-yaml/dist/js-yaml.mjs:2531:12)
    at readBlockMapping (file:///app/node_modules/.pnpm/js-yaml@4.1.0/node_modules/js-yaml/dist/js-yaml.mjs:2254:11)
    at composeNode (file:///app/node_modules/.pnpm/js-yaml@4.1.0/node_modules/js-yaml/dist/js-yaml.mjs:2531:12)
[2025-08-20T02:02:22.022Z] error: <servicesProxy> YAMLException: bad indentation of a mapping entry (35:20)

 32 |         description: Movies & TV Shows 2
 33 |         widgets:
 34 |             - type: emby
 35 |                 url: http://emby.host.or.ip2
-------------------------^
 36 |                 key: apikeyapikeyapikeyapikeyapikey
 37 |             - type: uptimekuma
    at generateError (file:///app/node_modules/.pnpm/js-yaml@4.1.0/node_modules/js-yaml/dist/js-yaml.mjs:1273:10)
    at throwError (file:///app/node_modules/.pnpm/js-yaml@4.1.0/node_modules/js-yaml/dist/js-yaml.mjs:1277:9)
    at readBlockMapping (file:///app/node_modules/.pnpm/js-yaml@4.1.0/node_modules/js-yaml/dist/js-yaml.mjs:2272:7)
    at composeNode (file:///app/node_modules/.pnpm/js-yaml@4.1.0/node_modules/js-yaml/dist/js-yaml.mjs:2531:12)
    at readBlockSequence (file:///app/node_modules/.pnpm/js-yaml@4.1.0/node_modules/js-yaml/dist/js-yaml.mjs:2098:5)
    at composeNode (file:///app/node_modules/.pnpm/js-yaml@4.1.0/node_modules/js-yaml/dist/js-yaml.mjs:2530:12)
    at readBlockMapping (file:///app/node_modules/.pnpm/js-yaml@4.1.0/node_modules/js-yaml/dist/js-yaml.mjs:2254:11)
    at composeNode (file:///app/node_modules/.pnpm/js-yaml@4.1.0/node_modules/js-yaml/dist/js-yaml.mjs:2531:12)
    at readBlockMapping (file:///app/node_modules/.pnpm/js-yaml@4.1.0/node_modules/js-yaml/dist/js-yaml.mjs:2254:11)
    at composeNode (file:///app/node_modules/.pnpm/js-yaml@4.1.0/node_modules/js-yaml/dist/js-yaml.mjs:2531:12)
[2025-08-20T02:02:22.047Z] error: Failed to load services.yaml, please check for errors
[2025-08-20T02:02:22.047Z] error: YAMLException: bad indentation of a mapping entry (35:20)

 32 |         description: Movies & TV Shows 2
 33 |         widgets:
 34 |             - type: emby
 35 |                 url: http://emby.host.or.ip2
-------------------------^
 36 |                 key: apikeyapikeyapikeyapikeyapikey
 37 |             - type: uptimekuma
[2025-08-20T02:02:22.129Z] error: Failed to load services.yaml, please check for errors
[2025-08-20T02:02:22.130Z] error: YAMLException: bad indentation of a mapping entry (35:20)

 32 |         description: Movies & TV Shows 2
 33 |         widgets:
 34 |             - type: emby
 35 |                 url: http://emby.host.or.ip2
-------------------------^
 36 |                 key: apikeyapikeyapikeyapikeyapikey
 37 |             - type: uptimekuma
[2025-08-20T02:02:22.427Z] error: Failed to load services.yaml, please check for errors
[2025-08-20T02:02:22.427Z] error: YAMLException: bad indentation of a mapping entry (35:20)

 32 |         description: Movies & TV Shows 2
 33 |         widgets:
 34 |             - type: emby
 35 |                 url: http://emby.host.or.ip2
-------------------------^
 36 |                 key: apikeyapikeyapikeyapikeyapikey
 37 |             - type: uptimekuma
[2025-08-20T02:02:35.679Z] error: undefined
[2025-08-20T02:02:35.681Z] error: <httpProxy> Error calling http://emby.host.or.ip/emby/Sessions...
[2025-08-20T02:02:35.684Z] error: undefined
[2025-08-20T02:02:35.682Z] error: <httpProxy> [
  500,
  [Error: getaddrinfo ENOTFOUND emby.host.or.ip] {
    errno: -3008,
    code: 'ENOTFOUND',
    syscall: 'getaddrinfo',
    hostname: 'emby.host.or.ip'
  }
]
[2025-08-20T02:02:35.685Z] error: <httpProxy> Error calling http://emby.host.or.ip/emby/Items/Counts...
[2025-08-20T02:02:35.686Z] error: <httpProxy> [
  500,
  [Error: getaddrinfo ENOTFOUND emby.host.or.ip] {
    errno: -3008,
    code: 'ENOTFOUND',
    syscall: 'getaddrinfo',
    hostname: 'emby.host.or.ip'
  }
]
[2025-08-20T02:02:35.689Z] error: <httpProxy> Error calling http://emby.host.or.ip2/emby/Sessions...
[2025-08-20T02:02:35.690Z] error: <httpProxy> [
  500,
  [Error: getaddrinfo ENOTFOUND emby.host.or.ip2] {
    errno: -3008,
    code: 'ENOTFOUND',
    syscall: 'getaddrinfo',
    hostname: 'emby.host.or.ip2'
  }
]
[2025-08-20T02:02:35.691Z] error: <httpProxy> Error calling http://emby.host.or.ip2/emby/Items/Counts...
[2025-08-20T02:02:35.691Z] error: <httpProxy> [
  500,
  [Error: getaddrinfo ENOTFOUND emby.host.or.ip2] {
    errno: -3008,
    code: 'ENOTFOUND',
    syscall: 'getaddrinfo',
    hostname: 'emby.host.or.ip2'
  }
]
[2025-08-20T02:02:41.564Z] error: undefined
[2025-08-20T02:02:41.565Z] error: <httpProxy> Error calling http://emby.host.or.ip/emby/Sessions...
[2025-08-20T02:02:41.565Z] error: <httpProxy> [
  500,
  [Error: getaddrinfo ENOTFOUND emby.host.or.ip] {
    errno: -3008,
    code: 'ENOTFOUND',
    syscall: 'getaddrinfo',
    hostname: 'emby.host.or.ip'
  }
]
[2025-08-20T02:02:41.567Z] error: <httpProxy> Error calling http://emby.host.or.ip2/emby/Items/Counts...
[2025-08-20T02:02:41.568Z] error: <httpProxy> [
  500,
  [Error: getaddrinfo ENOTFOUND emby.host.or.ip2] {
    errno: -3008,
    code: 'ENOTFOUND',
    syscall: 'getaddrinfo',
    hostname: 'emby.host.or.ip2'
  }
]
[2025-08-20T02:02:41.569Z] error: <httpProxy> Error calling http://emby.host.or.ip/emby/Items/Counts...
[2025-08-20T02:02:41.570Z] error: <httpProxy> [
  500,
  [Error: getaddrinfo ENOTFOUND emby.host.or.ip] {
    errno: -3008,
    code: 'ENOTFOUND',
    syscall: 'getaddrinfo',
    hostname: 'emby.host.or.ip'
  }
]
[2025-08-20T02:02:41.572Z] error: <httpProxy> Error calling http://emby.host.or.ip2/emby/Sessions...
[2025-08-20T02:02:41.572Z] error: <httpProxy> [
  500,
  [Error: getaddrinfo ENOTFOUND emby.host.or.ip2] {
    errno: -3008,
    code: 'ENOTFOUND',
    syscall: 'getaddrinfo',
    hostname: 'emby.host.or.ip2'
  }
]
[2025-08-20T02:02:41.610Z] error: undefined
[2025-08-20T02:02:46.665Z] error: undefined
[2025-08-20T02:02:46.668Z] error: undefined
[2025-08-20T02:02:46.689Z] error: <httpProxy> Error calling http://emby.host.or.ip/emby/Items/Counts...
[2025-08-20T02:02:46.690Z] error: <httpProxy> [
  500,
  [Error: getaddrinfo ENOTFOUND emby.host.or.ip] {
    errno: -3008,
    code: 'ENOTFOUND',
    syscall: 'getaddrinfo',
    hostname: 'emby.host.or.ip'
  }
]
[2025-08-20T02:02:47.622Z] error: <httpProxy> Error calling http://emby.host.or.ip2/emby/Sessions...
[2025-08-20T02:02:47.623Z] error: <httpProxy> [
  500,
  [Error: getaddrinfo ENOTFOUND emby.host.or.ip2] {
    errno: -3008,
    code: 'ENOTFOUND',
    syscall: 'getaddrinfo',
    hostname: 'emby.host.or.ip2'
  }
]
[2025-08-20T02:02:47.693Z] error: undefined
[2025-08-20T02:02:52.702Z] error: <httpProxy> Error calling http://emby.host.or.ip/emby/Sessions...
[2025-08-20T02:02:52.703Z] error: <httpProxy> [
  500,
  [Error: getaddrinfo ENOTFOUND emby.host.or.ip] {
    errno: -3008,
    code: 'ENOTFOUND',
    syscall: 'getaddrinfo',
    hostname: 'emby.host.or.ip'
  }
]
[2025-08-20T02:02:52.705Z] error: <httpProxy> Error calling http://emby.host.or.ip2/emby/Items/Counts...
[2025-08-20T02:02:52.705Z] error: <httpProxy> [
  500,
  [Error: getaddrinfo ENOTFOUND emby.host.or.ip2] {
    errno: -3008,
    code: 'ENOTFOUND',
    syscall: 'getaddrinfo',
    hostname: 'emby.host.or.ip2'
  }
]
[2025-08-20T02:03:58.873Z] error: <httpProxy> Error calling http://emby.host.or.ip/emby/Sessions...
[2025-08-20T02:03:58.875Z] error: <httpProxy> [
  500,
  [Error: getaddrinfo ENOTFOUND emby.host.or.ip] {
    errno: -3008,
    code: 'ENOTFOUND',
    syscall: 'getaddrinfo',
    hostname: 'emby.host.or.ip'
  }
]
[2025-08-20T02:03:58.876Z] error: <httpProxy> Error calling http://emby.host.or.ip/emby/Items/Counts...
[2025-08-20T02:03:58.877Z] error: <httpProxy> [
  500,
  [Error: getaddrinfo ENOTFOUND emby.host.or.ip] {
    errno: -3008,
    code: 'ENOTFOUND',
    syscall: 'getaddrinfo',
    hostname: 'emby.host.or.ip'
  }
]
[2025-08-20T02:03:58.877Z] error: <httpProxy> Error calling http://emby.host.or.ip2/emby/Sessions...
[2025-08-20T02:03:58.878Z] error: <httpProxy> [
  500,
  [Error: getaddrinfo ENOTFOUND emby.host.or.ip2] {
    errno: -3008,
    code: 'ENOTFOUND',
    syscall: 'getaddrinfo',
    hostname: 'emby.host.or.ip2'
  }
]
[2025-08-20T02:03:58.879Z] error: <httpProxy> Error calling http://emby.host.or.ip2/emby/Items/Counts...
[2025-08-20T02:03:58.879Z] error: <httpProxy> [
  500,
  [Error: getaddrinfo ENOTFOUND emby.host.or.ip2] {
    errno: -3008,
    code: 'ENOTFOUND',
    syscall: 'getaddrinfo',
    hostname: 'emby.host.or.ip2'
  }
]
[2025-08-20T02:03:58.882Z] error: undefined
[2025-08-20T02:03:58.903Z] error: undefined
[2025-08-20T02:03:59.435Z] error: <httpProxy> Error calling http://emby.host.or.ip/emby/Items/Counts...
[2025-08-20T02:03:59.436Z] error: <httpProxy> [
  500,
  [Error: getaddrinfo ENOTFOUND emby.host.or.ip] {
    errno: -3008,
    code: 'ENOTFOUND',
    syscall: 'getaddrinfo',
    hostname: 'emby.host.or.ip'
  }
]
[2025-08-20T02:03:59.437Z] error: <httpProxy> Error calling http://emby.host.or.ip/emby/Sessions...
[2025-08-20T02:03:59.438Z] error: <httpProxy> [
  500,
  [Error: getaddrinfo ENOTFOUND emby.host.or.ip] {
    errno: -3008,
    code: 'ENOTFOUND',
    syscall: 'getaddrinfo',
    hostname: 'emby.host.or.ip'
  }
]
[2025-08-20T02:03:59.440Z] error: <httpProxy> Error calling http://emby.host.or.ip2/emby/Items/Counts...
[2025-08-20T02:03:59.440Z] error: <httpProxy> [
  500,
  [Error: getaddrinfo ENOTFOUND emby.host.or.ip2] {
    errno: -3008,
    code: 'ENOTFOUND',
    syscall: 'getaddrinfo',
    hostname: 'emby.host.or.ip2'
  }
]
[2025-08-20T02:03:59.443Z] error: <httpProxy> Error calling http://emby.host.or.ip2/emby/Sessions...
[2025-08-20T02:03:59.443Z] error: <httpProxy> [
  500,
  [Error: getaddrinfo ENOTFOUND emby.host.or.ip2] {
    errno: -3008,
    code: 'ENOTFOUND',
    syscall: 'getaddrinfo',
    hostname: 'emby.host.or.ip2'
  }
]
[2025-08-20T02:03:59.496Z] error: undefined
[2025-08-20T02:03:59.498Z] error: undefined
[2025-08-20T02:05:32.344Z] error: <httpProxy> Error calling http://emby.host.or.ip/emby/Sessions...
[2025-08-20T02:05:32.344Z] error: <httpProxy> [
  500,
  [Error: getaddrinfo ENOTFOUND emby.host.or.ip] {
    errno: -3008,
    code: 'ENOTFOUND',
    syscall: 'getaddrinfo',
    hostname: 'emby.host.or.ip'
  }
]
[2025-08-20T02:05:32.347Z] error: <httpProxy> Error calling http://emby.host.or.ip/emby/Items/Counts...
[2025-08-20T02:05:32.348Z] error: <httpProxy> [
  500,
  [Error: getaddrinfo ENOTFOUND emby.host.or.ip] {
    errno: -3008,
    code: 'ENOTFOUND',
    syscall: 'getaddrinfo',
    hostname: 'emby.host.or.ip'
  }
]
[2025-08-20T02:05:32.350Z] error: <httpProxy> Error calling http://emby.host.or.ip2/emby/Sessions...
[2025-08-20T02:05:32.351Z] error: <httpProxy> [
  500,
  [Error: getaddrinfo ENOTFOUND emby.host.or.ip2] {
    errno: -3008,
    code: 'ENOTFOUND',
    syscall: 'getaddrinfo',
    hostname: 'emby.host.or.ip2'
  }
]
[2025-08-20T02:05:32.369Z] error: <httpProxy> Error calling http://emby.host.or.ip2/emby/Items/Counts...
[2025-08-20T02:05:32.370Z] error: <httpProxy> [
  500,
  [Error: getaddrinfo ENOTFOUND emby.host.or.ip2] {
    errno: -3008,
    code: 'ENOTFOUND',
    syscall: 'getaddrinfo',
    hostname: 'emby.host.or.ip2'
  }
]
[2025-08-20T02:05:32.426Z] error: undefined
[2025-08-20T02:05:32.427Z] error: undefined
[2025-08-20T02:05:32.596Z] error: <httpProxy> Error calling http://sonarr.host.or.ip/api/v3/series...
[2025-08-20T02:05:32.597Z] error: <httpProxy> [
  500,
  [Error: getaddrinfo ENOTFOUND sonarr.host.or.ip] {
    errno: -3008,
    code: 'ENOTFOUND',
    syscall: 'getaddrinfo',
    hostname: 'sonarr.host.or.ip'
  }
]
[2025-08-20T02:05:32.598Z] error: <httpProxy> Error calling http://sonarr.host.or.ip/api/v3/queue...
[2025-08-20T02:05:32.598Z] error: <httpProxy> [
  500,
  [Error: getaddrinfo ENOTFOUND sonarr.host.or.ip] {
    errno: -3008,
    code: 'ENOTFOUND',
    syscall: 'getaddrinfo',
    hostname: 'sonarr.host.or.ip'
  }
]
[2025-08-20T02:05:32.599Z] error: <httpProxy> Error calling http://sonarr.host.or.ip/api/v3/wanted/missing...
[2025-08-20T02:05:32.599Z] error: <httpProxy> [
  500,
  [Error: getaddrinfo ENOTFOUND sonarr.host.or.ip] {
    errno: -3008,
    code: 'ENOTFOUND',
    syscall: 'getaddrinfo',
    hostname: 'sonarr.host.or.ip'
  }
]
[2025-08-20T02:05:32.601Z] error: <httpProxy> Error calling http://sonarr.host.or.ip/api/v3/queue/details...
[2025-08-20T02:05:32.602Z] error: <httpProxy> [
  500,
  [Error: getaddrinfo ENOTFOUND sonarr.host.or.ip] {
    errno: -3008,
    code: 'ENOTFOUND',
    syscall: 'getaddrinfo',
    hostname: 'sonarr.host.or.ip'
  }
]
[2025-08-20T02:05:32.928Z] error: <httpProxy> Error calling http://emby.host.or.ip/emby/Items/Counts...
[2025-08-20T02:05:32.929Z] error: <httpProxy> [
  500,
  [Error: getaddrinfo ENOTFOUND emby.host.or.ip] {
    errno: -3008,
    code: 'ENOTFOUND',
    syscall: 'getaddrinfo',
    hostname: 'emby.host.or.ip'
  }
]
[2025-08-20T02:05:32.930Z] error: <httpProxy> Error calling http://emby.host.or.ip/emby/Sessions...
[2025-08-20T02:05:32.930Z] error: <httpProxy> [
  500,
  [Error: getaddrinfo ENOTFOUND emby.host.or.ip] {
    errno: -3008,
    code: 'ENOTFOUND',
    syscall: 'getaddrinfo',
    hostname: 'emby.host.or.ip'
  }
]
[2025-08-20T02:05:33.020Z] error: <httpProxy> Error calling http://emby.host.or.ip2/emby/Sessions...
[2025-08-20T02:05:33.023Z] error: undefined
[2025-08-20T02:05:33.021Z] error: <httpProxy> [
  500,
  [Error: getaddrinfo ENOTFOUND emby.host.or.ip2] {
    errno: -3008,
    code: 'ENOTFOUND',
    syscall: 'getaddrinfo',
    hostname: 'emby.host.or.ip2'
  }
]
[2025-08-20T02:05:33.024Z] error: undefined
[2025-08-20T02:05:33.024Z] error: <httpProxy> Error calling http://emby.host.or.ip2/emby/Items/Counts...
[2025-08-20T02:05:33.025Z] error: <httpProxy> [
  500,
  [Error: getaddrinfo ENOTFOUND emby.host.or.ip2] {
    errno: -3008,
    code: 'ENOTFOUND',
    syscall: 'getaddrinfo',
    hostname: 'emby.host.or.ip2'
  }
]
[2025-08-20T02:05:33.052Z] error: <httpProxy> Error calling http://sonarr.host.or.ip/api/v3/wanted/missing...
[2025-08-20T02:05:33.053Z] error: <httpProxy> [
  500,
  [Error: getaddrinfo ENOTFOUND sonarr.host.or.ip] {
    errno: -3008,
    code: 'ENOTFOUND',
    syscall: 'getaddrinfo',
    hostname: 'sonarr.host.or.ip'
  }
]
[2025-08-20T02:05:33.060Z] error: <httpProxy> Error calling http://sonarr.host.or.ip/api/v3/queue...
[2025-08-20T02:05:33.061Z] error: <httpProxy> [
  500,
  [Error: getaddrinfo ENOTFOUND sonarr.host.or.ip] {
    errno: -3008,
    code: 'ENOTFOUND',
    syscall: 'getaddrinfo',
    hostname: 'sonarr.host.or.ip'
  }
]
[2025-08-20T02:05:33.156Z] error: <httpProxy> Error calling http://sonarr.host.or.ip/api/v3/series...
[2025-08-20T02:05:33.157Z] error: <httpProxy> [
  500,
  [Error: getaddrinfo ENOTFOUND sonarr.host.or.ip] {
    errno: -3008,
    code: 'ENOTFOUND',
    syscall: 'getaddrinfo',
    hostname: 'sonarr.host.or.ip'
  }
]
[2025-08-20T02:05:33.158Z] error: <httpProxy> Error calling http://sonarr.host.or.ip/api/v3/queue/details...
[2025-08-20T02:05:33.158Z] error: <httpProxy> [
  500,
  [Error: getaddrinfo ENOTFOUND sonarr.host.or.ip] {
    errno: -3008,
    code: 'ENOTFOUND',
    syscall: 'getaddrinfo',
    hostname: 'sonarr.host.or.ip'
  }
]
[2025-08-20T02:05:38.894Z] error: <httpProxy> Error calling http://emby.host.or.ip2/emby/Items/Counts...
[2025-08-20T02:05:38.899Z] error: undefined
[2025-08-20T02:05:38.895Z] error: <httpProxy> [
  500,
  [Error: getaddrinfo ENOTFOUND emby.host.or.ip2] {
    errno: -3008,
    code: 'ENOTFOUND',
    syscall: 'getaddrinfo',
    hostname: 'emby.host.or.ip2'
  }
]
[2025-08-20T02:05:38.897Z] error: <httpProxy> Error calling http://emby.host.or.ip2/emby/Sessions...
[2025-08-20T02:05:38.897Z] error: <httpProxy> [
  500,
  [Error: getaddrinfo ENOTFOUND emby.host.or.ip2] {
    errno: -3008,
    code: 'ENOTFOUND',
    syscall: 'getaddrinfo',
    hostname: 'emby.host.or.ip2'
  }
]
[2025-08-20T02:05:38.901Z] error: <httpProxy> Error calling http://emby.host.or.ip/emby/Sessions...
[2025-08-20T02:05:38.901Z] error: <httpProxy> [
  500,
  [Error: getaddrinfo ENOTFOUND emby.host.or.ip] {
    errno: -3008,
    code: 'ENOTFOUND',
    syscall: 'getaddrinfo',
    hostname: 'emby.host.or.ip'
  }
]
[2025-08-20T02:05:38.906Z] error: undefined
[2025-08-20T02:05:38.907Z] error: <httpProxy> Error calling http://sonarr.host.or.ip/api/v3/wanted/missing...
[2025-08-20T02:05:38.907Z] error: <httpProxy> [
  500,
  [Error: getaddrinfo ENOTFOUND sonarr.host.or.ip] {
    errno: -3008,
    code: 'ENOTFOUND',
    syscall: 'getaddrinfo',
    hostname: 'sonarr.host.or.ip'
  }
]
[2025-08-20T02:05:40.850Z] error: <httpProxy> Error calling http://emby.host.or.ip/emby/Sessions...
[2025-08-20T02:05:40.850Z] error: <httpProxy> [
  500,
  [Error: getaddrinfo ENOTFOUND emby.host.or.ip] {
    errno: -3008,
    code: 'ENOTFOUND',
    syscall: 'getaddrinfo',
    hostname: 'emby.host.or.ip'
  }
]
[2025-08-20T02:05:40.852Z] error: <httpProxy> Error calling http://emby.host.or.ip/emby/Items/Counts...
[2025-08-20T02:05:40.852Z] error: <httpProxy> [
  500,
  [Error: getaddrinfo ENOTFOUND emby.host.or.ip] {
    errno: -3008,
    code: 'ENOTFOUND',
    syscall: 'getaddrinfo',
    hostname: 'emby.host.or.ip'
  }
]
[2025-08-20T02:05:40.854Z] error: <httpProxy> Error calling http://emby.host.or.ip2/emby/Sessions...
[2025-08-20T02:05:40.855Z] error: <httpProxy> [
  500,
  [Error: getaddrinfo ENOTFOUND emby.host.or.ip2] {
    errno: -3008,
    code: 'ENOTFOUND',
    syscall: 'getaddrinfo',
    hostname: 'emby.host.or.ip2'
  }
]
[2025-08-20T02:05:40.856Z] error: undefined
[2025-08-20T02:05:40.857Z] error: <httpProxy> Error calling http://emby.host.or.ip2/emby/Items/Counts...
[2025-08-20T02:05:40.858Z] error: <httpProxy> [
  500,
  [Error: getaddrinfo ENOTFOUND emby.host.or.ip2] {
    errno: -3008,
    code: 'ENOTFOUND',
    syscall: 'getaddrinfo',
    hostname: 'emby.host.or.ip2'
  }
]
[2025-08-20T02:05:40.879Z] error: undefined
[2025-08-20T02:05:40.983Z] error: <httpProxy> Error calling http://sonarr.host.or.ip/api/v3/wanted/missing...
[2025-08-20T02:05:40.984Z] error: <httpProxy> [
  500,
  [Error: getaddrinfo ENOTFOUND sonarr.host.or.ip] {
    errno: -3008,
    code: 'ENOTFOUND',
    syscall: 'getaddrinfo',
    hostname: 'sonarr.host.or.ip'
  }
]
[2025-08-20T02:05:40.985Z] error: <httpProxy> Error calling http://sonarr.host.or.ip/api/v3/queue...
[2025-08-20T02:05:40.986Z] error: <httpProxy> [
  500,
  [Error: getaddrinfo ENOTFOUND sonarr.host.or.ip] {
    errno: -3008,
    code: 'ENOTFOUND',
    syscall: 'getaddrinfo',
    hostname: 'sonarr.host.or.ip'
  }
]
[2025-08-20T02:05:40.987Z] error: <httpProxy> Error calling http://sonarr.host.or.ip/api/v3/series...
[2025-08-20T02:05:40.987Z] error: <httpProxy> [
  500,
  [Error: getaddrinfo ENOTFOUND sonarr.host.or.ip] {
    errno: -3008,
    code: 'ENOTFOUND',
    syscall: 'getaddrinfo',
    hostname: 'sonarr.host.or.ip'
  }
]
[2025-08-20T02:05:41.000Z] error: <httpProxy> Error calling http://sonarr.host.or.ip/api/v3/queue/details...
[2025-08-20T02:05:41.001Z] error: <httpProxy> [
  500,
  [Error: getaddrinfo ENOTFOUND sonarr.host.or.ip] {
    errno: -3008,
    code: 'ENOTFOUND',
    syscall: 'getaddrinfo',
    hostname: 'sonarr.host.or.ip'
  }
]
[2025-08-20T02:05:42.986Z] error: <httpProxy> Error calling http://emby.host.or.ip/emby/Items/Counts...
[2025-08-20T02:05:42.987Z] error: <httpProxy> [
  500,
  [Error: getaddrinfo ENOTFOUND emby.host.or.ip] {
    errno: -3008,
    code: 'ENOTFOUND',
    syscall: 'getaddrinfo',
    hostname: 'emby.host.or.ip'
  }
]
[2025-08-20T02:05:43.118Z] error: <httpProxy> Error calling http://sonarr.host.or.ip/api/v3/queue...
[2025-08-20T02:05:43.119Z] error: <httpProxy> [
  500,
  [Error: getaddrinfo ENOTFOUND sonarr.host.or.ip] {
    errno: -3008,
    code: 'ENOTFOUND',
    syscall: 'getaddrinfo',
    hostname: 'sonarr.host.or.ip'
  }
]
[2025-08-20T02:05:43.221Z] error: <httpProxy> Error calling http://sonarr.host.or.ip/api/v3/queue/details...
[2025-08-20T02:05:43.222Z] error: <httpProxy> [
  500,
  [Error: getaddrinfo ENOTFOUND sonarr.host.or.ip] {
    errno: -3008,
    code: 'ENOTFOUND',
    syscall: 'getaddrinfo',
    hostname: 'sonarr.host.or.ip'
  }
]
[2025-08-20T02:05:43.223Z] error: <httpProxy> Error calling http://sonarr.host.or.ip/api/v3/series...
[2025-08-20T02:05:43.224Z] error: <httpProxy> [
  500,
  [Error: getaddrinfo ENOTFOUND sonarr.host.or.ip] {
    errno: -3008,
    code: 'ENOTFOUND',
    syscall: 'getaddrinfo',
    hostname: 'sonarr.host.or.ip'
  }
]
[2025-08-20T02:05:45.986Z] error: <httpProxy> Error calling http://emby.host.or.ip/emby/Sessions...
[2025-08-20T02:05:45.987Z] error: <httpProxy> [
  500,
  [Error: getaddrinfo ENOTFOUND emby.host.or.ip] {
    errno: -3008,
    code: 'ENOTFOUND',
    syscall: 'getaddrinfo',
    hostname: 'emby.host.or.ip'
  }
]
[2025-08-20T02:05:45.987Z] error: <httpProxy> Error calling http://emby.host.or.ip/emby/Items/Counts...
[2025-08-20T02:05:45.988Z] error: <httpProxy> [
  500,
  [Error: getaddrinfo ENOTFOUND emby.host.or.ip] {
    errno: -3008,
    code: 'ENOTFOUND',
    syscall: 'getaddrinfo',
    hostname: 'emby.host.or.ip'
  }
]
[2025-08-20T02:05:45.998Z] error: <httpProxy> Error calling http://emby.host.or.ip2/emby/Sessions...
[2025-08-20T02:05:45.998Z] error: <httpProxy> [
  500,
  [Error: getaddrinfo ENOTFOUND emby.host.or.ip2] {
    errno: -3008,
    code: 'ENOTFOUND',
    syscall: 'getaddrinfo',
    hostname: 'emby.host.or.ip2'
  }
]
[2025-08-20T02:05:46.025Z] error: undefined
[2025-08-20T02:05:46.119Z] error: <httpProxy> Error calling http://sonarr.host.or.ip/api/v3/queue...
[2025-08-20T02:05:46.119Z] error: <httpProxy> [
  500,
  [Error: getaddrinfo ENOTFOUND sonarr.host.or.ip] {
    errno: -3008,
    code: 'ENOTFOUND',
    syscall: 'getaddrinfo',
    hostname: 'sonarr.host.or.ip'
  }
]
[2025-08-20T02:05:46.120Z] error: <httpProxy> Error calling http://sonarr.host.or.ip/api/v3/series...
[2025-08-20T02:05:46.121Z] error: <httpProxy> [
  500,
  [Error: getaddrinfo ENOTFOUND sonarr.host.or.ip] {
    errno: -3008,
    code: 'ENOTFOUND',
    syscall: 'getaddrinfo',
    hostname: 'sonarr.host.or.ip'
  }
]
[2025-08-20T02:05:51.017Z] error: undefined
[2025-08-20T02:05:51.022Z] error: <httpProxy> Error calling http://emby.host.or.ip2/emby/Items/Counts...
[2025-08-20T02:05:51.022Z] error: <httpProxy> [
  500,
  [Error: getaddrinfo ENOTFOUND emby.host.or.ip2] {
    errno: -3008,
    code: 'ENOTFOUND',
    syscall: 'getaddrinfo',
    hostname: 'emby.host.or.ip2'
  }
]
[2025-08-20T02:05:51.127Z] error: <httpProxy> Error calling http://sonarr.host.or.ip/api/v3/wanted/missing...
[2025-08-20T02:05:51.128Z] error: <httpProxy> [
  500,
  [Error: getaddrinfo ENOTFOUND sonarr.host.or.ip] {
    errno: -3008,
    code: 'ENOTFOUND',
    syscall: 'getaddrinfo',
    hostname: 'sonarr.host.or.ip'
  }
]
[2025-08-20T02:05:51.143Z] error: <httpProxy> Error calling http://sonarr.host.or.ip/api/v3/queue/details...
[2025-08-20T02:05:51.144Z] error: <httpProxy> [
  500,
  [Error: getaddrinfo ENOTFOUND sonarr.host.or.ip] {
    errno: -3008,
    code: 'ENOTFOUND',
    syscall: 'getaddrinfo',
    hostname: 'sonarr.host.or.ip'
  }
]
[2025-08-20T02:05:52.442Z] error: <httpProxy> Error calling http://emby.host.or.ip/emby/Sessions...
[2025-08-20T02:05:52.443Z] error: <httpProxy> [
  500,
  [Error: getaddrinfo ENOTFOUND emby.host.or.ip] {
    errno: -3008,
    code: 'ENOTFOUND',
    syscall: 'getaddrinfo',
    hostname: 'emby.host.or.ip'
  }
]
[2025-08-20T02:05:52.445Z] error: <httpProxy> Error calling http://emby.host.or.ip/emby/Items/Counts...
[2025-08-20T02:05:52.446Z] error: <httpProxy> [
  500,
  [Error: getaddrinfo ENOTFOUND emby.host.or.ip] {
    errno: -3008,
    code: 'ENOTFOUND',
    syscall: 'getaddrinfo',
    hostname: 'emby.host.or.ip'
  }
]
[2025-08-20T02:05:52.447Z] error: <httpProxy> Error calling http://emby.host.or.ip2/emby/Items/Counts...
[2025-08-20T02:05:52.448Z] error: <httpProxy> [
  500,
  [Error: getaddrinfo ENOTFOUND emby.host.or.ip2] {
    errno: -3008,
    code: 'ENOTFOUND',
    syscall: 'getaddrinfo',
    hostname: 'emby.host.or.ip2'
  }
]
[2025-08-20T02:05:52.450Z] error: <httpProxy> Error calling http://emby.host.or.ip2/emby/Sessions...
[2025-08-20T02:05:52.451Z] error: <httpProxy> [
  500,
  [Error: getaddrinfo ENOTFOUND emby.host.or.ip2] {
    errno: -3008,
    code: 'ENOTFOUND',
    syscall: 'getaddrinfo',
    hostname: 'emby.host.or.ip2'
  }
]
[2025-08-20T02:05:52.463Z] error: undefined
[2025-08-20T02:05:52.478Z] error: undefined
[2025-08-20T02:05:52.572Z] error: <httpProxy> Error calling http://sonarr.host.or.ip/api/v3/wanted/missing...
[2025-08-20T02:05:52.573Z] error: <httpProxy> [
  500,
  [Error: getaddrinfo ENOTFOUND sonarr.host.or.ip] {
    errno: -3008,
    code: 'ENOTFOUND',
    syscall: 'getaddrinfo',
    hostname: 'sonarr.host.or.ip'
  }
]
[2025-08-20T02:05:52.574Z] error: <httpProxy> Error calling http://sonarr.host.or.ip/api/v3/queue...
[2025-08-20T02:05:52.574Z] error: <httpProxy> [
  500,
  [Error: getaddrinfo ENOTFOUND sonarr.host.or.ip] {
    errno: -3008,
    code: 'ENOTFOUND',
    syscall: 'getaddrinfo',
    hostname: 'sonarr.host.or.ip'
  }
]
[2025-08-20T02:05:52.576Z] error: <httpProxy> Error calling http://sonarr.host.or.ip/api/v3/series...
[2025-08-20T02:05:52.576Z] error: <httpProxy> [
  500,
  [Error: getaddrinfo ENOTFOUND sonarr.host.or.ip] {
    errno: -3008,
    code: 'ENOTFOUND',
    syscall: 'getaddrinfo',
    hostname: 'sonarr.host.or.ip'
  }
]
[2025-08-20T02:05:52.589Z] error: <httpProxy> Error calling http://sonarr.host.or.ip/api/v3/queue/details...
[2025-08-20T02:05:52.590Z] error: <httpProxy> [
  500,
  [Error: getaddrinfo ENOTFOUND sonarr.host.or.ip] {
    errno: -3008,
    code: 'ENOTFOUND',
    syscall: 'getaddrinfo',
    hostname: 'sonarr.host.or.ip'
  }
]
[2025-08-20T02:05:53.937Z] error: <httpProxy> Error calling http://emby.host.or.ip/emby/Items/Counts...
[2025-08-20T02:05:53.938Z] error: <httpProxy> [
  500,
  [Error: getaddrinfo ENOTFOUND emby.host.or.ip] {
    errno: -3008,
    code: 'ENOTFOUND',
    syscall: 'getaddrinfo',
    hostname: 'emby.host.or.ip'
  }
]
[2025-08-20T02:05:53.939Z] error: <httpProxy> Error calling http://sonarr.host.or.ip/api/v3/queue...
[2025-08-20T02:05:53.940Z] error: <httpProxy> [
  500,
  [Error: getaddrinfo ENOTFOUND sonarr.host.or.ip] {
    errno: -3008,
    code: 'ENOTFOUND',
    syscall: 'getaddrinfo',
    hostname: 'sonarr.host.or.ip'
  }
]
[2025-08-20T02:05:56.713Z] error: <httpProxy> Error calling http://emby.host.or.ip/emby/Sessions...
[2025-08-20T02:05:56.714Z] error: <httpProxy> [
  500,
  [Error: getaddrinfo ENOTFOUND emby.host.or.ip] {
    errno: -3008,
    code: 'ENOTFOUND',
    syscall: 'getaddrinfo',
    hostname: 'emby.host.or.ip'
  }
]
[2025-08-20T02:06:01.490Z] error: undefined
[2025-08-20T02:06:01.492Z] error: <httpProxy> Error calling http://emby.host.or.ip2/emby/Sessions...
[2025-08-20T02:06:01.493Z] error: <httpProxy> [
  500,
  [Error: getaddrinfo ENOTFOUND emby.host.or.ip2] {
    errno: -3008,
    code: 'ENOTFOUND',
    syscall: 'getaddrinfo',
    hostname: 'emby.host.or.ip2'
  }
]
[2025-08-20T02:06:03.782Z] error: <httpProxy> Error calling http://sonarr.host.or.ip/api/v3/queue/details...
[2025-08-20T02:06:03.782Z] error: <httpProxy> [
  500,
  [Error: getaddrinfo ENOTFOUND sonarr.host.or.ip] {
    errno: -3008,
    code: 'ENOTFOUND',
    syscall: 'getaddrinfo',
    hostname: 'sonarr.host.or.ip'
  }
]
[2025-08-20T02:06:07.229Z] error: <httpProxy> Error calling http://emby.host.or.ip2/emby/Items/Counts...
[2025-08-20T02:06:07.230Z] error: <httpProxy> [
  500,
  [Error: getaddrinfo ENOTFOUND emby.host.or.ip2] {
    errno: -3008,
    code: 'ENOTFOUND',
    syscall: 'getaddrinfo',
    hostname: 'emby.host.or.ip2'
  }
]
[2025-08-20T02:06:08.668Z] error: <httpProxy> Error calling http://sonarr.host.or.ip/api/v3/series...
[2025-08-20T02:06:08.669Z] error: <httpProxy> [
  500,
  [Error: getaddrinfo ENOTFOUND sonarr.host.or.ip] {
    errno: -3008,
    code: 'ENOTFOUND',
    syscall: 'getaddrinfo',
    hostname: 'sonarr.host.or.ip'
  }
]
[2025-08-20T02:06:11.827Z] error: undefined
[2025-08-20T02:06:11.828Z] error: <httpProxy> Error calling http://emby.host.or.ip/emby/Items/Counts...
[2025-08-20T02:06:11.829Z] error: <httpProxy> [
  500,
  [Error: getaddrinfo ENOTFOUND emby.host.or.ip] {
    errno: -3008,
    code: 'ENOTFOUND',
    syscall: 'getaddrinfo',
    hostname: 'emby.host.or.ip'
  }
]
[2025-08-20T02:06:11.833Z] error: <httpProxy> Error calling http://sonarr.host.or.ip/api/v3/queue...
[2025-08-20T02:06:11.833Z] error: <httpProxy> [
  500,
  [Error: getaddrinfo ENOTFOUND sonarr.host.or.ip] {
    errno: -3008,
    code: 'ENOTFOUND',
    syscall: 'getaddrinfo',
    hostname: 'sonarr.host.or.ip'
  }
]
[2025-08-20T02:06:11.835Z] error: <httpProxy> Error calling http://sonarr.host.or.ip/api/v3/series...
[2025-08-20T02:06:11.836Z] error: <httpProxy> [
  500,
  [Error: getaddrinfo ENOTFOUND sonarr.host.or.ip] {
    errno: -3008,
    code: 'ENOTFOUND',
    syscall: 'getaddrinfo',
    hostname: 'sonarr.host.or.ip'
  }
]
[2025-08-20T02:06:11.837Z] error: <httpProxy> Error calling http://sonarr.host.or.ip/api/v3/queue/details...
[2025-08-20T02:06:11.837Z] error: <httpProxy> [
  500,
  [Error: getaddrinfo ENOTFOUND sonarr.host.or.ip] {
    errno: -3008,
    code: 'ENOTFOUND',
    syscall: 'getaddrinfo',
    hostname: 'sonarr.host.or.ip'
  }
]
[2025-08-20T02:06:17.655Z] error: <httpProxy> Error calling http://sonarr.host.or.ip/api/v3/wanted/missing...
[2025-08-20T02:06:17.655Z] error: <httpProxy> [
  500,
  [Error: getaddrinfo ENOTFOUND sonarr.host.or.ip] {
    errno: -3008,
    code: 'ENOTFOUND',
    syscall: 'getaddrinfo',
    hostname: 'sonarr.host.or.ip'
  }
]
[2025-08-20T02:23:40.664Z] error: undefined
[2025-08-20T02:23:40.672Z] error: <httpProxy> Error calling http://sonarr.host.or.ip/api/v3/wanted/missing...
[2025-08-20T02:23:40.677Z] error: <httpProxy> [
  500,
  [Error: getaddrinfo ENOTFOUND sonarr.host.or.ip] {
    errno: -3008,
    code: 'ENOTFOUND',
    syscall: 'getaddrinfo',
    hostname: 'sonarr.host.or.ip'
  }
]
[2025-08-20T02:23:40.688Z] error: <httpProxy> Error calling http://emby.host.or.ip2/emby/Sessions...
[2025-08-20T02:23:40.690Z] error: <httpProxy> [
  500,
  [Error: getaddrinfo ENOTFOUND emby.host.or.ip2] {
    errno: -3008,
    code: 'ENOTFOUND',
    syscall: 'getaddrinfo',
    hostname: 'emby.host.or.ip2'
  }
]
[2025-08-20T02:23:40.697Z] error: <httpProxy> Error calling http://sonarr.host.or.ip/api/v3/queue...
[2025-08-20T02:23:40.698Z] error: <httpProxy> [
  500,
  [Error: getaddrinfo ENOTFOUND sonarr.host.or.ip] {
    errno: -3008,
    code: 'ENOTFOUND',
    syscall: 'getaddrinfo',
    hostname: 'sonarr.host.or.ip'
  }
]
[2025-08-20T02:23:40.705Z] error: undefined
[2025-08-20T02:23:40.701Z] error: <httpProxy> Error calling http://emby.host.or.ip2/emby/Items/Counts...
[2025-08-20T02:23:40.702Z] error: <httpProxy> [
  500,
  [Error: getaddrinfo ENOTFOUND emby.host.or.ip2] {
    errno: -3008,
    code: 'ENOTFOUND',
    syscall: 'getaddrinfo',
    hostname: 'emby.host.or.ip2'
  }
]
[2025-08-20T02:23:40.903Z] error: <httpProxy> Error calling http://emby.host.or.ip/emby/Sessions...
[2025-08-20T02:23:40.904Z] error: <httpProxy> [
  500,
  [Error: getaddrinfo ENOTFOUND emby.host.or.ip] {
    errno: -3008,
    code: 'ENOTFOUND',
    syscall: 'getaddrinfo',
    hostname: 'emby.host.or.ip'
  }
]
[2025-08-20T02:23:40.916Z] error: <httpProxy> Error calling http://emby.host.or.ip/emby/Items/Counts...
[2025-08-20T02:23:40.917Z] error: <httpProxy> [
  500,
  [Error: getaddrinfo ENOTFOUND emby.host.or.ip] {
    errno: -3008,
    code: 'ENOTFOUND',
    syscall: 'getaddrinfo',
    hostname: 'emby.host.or.ip'
  }
]
[2025-08-20T02:23:40.919Z] error: <httpProxy> Error calling http://sonarr.host.or.ip/api/v3/series...
[2025-08-20T02:23:40.919Z] error: <httpProxy> [
  500,
  [Error: getaddrinfo ENOTFOUND sonarr.host.or.ip] {
    errno: -3008,
    code: 'ENOTFOUND',
    syscall: 'getaddrinfo',
    hostname: 'sonarr.host.or.ip'
  }
]
[2025-08-20T02:23:40.928Z] error: <httpProxy> Error calling http://sonarr.host.or.ip/api/v3/queue/details...
[2025-08-20T02:23:40.929Z] error: <httpProxy> [
  500,
  [Error: getaddrinfo ENOTFOUND sonarr.host.or.ip] {
    errno: -3008,
    code: 'ENOTFOUND',
    syscall: 'getaddrinfo',
    hostname: 'sonarr.host.or.ip'
  }
]
[2025-08-20T02:23:41.650Z] error: <httpProxy> Error calling http://emby.host.or.ip/emby/Sessions...
[2025-08-20T02:23:41.651Z] error: <httpProxy> [
  500,
  [Error: getaddrinfo ENOTFOUND emby.host.or.ip] {
    errno: -3008,
    code: 'ENOTFOUND',
    syscall: 'getaddrinfo',
    hostname: 'emby.host.or.ip'
  }
]
[2025-08-20T02:23:41.653Z] error: <httpProxy> Error calling http://emby.host.or.ip/emby/Items/Counts...
[2025-08-20T02:23:41.653Z] error: <httpProxy> [
  500,
  [Error: getaddrinfo ENOTFOUND emby.host.or.ip] {
    errno: -3008,
    code: 'ENOTFOUND',
    syscall: 'getaddrinfo',
    hostname: 'emby.host.or.ip'
  }
]
[2025-08-20T02:23:41.732Z] error: undefined
[2025-08-20T02:23:41.734Z] error: <httpProxy> Error calling http://emby.host.or.ip2/emby/Sessions...
[2025-08-20T02:23:41.734Z] error: undefined
[2025-08-20T02:23:41.735Z] error: <httpProxy> [
  500,
  [Error: getaddrinfo ENOTFOUND emby.host.or.ip2] {
    errno: -3008,
    code: 'ENOTFOUND',
    syscall: 'getaddrinfo',
    hostname: 'emby.host.or.ip2'
  }
]
[2025-08-20T02:23:41.737Z] error: <httpProxy> Error calling http://emby.host.or.ip2/emby/Items/Counts...
[2025-08-20T02:23:41.738Z] error: <httpProxy> [
  500,
  [Error: getaddrinfo ENOTFOUND emby.host.or.ip2] {
    errno: -3008,
    code: 'ENOTFOUND',
    syscall: 'getaddrinfo',
    hostname: 'emby.host.or.ip2'
  }
]
[2025-08-20T02:23:41.785Z] error: <httpProxy> Error calling http://sonarr.host.or.ip/api/v3/wanted/missing...
[2025-08-20T02:23:41.786Z] error: <httpProxy> [
  500,
  [Error: getaddrinfo ENOTFOUND sonarr.host.or.ip] {
    errno: -3008,
    code: 'ENOTFOUND',
    syscall: 'getaddrinfo',
    hostname: 'sonarr.host.or.ip'
  }
]
[2025-08-20T02:23:41.787Z] error: <httpProxy> Error calling http://sonarr.host.or.ip/api/v3/queue...
[2025-08-20T02:23:41.788Z] error: <httpProxy> [
  500,
  [Error: getaddrinfo ENOTFOUND sonarr.host.or.ip] {
    errno: -3008,
    code: 'ENOTFOUND',
    syscall: 'getaddrinfo',
    hostname: 'sonarr.host.or.ip'
  }
]
[2025-08-20T02:23:41.875Z] error: <httpProxy> Error calling http://sonarr.host.or.ip/api/v3/series...
[2025-08-20T02:23:41.876Z] error: <httpProxy> [
  500,
  [Error: getaddrinfo ENOTFOUND sonarr.host.or.ip] {
    errno: -3008,
    code: 'ENOTFOUND',
    syscall: 'getaddrinfo',
    hostname: 'sonarr.host.or.ip'
  }
]
[2025-08-20T02:23:41.877Z] error: <httpProxy> Error calling http://sonarr.host.or.ip/api/v3/queue/details...
[2025-08-20T02:23:41.878Z] error: <httpProxy> [
  500,
  [Error: getaddrinfo ENOTFOUND sonarr.host.or.ip] {
    errno: -3008,
    code: 'ENOTFOUND',
    syscall: 'getaddrinfo',
    hostname: 'sonarr.host.or.ip'
  }
]
[2025-08-20T02:23:46.719Z] error: <httpProxy> Error calling http://emby.host.or.ip/emby/Sessions...
[2025-08-20T02:23:46.719Z] error: <httpProxy> [
  500,
  [Error: getaddrinfo ENOTFOUND emby.host.or.ip] {
    errno: -3008,
    code: 'ENOTFOUND',
    syscall: 'getaddrinfo',
    hostname: 'emby.host.or.ip'
  }
]
[2025-08-20T02:23:46.811Z] error: undefined
[2025-08-20T02:23:46.862Z] error: <httpProxy> Error calling http://sonarr.host.or.ip/api/v3/wanted/missing...
[2025-08-20T02:23:46.863Z] error: <httpProxy> [
  500,
  [Error: getaddrinfo ENOTFOUND sonarr.host.or.ip] {
    errno: -3008,
    code: 'ENOTFOUND',
    syscall: 'getaddrinfo',
    hostname: 'sonarr.host.or.ip'
  }
]
[2025-08-20T02:23:46.865Z] error: <httpProxy> Error calling http://sonarr.host.or.ip/api/v3/queue...
[2025-08-20T02:23:46.866Z] error: <httpProxy> [
  500,
  [Error: getaddrinfo ENOTFOUND sonarr.host.or.ip] {
    errno: -3008,
    code: 'ENOTFOUND',
    syscall: 'getaddrinfo',
    hostname: 'sonarr.host.or.ip'
  }
]
[2025-08-20T02:23:46.951Z] error: <httpProxy> Error calling http://sonarr.host.or.ip/api/v3/queue/details...
[2025-08-20T02:23:46.951Z] error: <httpProxy> [
  500,
  [Error: getaddrinfo ENOTFOUND sonarr.host.or.ip] {
    errno: -3008,
    code: 'ENOTFOUND',
    syscall: 'getaddrinfo',
    hostname: 'sonarr.host.or.ip'
  }
]
[2025-08-20T02:23:50.072Z] error: <httpProxy> Error calling http://emby.host.or.ip/emby/Sessions...
[2025-08-20T02:23:50.072Z] error: <httpProxy> [
  500,
  [Error: getaddrinfo ENOTFOUND emby.host.or.ip] {
    errno: -3008,
    code: 'ENOTFOUND',
    syscall: 'getaddrinfo',
    hostname: 'emby.host.or.ip'
  }
]
[2025-08-20T02:23:50.125Z] error: <httpProxy> Error calling http://emby.host.or.ip/emby/Items/Counts...
[2025-08-20T02:23:50.128Z] error: undefined
[2025-08-20T02:23:50.125Z] error: <httpProxy> [
  500,
  [Error: getaddrinfo ENOTFOUND emby.host.or.ip] {
    errno: -3008,
    code: 'ENOTFOUND',
    syscall: 'getaddrinfo',
    hostname: 'emby.host.or.ip'
  }
]
[2025-08-20T02:23:50.128Z] error: <httpProxy> Error calling http://emby.host.or.ip2/emby/Sessions...
[2025-08-20T02:23:50.129Z] error: <httpProxy> [
  500,
  [Error: getaddrinfo ENOTFOUND emby.host.or.ip2] {
    errno: -3008,
    code: 'ENOTFOUND',
    syscall: 'getaddrinfo',
    hostname: 'emby.host.or.ip2'
  }
]
[2025-08-20T02:23:50.133Z] error: undefined
[2025-08-20T02:23:50.130Z] error: <httpProxy> Error calling http://emby.host.or.ip2/emby/Items/Counts...
[2025-08-20T02:23:50.130Z] error: <httpProxy> [
  500,
  [Error: getaddrinfo ENOTFOUND emby.host.or.ip2] {
    errno: -3008,
    code: 'ENOTFOUND',
    syscall: 'getaddrinfo',
    hostname: 'emby.host.or.ip2'
  }
]
[2025-08-20T02:23:50.194Z] error: <httpProxy> Error calling http://sonarr.host.or.ip/api/v3/wanted/missing...
[2025-08-20T02:23:50.195Z] error: <httpProxy> [
  500,
  [Error: getaddrinfo ENOTFOUND sonarr.host.or.ip] {
    errno: -3008,
    code: 'ENOTFOUND',
    syscall: 'getaddrinfo',
    hostname: 'sonarr.host.or.ip'
  }
]
[2025-08-20T02:23:50.276Z] error: <httpProxy> Error calling http://sonarr.host.or.ip/api/v3/queue...
[2025-08-20T02:23:50.276Z] error: <httpProxy> [
  500,
  [Error: getaddrinfo ENOTFOUND sonarr.host.or.ip] {
    errno: -3008,
    code: 'ENOTFOUND',
    syscall: 'getaddrinfo',
    hostname: 'sonarr.host.or.ip'
  }
]
[2025-08-20T02:23:50.278Z] error: <httpProxy> Error calling http://sonarr.host.or.ip/api/v3/series...
[2025-08-20T02:23:50.278Z] error: <httpProxy> [
  500,
  [Error: getaddrinfo ENOTFOUND sonarr.host.or.ip] {
    errno: -3008,
    code: 'ENOTFOUND',
    syscall: 'getaddrinfo',
    hostname: 'sonarr.host.or.ip'
  }
]
[2025-08-20T02:23:50.279Z] error: <httpProxy> Error calling http://sonarr.host.or.ip/api/v3/queue/details...
[2025-08-20T02:23:50.280Z] error: <httpProxy> [
  500,
  [Error: getaddrinfo ENOTFOUND sonarr.host.or.ip] {
    errno: -3008,
    code: 'ENOTFOUND',
    syscall: 'getaddrinfo',
    hostname: 'sonarr.host.or.ip'
  }
]
[2025-08-20T02:23:51.143Z] error: <httpProxy> Error calling http://emby.host.or.ip/emby/Sessions...
[2025-08-20T02:23:51.144Z] error: <httpProxy> [
  500,
  [Error: getaddrinfo ENOTFOUND emby.host.or.ip] {
    errno: -3008,
    code: 'ENOTFOUND',
    syscall: 'getaddrinfo',
    hostname: 'emby.host.or.ip'
  }
]
[2025-08-20T02:23:51.148Z] error: <httpProxy> Error calling http://emby.host.or.ip2/emby/Sessions...
[2025-08-20T02:23:51.149Z] error: <httpProxy> [
  500,
  [Error: getaddrinfo ENOTFOUND emby.host.or.ip2] {
    errno: -3008,
    code: 'ENOTFOUND',
    syscall: 'getaddrinfo',
    hostname: 'emby.host.or.ip2'
  }
]
[2025-08-20T02:23:51.151Z] error: <httpProxy> Error calling http://emby.host.or.ip/emby/Items/Counts...
[2025-08-20T02:23:51.152Z] error: <httpProxy> [
  500,
  [Error: getaddrinfo ENOTFOUND emby.host.or.ip] {
    errno: -3008,
    code: 'ENOTFOUND',
    syscall: 'getaddrinfo',
    hostname: 'emby.host.or.ip'
  }
]
[2025-08-20T02:23:51.225Z] error: undefined
[2025-08-20T02:23:51.227Z] error: undefined
[2025-08-20T02:23:51.228Z] error: <httpProxy> Error calling http://emby.host.or.ip2/emby/Items/Counts...
[2025-08-20T02:23:51.228Z] error: <httpProxy> [
  500,
  [Error: getaddrinfo ENOTFOUND emby.host.or.ip2] {
    errno: -3008,
    code: 'ENOTFOUND',
    syscall: 'getaddrinfo',
    hostname: 'emby.host.or.ip2'
  }
]
[2025-08-20T02:23:51.275Z] error: <httpProxy> Error calling http://sonarr.host.or.ip/api/v3/wanted/missing...
[2025-08-20T02:23:51.275Z] error: <httpProxy> [
  500,
  [Error: getaddrinfo ENOTFOUND sonarr.host.or.ip] {
    errno: -3008,
    code: 'ENOTFOUND',
    syscall: 'getaddrinfo',
    hostname: 'sonarr.host.or.ip'
  }
]
[2025-08-20T02:23:51.287Z] error: <httpProxy> Error calling http://sonarr.host.or.ip/api/v3/queue...
[2025-08-20T02:23:51.287Z] error: <httpProxy> [
  500,
  [Error: getaddrinfo ENOTFOUND sonarr.host.or.ip] {
    errno: -3008,
    code: 'ENOTFOUND',
    syscall: 'getaddrinfo',
    hostname: 'sonarr.host.or.ip'
  }
]
[2025-08-20T02:23:51.288Z] error: <httpProxy> Error calling http://sonarr.host.or.ip/api/v3/series...
[2025-08-20T02:23:51.289Z] error: <httpProxy> [
  500,
  [Error: getaddrinfo ENOTFOUND sonarr.host.or.ip] {
    errno: -3008,
    code: 'ENOTFOUND',
    syscall: 'getaddrinfo',
    hostname: 'sonarr.host.or.ip'
  }
]
[2025-08-20T02:23:51.366Z] error: <httpProxy> Error calling http://sonarr.host.or.ip/api/v3/queue/details...
[2025-08-20T02:23:51.366Z] error: <httpProxy> [
  500,
  [Error: getaddrinfo ENOTFOUND sonarr.host.or.ip] {
    errno: -3008,
    code: 'ENOTFOUND',
    syscall: 'getaddrinfo',
    hostname: 'sonarr.host.or.ip'
  }
]
[2025-08-20T02:23:56.211Z] error: <httpProxy> Error calling http://emby.host.or.ip/emby/Sessions...
[2025-08-20T02:23:56.212Z] error: <httpProxy> [
  500,
  [Error: getaddrinfo ENOTFOUND emby.host.or.ip] {
    errno: -3008,
    code: 'ENOTFOUND',
    syscall: 'getaddrinfo',
    hostname: 'emby.host.or.ip'
  }
]
[2025-08-20T02:23:56.249Z] error: <httpProxy> Error calling http://emby.host.or.ip2/emby/Sessions...
[2025-08-20T02:23:56.250Z] error: <httpProxy> [
  500,
  [Error: getaddrinfo ENOTFOUND emby.host.or.ip2] {
    errno: -3008,
    code: 'ENOTFOUND',
    syscall: 'getaddrinfo',
    hostname: 'emby.host.or.ip2'
  }
]
[2025-08-20T02:23:56.251Z] error: <httpProxy> Error calling http://emby.host.or.ip/emby/Items/Counts...
[2025-08-20T02:23:56.252Z] error: <httpProxy> [
  500,
  [Error: getaddrinfo ENOTFOUND emby.host.or.ip] {
    errno: -3008,
    code: 'ENOTFOUND',
    syscall: 'getaddrinfo',
    hostname: 'emby.host.or.ip'
  }
]
[2025-08-20T02:23:56.285Z] error: undefined
[2025-08-20T02:23:56.339Z] error: <httpProxy> Error calling http://sonarr.host.or.ip/api/v3/queue...
[2025-08-20T02:23:56.340Z] error: <httpProxy> [
  500,
  [Error: getaddrinfo ENOTFOUND sonarr.host.or.ip] {
    errno: -3008,
    code: 'ENOTFOUND',
    syscall: 'getaddrinfo',
    hostname: 'sonarr.host.or.ip'
  }
]
[2025-08-20T02:23:56.430Z] error: <httpProxy> Error calling http://sonarr.host.or.ip/api/v3/queue/details...
[2025-08-20T02:23:56.431Z] error: <httpProxy> [
  500,
  [Error: getaddrinfo ENOTFOUND sonarr.host.or.ip] {
    errno: -3008,
    code: 'ENOTFOUND',
    syscall: 'getaddrinfo',
    hostname: 'sonarr.host.or.ip'
  }
]
[2025-08-20T02:23:56.921Z] error: <httpProxy> Error calling http://emby.host.or.ip/emby/Sessions...
[2025-08-20T02:23:56.921Z] error: <httpProxy> [
  500,
  [Error: getaddrinfo ENOTFOUND emby.host.or.ip] {
    errno: -3008,
    code: 'ENOTFOUND',
    syscall: 'getaddrinfo',
    hostname: 'emby.host.or.ip'
  }
]
[2025-08-20T02:23:56.922Z] error: <httpProxy> Error calling http://emby.host.or.ip/emby/Items/Counts...
[2025-08-20T02:23:56.923Z] error: <httpProxy> [
  500,
  [Error: getaddrinfo ENOTFOUND emby.host.or.ip] {
    errno: -3008,
    code: 'ENOTFOUND',
    syscall: 'getaddrinfo',
    hostname: 'emby.host.or.ip'
  }
]
[2025-08-20T02:23:57.007Z] error: undefined
[2025-08-20T02:23:57.009Z] error: <httpProxy> Error calling http://emby.host.or.ip2/emby/Sessions...
[2025-08-20T02:23:57.012Z] error: undefined
[2025-08-20T02:23:57.010Z] error: <httpProxy> [
  500,
  [Error: getaddrinfo ENOTFOUND emby.host.or.ip2] {
    errno: -3008,
    code: 'ENOTFOUND',
    syscall: 'getaddrinfo',
    hostname: 'emby.host.or.ip2'
  }
]
[2025-08-20T02:23:57.013Z] error: <httpProxy> Error calling http://emby.host.or.ip2/emby/Items/Counts...
[2025-08-20T02:23:57.013Z] error: <httpProxy> [
  500,
  [Error: getaddrinfo ENOTFOUND emby.host.or.ip2] {
    errno: -3008,
    code: 'ENOTFOUND',
    syscall: 'getaddrinfo',
    hostname: 'emby.host.or.ip2'
  }
]
[2025-08-20T02:23:57.054Z] error: <httpProxy> Error calling http://sonarr.host.or.ip/api/v3/queue...
[2025-08-20T02:23:57.054Z] error: <httpProxy> [
  500,
  [Error: getaddrinfo ENOTFOUND sonarr.host.or.ip] {
    errno: -3008,
    code: 'ENOTFOUND',
    syscall: 'getaddrinfo',
    hostname: 'sonarr.host.or.ip'
  }
]
[2025-08-20T02:23:57.055Z] error: <httpProxy> Error calling http://sonarr.host.or.ip/api/v3/wanted/missing...
[2025-08-20T02:23:57.056Z] error: <httpProxy> [
  500,
  [Error: getaddrinfo ENOTFOUND sonarr.host.or.ip] {
    errno: -3008,
    code: 'ENOTFOUND',
    syscall: 'getaddrinfo',
    hostname: 'sonarr.host.or.ip'
  }
]
[2025-08-20T02:23:57.155Z] error: <httpProxy> Error calling http://sonarr.host.or.ip/api/v3/queue/details...
[2025-08-20T02:23:57.156Z] error: <httpProxy> [
  500,
  [Error: getaddrinfo ENOTFOUND sonarr.host.or.ip] {
    errno: -3008,
    code: 'ENOTFOUND',
    syscall: 'getaddrinfo',
    hostname: 'sonarr.host.or.ip'
  }
]
[2025-08-20T02:23:57.157Z] error: <httpProxy> Error calling http://sonarr.host.or.ip/api/v3/series...
[2025-08-20T02:23:57.157Z] error: <httpProxy> [
  500,
  [Error: getaddrinfo ENOTFOUND sonarr.host.or.ip] {
    errno: -3008,
    code: 'ENOTFOUND',
    syscall: 'getaddrinfo',
    hostname: 'sonarr.host.or.ip'
  }
]
[2025-08-20T02:24:02.590Z] error: <httpProxy> Error calling http://emby.host.or.ip2/emby/Items/Counts...
[2025-08-20T02:24:02.597Z] error: undefined
[2025-08-20T02:24:02.591Z] error: <httpProxy> [
  500,
  [Error: getaddrinfo ENOTFOUND emby.host.or.ip2] {
    errno: -3008,
    code: 'ENOTFOUND',
    syscall: 'getaddrinfo',
    hostname: 'emby.host.or.ip2'
  }
]
[2025-08-20T02:24:02.593Z] error: <httpProxy> Error calling http://sonarr.host.or.ip/api/v3/queue/details...
[2025-08-20T02:24:02.594Z] error: <httpProxy> [
  500,
  [Error: getaddrinfo ENOTFOUND sonarr.host.or.ip] {
    errno: -3008,
    code: 'ENOTFOUND',
    syscall: 'getaddrinfo',
    hostname: 'sonarr.host.or.ip'
  }
]
[2025-08-20T02:24:02.598Z] error: <httpProxy> Error calling http://sonarr.host.or.ip/api/v3/wanted/missing...
[2025-08-20T02:24:02.599Z] error: <httpProxy> [
  500,
  [Error: getaddrinfo ENOTFOUND sonarr.host.or.ip] {
    errno: -3008,
    code: 'ENOTFOUND',
    syscall: 'getaddrinfo',
    hostname: 'sonarr.host.or.ip'
  }
]
[2025-08-20T02:24:05.913Z] error: <httpProxy> Error calling http://emby.host.or.ip/emby/Sessions...
[2025-08-20T02:24:05.914Z] error: <httpProxy> [
  500,
  [Error: getaddrinfo ENOTFOUND emby.host.or.ip] {
    errno: -3008,
    code: 'ENOTFOUND',
    syscall: 'getaddrinfo',
    hostname: 'emby.host.or.ip'
  }
]
[2025-08-20T02:24:05.961Z] error: <httpProxy> Error calling http://emby.host.or.ip/emby/Items/Counts...
[2025-08-20T02:24:05.961Z] error: <httpProxy> [
  500,
  [Error: getaddrinfo ENOTFOUND emby.host.or.ip] {
    errno: -3008,
    code: 'ENOTFOUND',
    syscall: 'getaddrinfo',
    hostname: 'emby.host.or.ip'
  }
]
[2025-08-20T02:24:06.008Z] error: undefined
[2025-08-20T02:24:06.009Z] error: <httpProxy> Error calling http://emby.host.or.ip2/emby/Sessions...
[2025-08-20T02:24:06.011Z] error: undefined
[2025-08-20T02:24:06.009Z] error: <httpProxy> [
  500,
  [Error: getaddrinfo ENOTFOUND emby.host.or.ip2] {
    errno: -3008,
    code: 'ENOTFOUND',
    syscall: 'getaddrinfo',
    hostname: 'emby.host.or.ip2'
  }
]
[2025-08-20T02:24:06.011Z] error: <httpProxy> Error calling http://emby.host.or.ip2/emby/Items/Counts...
[2025-08-20T02:24:06.012Z] error: <httpProxy> [
  500,
  [Error: getaddrinfo ENOTFOUND emby.host.or.ip2] {
    errno: -3008,
    code: 'ENOTFOUND',
    syscall: 'getaddrinfo',
    hostname: 'emby.host.or.ip2'
  }
]
[2025-08-20T02:24:06.035Z] error: <httpProxy> Error calling http://sonarr.host.or.ip/api/v3/wanted/missing...
[2025-08-20T02:24:06.037Z] error: <httpProxy> [
  500,
  [Error: getaddrinfo ENOTFOUND sonarr.host.or.ip] {
    errno: -3008,
    code: 'ENOTFOUND',
    syscall: 'getaddrinfo',
    hostname: 'sonarr.host.or.ip'
  }
]
[2025-08-20T02:24:06.083Z] error: <httpProxy> Error calling http://sonarr.host.or.ip/api/v3/queue...
[2025-08-20T02:24:06.084Z] error: <httpProxy> [
  500,
  [Error: getaddrinfo ENOTFOUND sonarr.host.or.ip] {
    errno: -3008,
    code: 'ENOTFOUND',
    syscall: 'getaddrinfo',
    hostname: 'sonarr.host.or.ip'
  }
]
[2025-08-20T02:24:06.186Z] error: <httpProxy> Error calling http://sonarr.host.or.ip/api/v3/series...
[2025-08-20T02:24:06.187Z] error: <httpProxy> [
  500,
  [Error: getaddrinfo ENOTFOUND sonarr.host.or.ip] {
    errno: -3008,
    code: 'ENOTFOUND',
    syscall: 'getaddrinfo',
    hostname: 'sonarr.host.or.ip'
  }
]
[2025-08-20T02:24:06.197Z] error: <httpProxy> Error calling http://sonarr.host.or.ip/api/v3/queue/details...
[2025-08-20T02:24:06.198Z] error: <httpProxy> [
  500,
  [Error: getaddrinfo ENOTFOUND sonarr.host.or.ip] {
    errno: -3008,
    code: 'ENOTFOUND',
    syscall: 'getaddrinfo',
    hostname: 'sonarr.host.or.ip'
  }
]
[2025-08-20T02:24:06.990Z] error: <httpProxy> Error calling http://emby.host.or.ip/emby/Items/Counts...
[2025-08-20T02:24:06.990Z] error: <httpProxy> [
  500,
  [Error: getaddrinfo ENOTFOUND emby.host.or.ip] {
    errno: -3008,
    code: 'ENOTFOUND',
    syscall: 'getaddrinfo',
    hostname: 'emby.host.or.ip'
  }
]
[2025-08-20T02:24:06.992Z] error: <httpProxy> Error calling http://emby.host.or.ip/emby/Sessions...
[2025-08-20T02:24:06.992Z] error: <httpProxy> [
  500,
  [Error: getaddrinfo ENOTFOUND emby.host.or.ip] {
    errno: -3008,
    code: 'ENOTFOUND',
    syscall: 'getaddrinfo',
    hostname: 'emby.host.or.ip'
  }
]
[2025-08-20T02:24:07.081Z] error: undefined
[2025-08-20T02:24:07.082Z] error: <httpProxy> Error calling http://emby.host.or.ip2/emby/Sessions...
[2025-08-20T02:24:07.083Z] error: <httpProxy> [
  500,
  [Error: getaddrinfo ENOTFOUND emby.host.or.ip2] {
    errno: -3008,
    code: 'ENOTFOUND',
    syscall: 'getaddrinfo',
    hostname: 'emby.host.or.ip2'
  }
]
[2025-08-20T02:24:07.195Z] error: <httpProxy> Error calling http://sonarr.host.or.ip/api/v3/queue...
[2025-08-20T02:24:07.196Z] error: <httpProxy> [
  500,
  [Error: getaddrinfo ENOTFOUND sonarr.host.or.ip] {
    errno: -3008,
    code: 'ENOTFOUND',
    syscall: 'getaddrinfo',
    hostname: 'sonarr.host.or.ip'
  }
]
[2025-08-20T02:24:07.297Z] error: <httpProxy> Error calling http://sonarr.host.or.ip/api/v3/series...
[2025-08-20T02:24:07.298Z] error: <httpProxy> [
  500,
  [Error: getaddrinfo ENOTFOUND sonarr.host.or.ip] {
    errno: -3008,
    code: 'ENOTFOUND',
    syscall: 'getaddrinfo',
    hostname: 'sonarr.host.or.ip'
  }
]
[2025-08-20T02:24:11.760Z] error: undefined
[2025-08-20T02:24:11.761Z] error: <httpProxy> Error calling http://sonarr.host.or.ip/api/v3/queue...
[2025-08-20T02:24:11.761Z] error: <httpProxy> [
  500,
  [Error: getaddrinfo ENOTFOUND sonarr.host.or.ip] {
    errno: -3008,
    code: 'ENOTFOUND',
    syscall: 'getaddrinfo',
    hostname: 'sonarr.host.or.ip'
  }
]
[2025-08-20T02:24:11.762Z] error: <httpProxy> Error calling http://emby.host.or.ip2/emby/Sessions...
[2025-08-20T02:24:11.762Z] error: <httpProxy> [
  500,
  [Error: getaddrinfo ENOTFOUND emby.host.or.ip2] {
    errno: -3008,
    code: 'ENOTFOUND',
    syscall: 'getaddrinfo',
    hostname: 'emby.host.or.ip2'
  }
]
[2025-08-20T02:24:11.766Z] error: <httpProxy> Error calling http://sonarr.host.or.ip/api/v3/series...
[2025-08-20T02:24:11.766Z] error: <httpProxy> [
  500,
  [Error: getaddrinfo ENOTFOUND sonarr.host.or.ip] {
    errno: -3008,
    code: 'ENOTFOUND',
    syscall: 'getaddrinfo',
    hostname: 'sonarr.host.or.ip'
  }
]
[2025-08-20T02:24:16.750Z] error: <httpProxy> Error calling http://emby.host.or.ip/emby/Sessions...
[2025-08-20T02:24:16.751Z] error: <httpProxy> [
  500,
  [Error: getaddrinfo ENOTFOUND emby.host.or.ip] {
    errno: -3008,
    code: 'ENOTFOUND',
    syscall: 'getaddrinfo',
    hostname: 'emby.host.or.ip'
  }
]
[2025-08-20T02:24:16.754Z] error: <httpProxy> Error calling http://emby.host.or.ip/emby/Items/Counts...
[2025-08-20T02:24:16.754Z] error: <httpProxy> [
  500,
  [Error: getaddrinfo ENOTFOUND emby.host.or.ip] {
    errno: -3008,
    code: 'ENOTFOUND',
    syscall: 'getaddrinfo',
    hostname: 'emby.host.or.ip'
  }
]
[2025-08-20T02:24:16.757Z] error: undefined
[2025-08-20T02:24:16.758Z] error: <httpProxy> Error calling http://emby.host.or.ip2/emby/Items/Counts...
[2025-08-20T02:24:16.758Z] error: <httpProxy> [
  500,
  [Error: getaddrinfo ENOTFOUND emby.host.or.ip2] {
    errno: -3008,
    code: 'ENOTFOUND',
    syscall: 'getaddrinfo',
    hostname: 'emby.host.or.ip2'
  }
]
[2025-08-20T02:24:16.763Z] error: <httpProxy> Error calling http://sonarr.host.or.ip/api/v3/wanted/missing...
[2025-08-20T02:24:16.763Z] error: <httpProxy> [
  500,
  [Error: getaddrinfo ENOTFOUND sonarr.host.or.ip] {
    errno: -3008,
    code: 'ENOTFOUND',
    syscall: 'getaddrinfo',
    hostname: 'sonarr.host.or.ip'
  }
]
[2025-08-20T02:24:16.765Z] error: <httpProxy> Error calling http://sonarr.host.or.ip/api/v3/queue/details...
[2025-08-20T02:24:16.766Z] error: <httpProxy> [
  500,
  [Error: getaddrinfo ENOTFOUND sonarr.host.or.ip] {
    errno: -3008,
    code: 'ENOTFOUND',
    syscall: 'getaddrinfo',
    hostname: 'sonarr.host.or.ip'
  }
]
[2025-08-20T02:24:17.628Z] error: undefined
[2025-08-20T02:24:17.630Z] error: <httpProxy> Error calling http://emby.host.or.ip/emby/Sessions...
[2025-08-20T02:24:17.630Z] error: <httpProxy> [
  500,
  [Error: getaddrinfo ENOTFOUND emby.host.or.ip] {
    errno: -3008,
    code: 'ENOTFOUND',
    syscall: 'getaddrinfo',
    hostname: 'emby.host.or.ip'
  }
]
[2025-08-20T02:24:17.632Z] error: <httpProxy> Error calling http://emby.host.or.ip/emby/Items/Counts...
[2025-08-20T02:24:17.632Z] error: <httpProxy> [
  500,
  [Error: getaddrinfo ENOTFOUND emby.host.or.ip] {
    errno: -3008,
    code: 'ENOTFOUND',
    syscall: 'getaddrinfo',
    hostname: 'emby.host.or.ip'
  }
]
[2025-08-20T02:24:27.621Z] error: <httpProxy> Error calling http://sonarr.host.or.ip/api/v3/series...
[2025-08-20T02:24:27.622Z] error: <httpProxy> [
  500,
  [Error: getaddrinfo ENOTFOUND sonarr.host.or.ip] {
    errno: -3008,
    code: 'ENOTFOUND',
    syscall: 'getaddrinfo',
    hostname: 'sonarr.host.or.ip'
  }
]
[2025-08-20T02:24:32.701Z] error: <httpProxy> Error calling http://sonarr.host.or.ip/api/v3/queue...
[2025-08-20T02:24:32.702Z] error: <httpProxy> [
  500,
  [Error: getaddrinfo ENOTFOUND sonarr.host.or.ip] {
    errno: -3008,
    code: 'ENOTFOUND',
    syscall: 'getaddrinfo',
    hostname: 'sonarr.host.or.ip'
  }
]
[2025-08-20T02:24:32.703Z] error: <httpProxy> Error calling http://emby.host.or.ip2/emby/Sessions...
[2025-08-20T02:24:32.704Z] error: <httpProxy> [
  500,
  [Error: getaddrinfo ENOTFOUND emby.host.or.ip2] {
    errno: -3008,
    code: 'ENOTFOUND',
    syscall: 'getaddrinfo',
    hostname: 'emby.host.or.ip2'
  }
]
[2025-08-20T02:24:41.288Z] error: <httpProxy> Error calling http://emby.host.or.ip/emby/Sessions...
[2025-08-20T02:24:41.289Z] error: <httpProxy> [
  500,
  [Error: getaddrinfo ENOTFOUND emby.host.or.ip] {
    errno: -3008,
    code: 'ENOTFOUND',
    syscall: 'getaddrinfo',
    hostname: 'emby.host.or.ip'
  }
]
[2025-08-20T02:24:41.295Z] error: <httpProxy> Error calling http://emby.host.or.ip2/emby/Sessions...
[2025-08-20T02:24:41.296Z] error: <httpProxy> [
  500,
  [Error: getaddrinfo ENOTFOUND emby.host.or.ip2] {
    errno: -3008,
    code: 'ENOTFOUND',
    syscall: 'getaddrinfo',
    hostname: 'emby.host.or.ip2'
  }
]
[2025-08-20T02:24:41.298Z] error: <httpProxy> Error calling http://emby.host.or.ip/emby/Items/Counts...
[2025-08-20T02:24:41.298Z] error: <httpProxy> [
  500,
  [Error: getaddrinfo ENOTFOUND emby.host.or.ip] {
    errno: -3008,
    code: 'ENOTFOUND',
    syscall: 'getaddrinfo',
    hostname: 'emby.host.or.ip'
  }
]
[2025-08-20T02:24:41.302Z] error: undefined
[2025-08-20T02:24:41.303Z] error: <httpProxy> Error calling http://emby.host.or.ip2/emby/Items/Counts...
[2025-08-20T02:24:41.303Z] error: <httpProxy> [
  500,
  [Error: getaddrinfo ENOTFOUND emby.host.or.ip2] {
    errno: -3008,
    code: 'ENOTFOUND',
    syscall: 'getaddrinfo',
    hostname: 'emby.host.or.ip2'
  }
]
[2025-08-20T02:24:41.322Z] error: undefined
[2025-08-20T02:24:41.422Z] error: <httpProxy> Error calling http://sonarr.host.or.ip/api/v3/wanted/missing...
[2025-08-20T02:24:41.423Z] error: <httpProxy> [
  500,
  [Error: getaddrinfo ENOTFOUND sonarr.host.or.ip] {
    errno: -3008,
    code: 'ENOTFOUND',
    syscall: 'getaddrinfo',
    hostname: 'sonarr.host.or.ip'
  }
]
[2025-08-20T02:24:41.450Z] error: <httpProxy> Error calling http://sonarr.host.or.ip/api/v3/queue...
[2025-08-20T02:24:41.450Z] error: <httpProxy> [
  500,
  [Error: getaddrinfo ENOTFOUND sonarr.host.or.ip] {
    errno: -3008,
    code: 'ENOTFOUND',
    syscall: 'getaddrinfo',
    hostname: 'sonarr.host.or.ip'
  }
]
[2025-08-20T02:24:41.452Z] error: <httpProxy> Error calling http://sonarr.host.or.ip/api/v3/series...
[2025-08-20T02:24:41.453Z] error: <httpProxy> [
  500,
  [Error: getaddrinfo ENOTFOUND sonarr.host.or.ip] {
    errno: -3008,
    code: 'ENOTFOUND',
    syscall: 'getaddrinfo',
    hostname: 'sonarr.host.or.ip'
  }
]
[2025-08-20T02:24:41.455Z] error: <httpProxy> Error calling http://sonarr.host.or.ip/api/v3/queue/details...
[2025-08-20T02:24:41.455Z] error: <httpProxy> [
  500,
  [Error: getaddrinfo ENOTFOUND sonarr.host.or.ip] {
    errno: -3008,
    code: 'ENOTFOUND',
    syscall: 'getaddrinfo',
    hostname: 'sonarr.host.or.ip'
  }
]
[2025-08-20T02:24:41.855Z] error: <httpProxy> Error calling http://emby.host.or.ip/emby/Sessions...
[2025-08-20T02:24:41.856Z] error: <httpProxy> [
  500,
  [Error: getaddrinfo ENOTFOUND emby.host.or.ip] {
    errno: -3008,
    code: 'ENOTFOUND',
    syscall: 'getaddrinfo',
    hostname: 'emby.host.or.ip'
  }
]
[2025-08-20T02:24:41.857Z] error: <httpProxy> Error calling http://emby.host.or.ip/emby/Items/Counts...
[2025-08-20T02:24:41.858Z] error: <httpProxy> [
  500,
  [Error: getaddrinfo ENOTFOUND emby.host.or.ip] {
    errno: -3008,
    code: 'ENOTFOUND',
    syscall: 'getaddrinfo',
    hostname: 'emby.host.or.ip'
  }
]
[2025-08-20T02:24:41.858Z] error: <httpProxy> Error calling http://emby.host.or.ip2/emby/Sessions...
[2025-08-20T02:24:41.859Z] error: <httpProxy> [
  500,
  [Error: getaddrinfo ENOTFOUND emby.host.or.ip2] {
    errno: -3008,
    code: 'ENOTFOUND',
    syscall: 'getaddrinfo',
    hostname: 'emby.host.or.ip2'
  }
]
[2025-08-20T02:24:41.923Z] error: <httpProxy> Error calling http://emby.host.or.ip2/emby/Items/Counts...
[2025-08-20T02:24:41.924Z] error: <httpProxy> [
  500,
  [Error: getaddrinfo ENOTFOUND emby.host.or.ip2] {
    errno: -3008,
    code: 'ENOTFOUND',
    syscall: 'getaddrinfo',
    hostname: 'emby.host.or.ip2'
  }
]
[2025-08-20T02:24:41.948Z] error: undefined
[2025-08-20T02:24:41.951Z] error: undefined
[2025-08-20T02:24:41.998Z] error: <httpProxy> Error calling http://sonarr.host.or.ip/api/v3/wanted/missing...
[2025-08-20T02:24:41.998Z] error: <httpProxy> [
  500,
  [Error: getaddrinfo ENOTFOUND sonarr.host.or.ip] {
    errno: -3008,
    code: 'ENOTFOUND',
    syscall: 'getaddrinfo',
    hostname: 'sonarr.host.or.ip'
  }
]
[2025-08-20T02:24:42.001Z] error: <httpProxy> Error calling http://sonarr.host.or.ip/api/v3/series...
[2025-08-20T02:24:42.002Z] error: <httpProxy> [
  500,
  [Error: getaddrinfo ENOTFOUND sonarr.host.or.ip] {
    errno: -3008,
    code: 'ENOTFOUND',
    syscall: 'getaddrinfo',
    hostname: 'sonarr.host.or.ip'
  }
]
[2025-08-20T02:24:42.003Z] error: <httpProxy> Error calling http://sonarr.host.or.ip/api/v3/queue...
[2025-08-20T02:24:42.003Z] error: <httpProxy> [
  500,
  [Error: getaddrinfo ENOTFOUND sonarr.host.or.ip] {
    errno: -3008,
    code: 'ENOTFOUND',
    syscall: 'getaddrinfo',
    hostname: 'sonarr.host.or.ip'
  }
]
[2025-08-20T02:24:42.053Z] error: <httpProxy> Error calling http://sonarr.host.or.ip/api/v3/queue/details...
[2025-08-20T02:24:42.054Z] error: <httpProxy> [
  500,
  [Error: getaddrinfo ENOTFOUND sonarr.host.or.ip] {
    errno: -3008,
    code: 'ENOTFOUND',
    syscall: 'getaddrinfo',
    hostname: 'sonarr.host.or.ip'
  }
]
[2025-08-20T02:24:47.668Z] error: undefined
[2025-08-20T02:24:47.670Z] error: <httpProxy> Error calling http://emby.host.or.ip/emby/Sessions...
[2025-08-20T02:24:47.670Z] error: <httpProxy> [
  500,
  [Error: getaddrinfo ENOTFOUND emby.host.or.ip] {
    errno: -3008,
    code: 'ENOTFOUND',
    syscall: 'getaddrinfo',
    hostname: 'emby.host.or.ip'
  }
]
[2025-08-20T02:24:47.671Z] error: <httpProxy> Error calling http://sonarr.host.or.ip/api/v3/series...
[2025-08-20T02:24:47.672Z] error: <httpProxy> [
  500,
  [Error: getaddrinfo ENOTFOUND sonarr.host.or.ip] {
    errno: -3008,
    code: 'ENOTFOUND',
    syscall: 'getaddrinfo',
    hostname: 'sonarr.host.or.ip'
  }
]
[2025-08-20T02:24:47.676Z] error: <httpProxy> Error calling http://emby.host.or.ip2/emby/Sessions...
[2025-08-20T02:24:47.677Z] error: <httpProxy> [
  500,
  [Error: getaddrinfo ENOTFOUND emby.host.or.ip2] {
    errno: -3008,
    code: 'ENOTFOUND',
    syscall: 'getaddrinfo',
    hostname: 'emby.host.or.ip2'
  }
]
[2025-08-20T02:24:47.678Z] error: <httpProxy> Error calling http://sonarr.host.or.ip/api/v3/queue...
[2025-08-20T02:24:47.679Z] error: <httpProxy> [
  500,
  [Error: getaddrinfo ENOTFOUND sonarr.host.or.ip] {
    errno: -3008,
    code: 'ENOTFOUND',
    syscall: 'getaddrinfo',
    hostname: 'sonarr.host.or.ip'
  }
]
[2025-08-20T02:24:47.680Z] error: <httpProxy> Error calling http://emby.host.or.ip/emby/Items/Counts...
[2025-08-20T02:24:47.681Z] error: <httpProxy> [
  500,
  [Error: getaddrinfo ENOTFOUND emby.host.or.ip] {
    errno: -3008,
    code: 'ENOTFOUND',
    syscall: 'getaddrinfo',
    hostname: 'emby.host.or.ip'
  }
]
[2025-08-20T02:24:47.800Z] error: <httpProxy> Error calling http://sonarr.host.or.ip/api/v3/queue/details...
[2025-08-20T02:24:47.801Z] error: <httpProxy> [
  500,
  [Error: getaddrinfo ENOTFOUND sonarr.host.or.ip] {
    errno: -3008,
    code: 'ENOTFOUND',
    syscall: 'getaddrinfo',
    hostname: 'sonarr.host.or.ip'
  }
]
[2025-08-20T02:24:52.637Z] error: undefined
[2025-08-20T02:24:52.639Z] error: <httpProxy> Error calling http://emby.host.or.ip2/emby/Items/Counts...
[2025-08-20T02:24:52.640Z] error: <httpProxy> [
  500,
  [Error: getaddrinfo ENOTFOUND emby.host.or.ip2] {
    errno: -3008,
    code: 'ENOTFOUND',
    syscall: 'getaddrinfo',
    hostname: 'emby.host.or.ip2'
  }
]
[2025-08-20T02:24:52.642Z] error: <httpProxy> Error calling http://sonarr.host.or.ip/api/v3/wanted/missing...
[2025-08-20T02:24:52.643Z] error: <httpProxy> [
  500,
  [Error: getaddrinfo ENOTFOUND sonarr.host.or.ip] {
    errno: -3008,
    code: 'ENOTFOUND',
    syscall: 'getaddrinfo',
    hostname: 'sonarr.host.or.ip'
  }
]
[2025-08-20T02:24:57.008Z] error: <httpProxy> Error calling http://emby.host.or.ip2/emby/Sessions...
[2025-08-20T02:24:57.008Z] error: <httpProxy> [
  500,
  [Error: getaddrinfo ENOTFOUND emby.host.or.ip2] {
    errno: -3008,
    code: 'ENOTFOUND',
    syscall: 'getaddrinfo',
    hostname: 'emby.host.or.ip2'
  }
]
[2025-08-20T02:24:57.012Z] error: <httpProxy> Error calling http://emby.host.or.ip2/emby/Items/Counts...
[2025-08-20T02:24:57.013Z] error: <httpProxy> [
  500,
  [Error: getaddrinfo ENOTFOUND emby.host.or.ip2] {
    errno: -3008,
    code: 'ENOTFOUND',
    syscall: 'getaddrinfo',
    hostname: 'emby.host.or.ip2'
  }
]
[2025-08-20T02:24:57.016Z] error: <httpProxy> Error calling http://emby.host.or.ip/emby/Items/Counts...
[2025-08-20T02:24:57.017Z] error: <httpProxy> [
  500,
  [Error: getaddrinfo ENOTFOUND emby.host.or.ip] {
    errno: -3008,
    code: 'ENOTFOUND',
    syscall: 'getaddrinfo',
    hostname: 'emby.host.or.ip'
  }
]
[2025-08-20T02:24:57.018Z] error: <httpProxy> Error calling http://emby.host.or.ip/emby/Sessions...
[2025-08-20T02:24:57.019Z] error: <httpProxy> [
  500,
  [Error: getaddrinfo ENOTFOUND emby.host.or.ip] {
    errno: -3008,
    code: 'ENOTFOUND',
    syscall: 'getaddrinfo',
    hostname: 'emby.host.or.ip'
  }
]
[2025-08-20T02:24:57.021Z] error: undefined
[2025-08-20T02:24:57.034Z] error: undefined
[2025-08-20T02:24:57.170Z] error: <httpProxy> Error calling http://sonarr.host.or.ip/api/v3/wanted/missing...
[2025-08-20T02:24:57.171Z] error: <httpProxy> [
  500,
  [Error: getaddrinfo ENOTFOUND sonarr.host.or.ip] {
    errno: -3008,
    code: 'ENOTFOUND',
    syscall: 'getaddrinfo',
    hostname: 'sonarr.host.or.ip'
  }
]
[2025-08-20T02:24:57.174Z] error: <httpProxy> Error calling http://sonarr.host.or.ip/api/v3/queue...
[2025-08-20T02:24:57.174Z] error: <httpProxy> [
  500,
  [Error: getaddrinfo ENOTFOUND sonarr.host.or.ip] {
    errno: -3008,
    code: 'ENOTFOUND',
    syscall: 'getaddrinfo',
    hostname: 'sonarr.host.or.ip'
  }
]
[2025-08-20T02:24:57.177Z] error: <httpProxy> Error calling http://sonarr.host.or.ip/api/v3/series...
[2025-08-20T02:24:57.178Z] error: <httpProxy> [
  500,
  [Error: getaddrinfo ENOTFOUND sonarr.host.or.ip] {
    errno: -3008,
    code: 'ENOTFOUND',
    syscall: 'getaddrinfo',
    hostname: 'sonarr.host.or.ip'
  }
]
[2025-08-20T02:24:57.181Z] error: <httpProxy> Error calling http://sonarr.host.or.ip/api/v3/queue/details...
[2025-08-20T02:24:57.182Z] error: <httpProxy> [
  500,
  [Error: getaddrinfo ENOTFOUND sonarr.host.or.ip] {
    errno: -3008,
    code: 'ENOTFOUND',
    syscall: 'getaddrinfo',
    hostname: 'sonarr.host.or.ip'
  }
]
[2025-08-20T02:25:01.697Z] error: <httpProxy> Error calling http://emby.host.or.ip/emby/Sessions...
[2025-08-20T02:25:01.699Z] error: <httpProxy> [
  500,
  [Error: getaddrinfo ENOTFOUND emby.host.or.ip] {
    errno: -3008,
    code: 'ENOTFOUND',
    syscall: 'getaddrinfo',
    hostname: 'emby.host.or.ip'
  }
]
[2025-08-20T02:25:01.701Z] error: <httpProxy> Error calling http://emby.host.or.ip/emby/Items/Counts...
[2025-08-20T02:25:01.701Z] error: <httpProxy> [
  500,
  [Error: getaddrinfo ENOTFOUND emby.host.or.ip] {
    errno: -3008,
    code: 'ENOTFOUND',
    syscall: 'getaddrinfo',
    hostname: 'emby.host.or.ip'
  }
]
[2025-08-20T02:25:01.702Z] error: <httpProxy> Error calling http://emby.host.or.ip2/emby/Items/Counts...
[2025-08-20T02:25:01.703Z] error: <httpProxy> [
  500,
  [Error: getaddrinfo ENOTFOUND emby.host.or.ip2] {
    errno: -3008,
    code: 'ENOTFOUND',
    syscall: 'getaddrinfo',
    hostname: 'emby.host.or.ip2'
  }
]
[2025-08-20T02:25:01.703Z] error: <httpProxy> Error calling http://emby.host.or.ip2/emby/Sessions...
[2025-08-20T02:25:01.704Z] error: <httpProxy> [
  500,
  [Error: getaddrinfo ENOTFOUND emby.host.or.ip2] {
    errno: -3008,
    code: 'ENOTFOUND',
    syscall: 'getaddrinfo',
    hostname: 'emby.host.or.ip2'
  }
]
[2025-08-20T02:25:01.737Z] error: undefined
[2025-08-20T02:25:01.739Z] error: undefined
[2025-08-20T02:25:01.842Z] error: <httpProxy> Error calling http://sonarr.host.or.ip/api/v3/wanted/missing...
[2025-08-20T02:25:01.843Z] error: <httpProxy> [
  500,
  [Error: getaddrinfo ENOTFOUND sonarr.host.or.ip] {
    errno: -3008,
    code: 'ENOTFOUND',
    syscall: 'getaddrinfo',
    hostname: 'sonarr.host.or.ip'
  }
]
[2025-08-20T02:25:01.844Z] error: <httpProxy> Error calling http://sonarr.host.or.ip/api/v3/queue...
[2025-08-20T02:25:01.845Z] error: <httpProxy> [
  500,
  [Error: getaddrinfo ENOTFOUND sonarr.host.or.ip] {
    errno: -3008,
    code: 'ENOTFOUND',
    syscall: 'getaddrinfo',
    hostname: 'sonarr.host.or.ip'
  }
]
[2025-08-20T02:25:01.847Z] error: <httpProxy> Error calling http://sonarr.host.or.ip/api/v3/series...
[2025-08-20T02:25:01.848Z] error: <httpProxy> [
  500,
  [Error: getaddrinfo ENOTFOUND sonarr.host.or.ip] {
    errno: -3008,
    code: 'ENOTFOUND',
    syscall: 'getaddrinfo',
    hostname: 'sonarr.host.or.ip'
  }
]
[2025-08-20T02:25:01.853Z] error: <httpProxy> Error calling http://sonarr.host.or.ip/api/v3/queue/details...
[2025-08-20T02:25:01.854Z] error: <httpProxy> [
  500,
  [Error: getaddrinfo ENOTFOUND sonarr.host.or.ip] {
    errno: -3008,
    code: 'ENOTFOUND',
    syscall: 'getaddrinfo',
    hostname: 'sonarr.host.or.ip'
  }
]
[2025-08-20T02:25:06.778Z] error: <httpProxy> Error calling http://emby.host.or.ip/emby/Sessions...
[2025-08-20T02:25:06.779Z] error: <httpProxy> [
  500,
  [Error: getaddrinfo ENOTFOUND emby.host.or.ip] {
    errno: -3008,
    code: 'ENOTFOUND',
    syscall: 'getaddrinfo',
    hostname: 'emby.host.or.ip'
  }
]
[2025-08-20T02:25:06.787Z] error: <httpProxy> Error calling http://emby.host.or.ip2/emby/Sessions...
[2025-08-20T02:25:06.788Z] error: <httpProxy> [
  500,
  [Error: getaddrinfo ENOTFOUND emby.host.or.ip2] {
    errno: -3008,
    code: 'ENOTFOUND',
    syscall: 'getaddrinfo',
    hostname: 'emby.host.or.ip2'
  }
]
[2025-08-20T02:25:06.790Z] error: <httpProxy> Error calling http://emby.host.or.ip2/emby/Items/Counts...
[2025-08-20T02:25:06.790Z] error: <httpProxy> [
  500,
  [Error: getaddrinfo ENOTFOUND emby.host.or.ip2] {
    errno: -3008,
    code: 'ENOTFOUND',
    syscall: 'getaddrinfo',
    hostname: 'emby.host.or.ip2'
  }
]
[2025-08-20T02:25:06.801Z] error: undefined
[2025-08-20T02:25:06.802Z] error: undefined
[2025-08-20T02:25:12.651Z] error: <httpProxy> Error calling http://emby.host.or.ip/emby/Items/Counts...
[2025-08-20T02:25:12.651Z] error: <httpProxy> [
  500,
  [Error: getaddrinfo ENOTFOUND emby.host.or.ip] {
    errno: -3008,
    code: 'ENOTFOUND',
    syscall: 'getaddrinfo',
    hostname: 'emby.host.or.ip'
  }
]
[2025-08-20T02:25:12.653Z] error: <httpProxy> Error calling http://sonarr.host.or.ip/api/v3/wanted/missing...
[2025-08-20T02:25:12.654Z] error: <httpProxy> [
  500,
  [Error: getaddrinfo ENOTFOUND sonarr.host.or.ip] {
    errno: -3008,
    code: 'ENOTFOUND',
    syscall: 'getaddrinfo',
    hostname: 'sonarr.host.or.ip'
  }
]
[2025-08-20T02:25:12.655Z] error: <httpProxy> Error calling http://sonarr.host.or.ip/api/v3/queue...
[2025-08-20T02:25:12.655Z] error: <httpProxy> [
  500,
  [Error: getaddrinfo ENOTFOUND sonarr.host.or.ip] {
    errno: -3008,
    code: 'ENOTFOUND',
    syscall: 'getaddrinfo',
    hostname: 'sonarr.host.or.ip'
  }
]
[2025-08-20T02:25:12.656Z] error: <httpProxy> Error calling http://sonarr.host.or.ip/api/v3/queue/details...
[2025-08-20T02:25:12.657Z] error: <httpProxy> [
  500,
  [Error: getaddrinfo ENOTFOUND sonarr.host.or.ip] {
    errno: -3008,
    code: 'ENOTFOUND',
    syscall: 'getaddrinfo',
    hostname: 'sonarr.host.or.ip'
  }
]
[2025-08-20T02:25:12.657Z] error: <httpProxy> Error calling http://sonarr.host.or.ip/api/v3/series...
[2025-08-20T02:25:12.658Z] error: <httpProxy> [
  500,
  [Error: getaddrinfo ENOTFOUND sonarr.host.or.ip] {
    errno: -3008,
    code: 'ENOTFOUND',
    syscall: 'getaddrinfo',
    hostname: 'sonarr.host.or.ip'
  }
]
[2025-08-20T02:25:17.739Z] error: <httpProxy> Error calling http://emby.host.or.ip/emby/Sessions...
[2025-08-20T02:25:17.740Z] error: <httpProxy> [
  500,
  [Error: getaddrinfo ENOTFOUND emby.host.or.ip] {
    errno: -3008,
    code: 'ENOTFOUND',
    syscall: 'getaddrinfo',
    hostname: 'emby.host.or.ip'
  }
]
[2025-08-20T02:25:22.749Z] error: undefined
[2025-08-20T02:25:22.750Z] error: <httpProxy> Error calling http://emby.host.or.ip2/emby/Sessions...
[2025-08-20T02:25:22.751Z] error: <httpProxy> [
  500,
  [Error: getaddrinfo ENOTFOUND emby.host.or.ip2] {
    errno: -3008,
    code: 'ENOTFOUND',
    syscall: 'getaddrinfo',
    hostname: 'emby.host.or.ip2'
  }
]
[2025-08-20T02:25:22.752Z] error: <httpProxy> Error calling http://emby.host.or.ip2/emby/Items/Counts...
[2025-08-20T02:25:22.752Z] error: <httpProxy> [
  500,
  [Error: getaddrinfo ENOTFOUND emby.host.or.ip2] {
    errno: -3008,
    code: 'ENOTFOUND',
    syscall: 'getaddrinfo',
    hostname: 'emby.host.or.ip2'
  }
]
[2025-08-20T02:25:32.621Z] error: undefined
[2025-08-20T02:25:58.383Z] error: <httpProxy> Error calling http://emby.host.or.ip/emby/Sessions...
[2025-08-20T02:25:58.384Z] error: <httpProxy> [
  500,
  [Error: getaddrinfo ENOTFOUND emby.host.or.ip] {
    errno: -3008,
    code: 'ENOTFOUND',
    syscall: 'getaddrinfo',
    hostname: 'emby.host.or.ip'
  }
]
[2025-08-20T02:25:58.386Z] error: <httpProxy> Error calling http://emby.host.or.ip/emby/Items/Counts...
[2025-08-20T02:25:58.386Z] error: <httpProxy> [
  500,
  [Error: getaddrinfo ENOTFOUND emby.host.or.ip] {
    errno: -3008,
    code: 'ENOTFOUND',
    syscall: 'getaddrinfo',
    hostname: 'emby.host.or.ip'
  }
]
[2025-08-20T02:25:58.392Z] error: undefined
[2025-08-20T02:25:58.387Z] error: <httpProxy> Error calling http://emby.host.or.ip2/emby/Sessions...
[2025-08-20T02:25:58.387Z] error: <httpProxy> [
  500,
  [Error: getaddrinfo ENOTFOUND emby.host.or.ip2] {
    errno: -3008,
    code: 'ENOTFOUND',
    syscall: 'getaddrinfo',
    hostname: 'emby.host.or.ip2'
  }
]
[2025-08-20T02:25:58.388Z] error: <httpProxy> Error calling http://emby.host.or.ip2/emby/Items/Counts...
[2025-08-20T02:25:58.388Z] error: <httpProxy> [
  500,
  [Error: getaddrinfo ENOTFOUND emby.host.or.ip2] {
    errno: -3008,
    code: 'ENOTFOUND',
    syscall: 'getaddrinfo',
    hostname: 'emby.host.or.ip2'
  }
]
[2025-08-20T02:25:58.398Z] error: undefined
[2025-08-20T02:25:58.510Z] error: <httpProxy> Error calling http://sonarr.host.or.ip/api/v3/wanted/missing...
[2025-08-20T02:25:58.511Z] error: <httpProxy> [
  500,
  [Error: getaddrinfo ENOTFOUND sonarr.host.or.ip] {
    errno: -3008,
    code: 'ENOTFOUND',
    syscall: 'getaddrinfo',
    hostname: 'sonarr.host.or.ip'
  }
]
[2025-08-20T02:25:58.537Z] error: <httpProxy> Error calling http://sonarr.host.or.ip/api/v3/series...
[2025-08-20T02:25:58.537Z] error: <httpProxy> [
  500,
  [Error: getaddrinfo ENOTFOUND sonarr.host.or.ip] {
    errno: -3008,
    code: 'ENOTFOUND',
    syscall: 'getaddrinfo',
    hostname: 'sonarr.host.or.ip'
  }
]
[2025-08-20T02:25:58.540Z] error: <httpProxy> Error calling http://sonarr.host.or.ip/api/v3/queue...
[2025-08-20T02:25:58.540Z] error: <httpProxy> [
  500,
  [Error: getaddrinfo ENOTFOUND sonarr.host.or.ip] {
    errno: -3008,
    code: 'ENOTFOUND',
    syscall: 'getaddrinfo',
    hostname: 'sonarr.host.or.ip'
  }
]
[2025-08-20T02:25:58.545Z] error: <httpProxy> Error calling http://sonarr.host.or.ip/api/v3/queue/details...
[2025-08-20T02:25:58.546Z] error: <httpProxy> [
  500,
  [Error: getaddrinfo ENOTFOUND sonarr.host.or.ip] {
    errno: -3008,
    code: 'ENOTFOUND',
    syscall: 'getaddrinfo',
    hostname: 'sonarr.host.or.ip'
  }
]
[2025-08-20T02:25:58.990Z] error: <httpProxy> Error calling http://emby.host.or.ip/emby/Sessions...
[2025-08-20T02:25:58.991Z] error: <httpProxy> [
  500,
  [Error: getaddrinfo ENOTFOUND emby.host.or.ip] {
    errno: -3008,
    code: 'ENOTFOUND',
    syscall: 'getaddrinfo',
    hostname: 'emby.host.or.ip'
  }
]
[2025-08-20T02:25:58.992Z] error: <httpProxy> Error calling http://emby.host.or.ip2/emby/Sessions...
[2025-08-20T02:25:58.992Z] error: <httpProxy> [
  500,
  [Error: getaddrinfo ENOTFOUND emby.host.or.ip2] {
    errno: -3008,
    code: 'ENOTFOUND',
    syscall: 'getaddrinfo',
    hostname: 'emby.host.or.ip2'
  }
]
[2025-08-20T02:25:58.993Z] error: <httpProxy> Error calling http://emby.host.or.ip/emby/Items/Counts...
[2025-08-20T02:25:58.994Z] error: <httpProxy> [
  500,
  [Error: getaddrinfo ENOTFOUND emby.host.or.ip] {
    errno: -3008,
    code: 'ENOTFOUND',
    syscall: 'getaddrinfo',
    hostname: 'emby.host.or.ip'
  }
]
[2025-08-20T02:25:59.068Z] error: undefined
[2025-08-20T02:25:59.069Z] error: <httpProxy> Error calling http://emby.host.or.ip2/emby/Items/Counts...
[2025-08-20T02:25:59.071Z] error: undefined
[2025-08-20T02:25:59.070Z] error: <httpProxy> [
  500,
  [Error: getaddrinfo ENOTFOUND emby.host.or.ip2] {
    errno: -3008,
    code: 'ENOTFOUND',
    syscall: 'getaddrinfo',
    hostname: 'emby.host.or.ip2'
  }
]
[2025-08-20T02:25:59.128Z] error: <httpProxy> Error calling http://sonarr.host.or.ip/api/v3/wanted/missing...
[2025-08-20T02:25:59.128Z] error: <httpProxy> [
  500,
  [Error: getaddrinfo ENOTFOUND sonarr.host.or.ip] {
    errno: -3008,
    code: 'ENOTFOUND',
    syscall: 'getaddrinfo',
    hostname: 'sonarr.host.or.ip'
  }
]
[2025-08-20T02:25:59.130Z] error: <httpProxy> Error calling http://sonarr.host.or.ip/api/v3/queue...
[2025-08-20T02:25:59.131Z] error: <httpProxy> [
  500,
  [Error: getaddrinfo ENOTFOUND sonarr.host.or.ip] {
    errno: -3008,
    code: 'ENOTFOUND',
    syscall: 'getaddrinfo',
    hostname: 'sonarr.host.or.ip'
  }
]
[2025-08-20T02:25:59.133Z] error: <httpProxy> Error calling http://sonarr.host.or.ip/api/v3/series...
[2025-08-20T02:25:59.133Z] error: <httpProxy> [
  500,
  [Error: getaddrinfo ENOTFOUND sonarr.host.or.ip] {
    errno: -3008,
    code: 'ENOTFOUND',
    syscall: 'getaddrinfo',
    hostname: 'sonarr.host.or.ip'
  }
]
[2025-08-20T02:25:59.215Z] error: <httpProxy> Error calling http://sonarr.host.or.ip/api/v3/queue/details...
[2025-08-20T02:25:59.216Z] error: <httpProxy> [
  500,
  [Error: getaddrinfo ENOTFOUND sonarr.host.or.ip] {
    errno: -3008,
    code: 'ENOTFOUND',
    syscall: 'getaddrinfo',
    hostname: 'sonarr.host.or.ip'
  }
]
[2025-08-20T02:26:04.545Z] error: <httpProxy> Error calling http://sonarr.host.or.ip/api/v3/wanted/missing...
[2025-08-20T02:26:04.546Z] error: <httpProxy> [
  500,
  [Error: getaddrinfo ENOTFOUND sonarr.host.or.ip] {
    errno: -3008,
    code: 'ENOTFOUND',
    syscall: 'getaddrinfo',
    hostname: 'sonarr.host.or.ip'
  }
]
[2025-08-20T02:26:04.547Z] error: <httpProxy> Error calling http://emby.host.or.ip/emby/Items/Counts...
[2025-08-20T02:26:04.547Z] error: <httpProxy> [
  500,
  [Error: getaddrinfo ENOTFOUND emby.host.or.ip] {
    errno: -3008,
    code: 'ENOTFOUND',
    syscall: 'getaddrinfo',
    hostname: 'emby.host.or.ip'
  }
]
[2025-08-20T02:26:09.725Z] error: undefined
[2025-08-20T02:26:09.726Z] error: <httpProxy> Error calling http://emby.host.or.ip/emby/Sessions...
[2025-08-20T02:26:09.727Z] error: <httpProxy> [
  500,
  [Error: getaddrinfo ENOTFOUND emby.host.or.ip] {
    errno: -3008,
    code: 'ENOTFOUND',
    syscall: 'getaddrinfo',
    hostname: 'emby.host.or.ip'
  }
]
[2025-08-20T02:26:09.731Z] error: <httpProxy> Error calling http://emby.host.or.ip2/emby/Items/Counts...
[2025-08-20T02:26:09.732Z] error: <httpProxy> [
  500,
  [Error: getaddrinfo ENOTFOUND emby.host.or.ip2] {
    errno: -3008,
    code: 'ENOTFOUND',
    syscall: 'getaddrinfo',
    hostname: 'emby.host.or.ip2'
  }
]
[2025-08-20T02:26:09.733Z] error: <httpProxy> Error calling http://emby.host.or.ip2/emby/Sessions...
[2025-08-20T02:26:09.733Z] error: <httpProxy> [
  500,
  [Error: getaddrinfo ENOTFOUND emby.host.or.ip2] {
    errno: -3008,
    code: 'ENOTFOUND',
    syscall: 'getaddrinfo',
    hostname: 'emby.host.or.ip2'
  }
]
[2025-08-20T02:26:09.792Z] error: undefined
[2025-08-20T02:26:09.796Z] error: <httpProxy> Error calling http://sonarr.host.or.ip/api/v3/queue...
[2025-08-20T02:26:09.797Z] error: <httpProxy> [
  500,
  [Error: getaddrinfo ENOTFOUND sonarr.host.or.ip] {
    errno: -3008,
    code: 'ENOTFOUND',
    syscall: 'getaddrinfo',
    hostname: 'sonarr.host.or.ip'
  }
]
[2025-08-20T02:26:09.858Z] error: <httpProxy> Error calling http://sonarr.host.or.ip/api/v3/series...
[2025-08-20T02:26:09.859Z] error: <httpProxy> [
  500,
  [Error: getaddrinfo ENOTFOUND sonarr.host.or.ip] {
    errno: -3008,
    code: 'ENOTFOUND',
    syscall: 'getaddrinfo',
    hostname: 'sonarr.host.or.ip'
  }
]
[2025-08-20T02:26:09.866Z] error: <httpProxy> Error calling http://sonarr.host.or.ip/api/v3/queue/details...
[2025-08-20T02:26:09.867Z] error: <httpProxy> [
  500,
  [Error: getaddrinfo ENOTFOUND sonarr.host.or.ip] {
    errno: -3008,
    code: 'ENOTFOUND',
    syscall: 'getaddrinfo',
    hostname: 'sonarr.host.or.ip'
  }
]
[2025-08-20T02:28:11.492Z] error: undefined
[2025-08-20T02:28:11.494Z] error: undefined
[2025-08-20T02:28:11.495Z] error: <httpProxy> Error calling http://emby.host.or.ip2/emby/Items/Counts...
[2025-08-20T02:28:11.496Z] error: <httpProxy> [
  500,
  [Error: getaddrinfo ENOTFOUND emby.host.or.ip2] {
    errno: -3008,
    code: 'ENOTFOUND',
    syscall: 'getaddrinfo',
    hostname: 'emby.host.or.ip2'
  }
]
[2025-08-20T02:28:11.502Z] error: <httpProxy> Error calling http://sonarr.host.or.ip/api/v3/wanted/missing...
[2025-08-20T02:28:11.503Z] error: <httpProxy> [
  500,
  [Error: getaddrinfo ENOTFOUND sonarr.host.or.ip] {
    errno: -3008,
    code: 'ENOTFOUND',
    syscall: 'getaddrinfo',
    hostname: 'sonarr.host.or.ip'
  }
]
[2025-08-20T02:28:11.504Z] error: <httpProxy> Error calling http://sonarr.host.or.ip/api/v3/queue...
[2025-08-20T02:28:11.505Z] error: <httpProxy> [
  500,
  [Error: getaddrinfo ENOTFOUND sonarr.host.or.ip] {
    errno: -3008,
    code: 'ENOTFOUND',
    syscall: 'getaddrinfo',
    hostname: 'sonarr.host.or.ip'
  }
]
[2025-08-20T02:28:11.636Z] error: <httpProxy> Error calling http://sonarr.host.or.ip/api/v3/series...
[2025-08-20T02:28:11.637Z] error: <httpProxy> [
  500,
  [Error: getaddrinfo ENOTFOUND sonarr.host.or.ip] {
    errno: -3008,
    code: 'ENOTFOUND',
    syscall: 'getaddrinfo',
    hostname: 'sonarr.host.or.ip'
  }
]
[2025-08-20T02:28:11.638Z] error: <httpProxy> Error calling http://sonarr.host.or.ip/api/v3/queue/details...
[2025-08-20T02:28:11.638Z] error: <httpProxy> [
  500,
  [Error: getaddrinfo ENOTFOUND sonarr.host.or.ip] {
    errno: -3008,
    code: 'ENOTFOUND',
    syscall: 'getaddrinfo',
    hostname: 'sonarr.host.or.ip'
  }
]
[2025-08-20T02:28:11.707Z] error: <httpProxy> Error calling http://emby.host.or.ip/emby/Sessions...
[2025-08-20T02:28:11.708Z] error: <httpProxy> [
  500,
  [Error: getaddrinfo ENOTFOUND emby.host.or.ip] {
    errno: -3008,
    code: 'ENOTFOUND',
    syscall: 'getaddrinfo',
    hostname: 'emby.host.or.ip'
  }
]
[2025-08-20T02:28:11.711Z] error: <httpProxy> Error calling http://emby.host.or.ip/emby/Items/Counts...
[2025-08-20T02:28:11.711Z] error: <httpProxy> [
  500,
  [Error: getaddrinfo ENOTFOUND emby.host.or.ip] {
    errno: -3008,
    code: 'ENOTFOUND',
    syscall: 'getaddrinfo',
    hostname: 'emby.host.or.ip'
  }
]
[2025-08-20T02:28:11.712Z] error: <httpProxy> Error calling http://emby.host.or.ip2/emby/Sessions...
[2025-08-20T02:28:11.713Z] error: <httpProxy> [
  500,
  [Error: getaddrinfo ENOTFOUND emby.host.or.ip2] {
    errno: -3008,
    code: 'ENOTFOUND',
    syscall: 'getaddrinfo',
    hostname: 'emby.host.or.ip2'
  }
]
[2025-08-20T02:28:12.193Z] error: <httpProxy> Error calling http://emby.host.or.ip/emby/Items/Counts...
[2025-08-20T02:28:12.194Z] error: <httpProxy> [
  500,
  [Error: getaddrinfo ENOTFOUND emby.host.or.ip] {
    errno: -3008,
    code: 'ENOTFOUND',
    syscall: 'getaddrinfo',
    hostname: 'emby.host.or.ip'
  }
]
[2025-08-20T02:28:12.194Z] error: <httpProxy> Error calling http://emby.host.or.ip/emby/Sessions...
[2025-08-20T02:28:12.195Z] error: <httpProxy> [
  500,
  [Error: getaddrinfo ENOTFOUND emby.host.or.ip] {
    errno: -3008,
    code: 'ENOTFOUND',
    syscall: 'getaddrinfo',
    hostname: 'emby.host.or.ip'
  }
]
[2025-08-20T02:28:12.196Z] error: <httpProxy> Error calling http://emby.host.or.ip2/emby/Sessions...
[2025-08-20T02:28:12.196Z] error: <httpProxy> [
  500,
  [Error: getaddrinfo ENOTFOUND emby.host.or.ip2] {
    errno: -3008,
    code: 'ENOTFOUND',
    syscall: 'getaddrinfo',
    hostname: 'emby.host.or.ip2'
  }
]
[2025-08-20T02:28:12.263Z] error: undefined
[2025-08-20T02:28:12.266Z] error: <httpProxy> Error calling http://emby.host.or.ip2/emby/Items/Counts...
[2025-08-20T02:28:12.267Z] error: <httpProxy> [
  500,
  [Error: getaddrinfo ENOTFOUND emby.host.or.ip2] {
    errno: -3008,
    code: 'ENOTFOUND',
    syscall: 'getaddrinfo',
    hostname: 'emby.host.or.ip2'
  }
]
[2025-08-20T02:28:12.334Z] error: undefined
[2025-08-20T02:28:12.336Z] error: <httpProxy> Error calling http://sonarr.host.or.ip/api/v3/queue...
[2025-08-20T02:28:12.336Z] error: <httpProxy> [
  500,
  [Error: getaddrinfo ENOTFOUND sonarr.host.or.ip] {
    errno: -3008,
    code: 'ENOTFOUND',
    syscall: 'getaddrinfo',
    hostname: 'sonarr.host.or.ip'
  }
]
[2025-08-20T02:28:12.337Z] error: <httpProxy> Error calling http://sonarr.host.or.ip/api/v3/wanted/missing...
[2025-08-20T02:28:12.338Z] error: <httpProxy> [
  500,
  [Error: getaddrinfo ENOTFOUND sonarr.host.or.ip] {
    errno: -3008,
    code: 'ENOTFOUND',
    syscall: 'getaddrinfo',
    hostname: 'sonarr.host.or.ip'
  }
]
[2025-08-20T02:28:12.400Z] error: <httpProxy> Error calling http://sonarr.host.or.ip/api/v3/queue/details...
[2025-08-20T02:28:12.401Z] error: <httpProxy> [
  500,
  [Error: getaddrinfo ENOTFOUND sonarr.host.or.ip] {
    errno: -3008,
    code: 'ENOTFOUND',
    syscall: 'getaddrinfo',
    hostname: 'sonarr.host.or.ip'
  }
]
[2025-08-20T02:28:12.402Z] error: <httpProxy> Error calling http://sonarr.host.or.ip/api/v3/series...
[2025-08-20T02:28:12.403Z] error: <httpProxy> [
  500,
  [Error: getaddrinfo ENOTFOUND sonarr.host.or.ip] {
    errno: -3008,
    code: 'ENOTFOUND',
    syscall: 'getaddrinfo',
    hostname: 'sonarr.host.or.ip'
  }
]
[2025-08-20T02:28:17.250Z] error: <httpProxy> Error calling http://emby.host.or.ip/emby/Items/Counts...
[2025-08-20T02:28:17.250Z] error: <httpProxy> [
  500,
  [Error: getaddrinfo ENOTFOUND emby.host.or.ip] {
    errno: -3008,
    code: 'ENOTFOUND',
    syscall: 'getaddrinfo',
    hostname: 'emby.host.or.ip'
  }
]
[2025-08-20T02:28:17.384Z] error: undefined
[2025-08-20T02:28:17.477Z] error: <httpProxy> Error calling http://sonarr.host.or.ip/api/v3/queue/details...
[2025-08-20T02:28:17.478Z] error: <httpProxy> [
  500,
  [Error: getaddrinfo ENOTFOUND sonarr.host.or.ip] {
    errno: -3008,
    code: 'ENOTFOUND',
    syscall: 'getaddrinfo',
    hostname: 'sonarr.host.or.ip'
  }
]
[2025-08-20T02:28:22.688Z] error: undefined
[2025-08-20T02:28:22.690Z] error: <httpProxy> Error calling http://emby.host.or.ip/emby/Sessions...
[2025-08-20T02:28:22.691Z] error: <httpProxy> [
  500,
  [Error: getaddrinfo ENOTFOUND emby.host.or.ip] {
    errno: -3008,
    code: 'ENOTFOUND',
    syscall: 'getaddrinfo',
    hostname: 'emby.host.or.ip'
  }
]
[2025-08-20T02:28:22.692Z] error: <httpProxy> Error calling http://emby.host.or.ip2/emby/Sessions...
[2025-08-20T02:28:22.693Z] error: <httpProxy> [
  500,
  [Error: getaddrinfo ENOTFOUND emby.host.or.ip2] {
    errno: -3008,
    code: 'ENOTFOUND',
    syscall: 'getaddrinfo',
    hostname: 'emby.host.or.ip2'
  }
]
[2025-08-20T02:28:22.754Z] error: <httpProxy> Error calling http://emby.host.or.ip2/emby/Items/Counts...
[2025-08-20T02:28:22.755Z] error: <httpProxy> [
  500,
  [Error: getaddrinfo ENOTFOUND emby.host.or.ip2] {
    errno: -3008,
    code: 'ENOTFOUND',
    syscall: 'getaddrinfo',
    hostname: 'emby.host.or.ip2'
  }
]
[2025-08-20T02:28:22.756Z] error: <httpProxy> Error calling http://sonarr.host.or.ip/api/v3/queue...
[2025-08-20T02:28:22.757Z] error: <httpProxy> [
  500,
  [Error: getaddrinfo ENOTFOUND sonarr.host.or.ip] {
    errno: -3008,
    code: 'ENOTFOUND',
    syscall: 'getaddrinfo',
    hostname: 'sonarr.host.or.ip'
  }
]
[2025-08-20T02:28:22.817Z] error: <httpProxy> Error calling http://sonarr.host.or.ip/api/v3/wanted/missing...
[2025-08-20T02:28:22.817Z] error: <httpProxy> [
  500,
  [Error: getaddrinfo ENOTFOUND sonarr.host.or.ip] {
    errno: -3008,
    code: 'ENOTFOUND',
    syscall: 'getaddrinfo',
    hostname: 'sonarr.host.or.ip'
  }
]
[2025-08-20T02:28:22.892Z] error: <httpProxy> Error calling http://sonarr.host.or.ip/api/v3/series...
[2025-08-20T02:28:22.893Z] error: <httpProxy> [
  500,
  [Error: getaddrinfo ENOTFOUND sonarr.host.or.ip] {
    errno: -3008,
    code: 'ENOTFOUND',
    syscall: 'getaddrinfo',
    hostname: 'sonarr.host.or.ip'
  }
]
[2025-08-20T02:28:27.838Z] error: undefined
[2025-08-20T02:28:33.663Z] error: <httpProxy> Error calling http://sonarr.host.or.ip/api/v3/queue/details...
[2025-08-20T02:28:33.664Z] error: <httpProxy> [
  500,
  [Error: getaddrinfo ENOTFOUND sonarr.host.or.ip] {
    errno: -3008,
    code: 'ENOTFOUND',
    syscall: 'getaddrinfo',
    hostname: 'sonarr.host.or.ip'
  }
]
[2025-08-20T02:28:37.969Z] error: <httpProxy> Error calling http://emby.host.or.ip/emby/Items/Counts...
[2025-08-20T02:28:37.970Z] error: <httpProxy> [
  500,
  [Error: getaddrinfo ENOTFOUND emby.host.or.ip] {
    errno: -3008,
    code: 'ENOTFOUND',
    syscall: 'getaddrinfo',
    hostname: 'emby.host.or.ip'
  }
]
[2025-08-20T02:28:41.498Z] error: <httpProxy> Error calling http://emby.host.or.ip/emby/Sessions...
[2025-08-20T02:28:41.499Z] error: <httpProxy> [
  500,
  [Error: getaddrinfo ENOTFOUND emby.host.or.ip] {
    errno: -3008,
    code: 'ENOTFOUND',
    syscall: 'getaddrinfo',
    hostname: 'emby.host.or.ip'
  }
]
[2025-08-20T02:28:41.504Z] error: <httpProxy> Error calling http://emby.host.or.ip/emby/Items/Counts...
[2025-08-20T02:28:41.505Z] error: <httpProxy> [
  500,
  [Error: getaddrinfo ENOTFOUND emby.host.or.ip] {
    errno: -3008,
    code: 'ENOTFOUND',
    syscall: 'getaddrinfo',
    hostname: 'emby.host.or.ip'
  }
]
[2025-08-20T02:28:41.506Z] error: <httpProxy> Error calling http://emby.host.or.ip2/emby/Sessions...
[2025-08-20T02:28:41.506Z] error: <httpProxy> [
  500,
  [Error: getaddrinfo ENOTFOUND emby.host.or.ip2] {
    errno: -3008,
    code: 'ENOTFOUND',
    syscall: 'getaddrinfo',
    hostname: 'emby.host.or.ip2'
  }
]
[2025-08-20T02:28:41.509Z] error: undefined
[2025-08-20T02:28:41.510Z] error: <httpProxy> Error calling http://emby.host.or.ip2/emby/Items/Counts...
[2025-08-20T02:28:41.511Z] error: <httpProxy> [
  500,
  [Error: getaddrinfo ENOTFOUND emby.host.or.ip2] {
    errno: -3008,
    code: 'ENOTFOUND',
    syscall: 'getaddrinfo',
    hostname: 'emby.host.or.ip2'
  }
]
[2025-08-20T02:28:41.529Z] error: undefined
[2025-08-20T02:28:41.640Z] error: <httpProxy> Error calling http://sonarr.host.or.ip/api/v3/wanted/missing...
[2025-08-20T02:28:41.640Z] error: <httpProxy> [
  500,
  [Error: getaddrinfo ENOTFOUND sonarr.host.or.ip] {
    errno: -3008,
    code: 'ENOTFOUND',
    syscall: 'getaddrinfo',
    hostname: 'sonarr.host.or.ip'
  }
]
[2025-08-20T02:28:41.663Z] error: <httpProxy> Error calling http://sonarr.host.or.ip/api/v3/queue...
[2025-08-20T02:28:41.664Z] error: <httpProxy> [
  500,
  [Error: getaddrinfo ENOTFOUND sonarr.host.or.ip] {
    errno: -3008,
    code: 'ENOTFOUND',
    syscall: 'getaddrinfo',
    hostname: 'sonarr.host.or.ip'
  }
]
[2025-08-20T02:28:41.669Z] error: <httpProxy> Error calling http://sonarr.host.or.ip/api/v3/series...
[2025-08-20T02:28:41.669Z] error: <httpProxy> [
  500,
  [Error: getaddrinfo ENOTFOUND sonarr.host.or.ip] {
    errno: -3008,
    code: 'ENOTFOUND',
    syscall: 'getaddrinfo',
    hostname: 'sonarr.host.or.ip'
  }
]
[2025-08-20T02:28:41.670Z] error: <httpProxy> Error calling http://sonarr.host.or.ip/api/v3/queue/details...
[2025-08-20T02:28:41.671Z] error: <httpProxy> [
  500,
  [Error: getaddrinfo ENOTFOUND sonarr.host.or.ip] {
    errno: -3008,
    code: 'ENOTFOUND',
    syscall: 'getaddrinfo',
    hostname: 'sonarr.host.or.ip'
  }
]
[2025-08-20T02:28:42.175Z] error: <httpProxy> Error calling http://emby.host.or.ip/emby/Sessions...
[2025-08-20T02:28:42.176Z] error: <httpProxy> [
  500,
  [Error: getaddrinfo ENOTFOUND emby.host.or.ip] {
    errno: -3008,
    code: 'ENOTFOUND',
    syscall: 'getaddrinfo',
    hostname: 'emby.host.or.ip'
  }
]
[2025-08-20T02:28:42.176Z] error: <httpProxy> Error calling http://emby.host.or.ip/emby/Items/Counts...
[2025-08-20T02:28:42.177Z] error: <httpProxy> [
  500,
  [Error: getaddrinfo ENOTFOUND emby.host.or.ip] {
    errno: -3008,
    code: 'ENOTFOUND',
    syscall: 'getaddrinfo',
    hostname: 'emby.host.or.ip'
  }
]
[2025-08-20T02:28:42.178Z] error: <httpProxy> Error calling http://emby.host.or.ip2/emby/Sessions...
[2025-08-20T02:28:42.178Z] error: <httpProxy> [
  500,
  [Error: getaddrinfo ENOTFOUND emby.host.or.ip2] {
    errno: -3008,
    code: 'ENOTFOUND',
    syscall: 'getaddrinfo',
    hostname: 'emby.host.or.ip2'
  }
]
[2025-08-20T02:28:42.179Z] error: <httpProxy> Error calling http://emby.host.or.ip2/emby/Items/Counts...
[2025-08-20T02:28:42.179Z] error: <httpProxy> [
  500,
  [Error: getaddrinfo ENOTFOUND emby.host.or.ip2] {
    errno: -3008,
    code: 'ENOTFOUND',
    syscall: 'getaddrinfo',
    hostname: 'emby.host.or.ip2'
  }
]
[2025-08-20T02:28:42.239Z] error: undefined
[2025-08-20T02:28:42.241Z] error: undefined
[2025-08-20T02:28:42.335Z] error: <httpProxy> Error calling http://sonarr.host.or.ip/api/v3/wanted/missing...
[2025-08-20T02:28:42.336Z] error: <httpProxy> [
  500,
  [Error: getaddrinfo ENOTFOUND sonarr.host.or.ip] {
    errno: -3008,
    code: 'ENOTFOUND',
    syscall: 'getaddrinfo',
    hostname: 'sonarr.host.or.ip'
  }
]
[2025-08-20T02:28:42.338Z] error: <httpProxy> Error calling http://sonarr.host.or.ip/api/v3/queue...
[2025-08-20T02:28:42.338Z] error: <httpProxy> [
  500,
  [Error: getaddrinfo ENOTFOUND sonarr.host.or.ip] {
    errno: -3008,
    code: 'ENOTFOUND',
    syscall: 'getaddrinfo',
    hostname: 'sonarr.host.or.ip'
  }
]
[2025-08-20T02:28:42.339Z] error: <httpProxy> Error calling http://sonarr.host.or.ip/api/v3/queue/details...
[2025-08-20T02:28:42.340Z] error: <httpProxy> [
  500,
  [Error: getaddrinfo ENOTFOUND sonarr.host.or.ip] {
    errno: -3008,
    code: 'ENOTFOUND',
    syscall: 'getaddrinfo',
    hostname: 'sonarr.host.or.ip'
  }
]
[2025-08-20T02:28:42.341Z] error: <httpProxy> Error calling http://sonarr.host.or.ip/api/v3/series...
[2025-08-20T02:28:42.341Z] error: <httpProxy> [
  500,
  [Error: getaddrinfo ENOTFOUND sonarr.host.or.ip] {
    errno: -3008,
    code: 'ENOTFOUND',
    syscall: 'getaddrinfo',
    hostname: 'sonarr.host.or.ip'
  }
]
[2025-08-20T02:29:16.956Z] error: undefined
[2025-08-20T02:29:16.963Z] error: <httpProxy> Error calling http://emby.host.or.ip/emby/Sessions...
[2025-08-20T02:29:16.964Z] error: <httpProxy> [
  500,
  [Error: getaddrinfo ENOTFOUND emby.host.or.ip] {
    errno: -3008,
    code: 'ENOTFOUND',
    syscall: 'getaddrinfo',
    hostname: 'emby.host.or.ip'
  }
]
[2025-08-20T02:29:16.965Z] error: <httpProxy> Error calling http://emby.host.or.ip2/emby/Items/Counts...
[2025-08-20T02:29:16.965Z] error: <httpProxy> [
  500,
  [Error: getaddrinfo ENOTFOUND emby.host.or.ip2] {
    errno: -3008,
    code: 'ENOTFOUND',
    syscall: 'getaddrinfo',
    hostname: 'emby.host.or.ip2'
  }
]
[2025-08-20T02:29:16.966Z] error: <httpProxy> Error calling http://emby.host.or.ip2/emby/Sessions...
[2025-08-20T02:29:16.967Z] error: <httpProxy> [
  500,
  [Error: getaddrinfo ENOTFOUND emby.host.or.ip2] {
    errno: -3008,
    code: 'ENOTFOUND',
    syscall: 'getaddrinfo',
    hostname: 'emby.host.or.ip2'
  }
]
[2025-08-20T02:29:16.970Z] error: <httpProxy> Error calling http://emby.host.or.ip/emby/Items/Counts...
[2025-08-20T02:29:16.971Z] error: <httpProxy> [
  500,
  [Error: getaddrinfo ENOTFOUND emby.host.or.ip] {
    errno: -3008,
    code: 'ENOTFOUND',
    syscall: 'getaddrinfo',
    hostname: 'emby.host.or.ip'
  }
]
[2025-08-20T02:29:17.013Z] error: undefined
[2025-08-20T02:29:17.080Z] error: <httpProxy> Error calling http://sonarr.host.or.ip/api/v3/wanted/missing...
[2025-08-20T02:29:17.080Z] error: <httpProxy> [
  500,
  [Error: getaddrinfo ENOTFOUND sonarr.host.or.ip] {
    errno: -3008,
    code: 'ENOTFOUND',
    syscall: 'getaddrinfo',
    hostname: 'sonarr.host.or.ip'
  }
]
[2025-08-20T02:29:17.116Z] error: <httpProxy> Error calling http://sonarr.host.or.ip/api/v3/queue...
[2025-08-20T02:29:17.117Z] error: <httpProxy> [
  500,
  [Error: getaddrinfo ENOTFOUND sonarr.host.or.ip] {
    errno: -3008,
    code: 'ENOTFOUND',
    syscall: 'getaddrinfo',
    hostname: 'sonarr.host.or.ip'
  }
]
[2025-08-20T02:29:17.122Z] error: <httpProxy> Error calling http://sonarr.host.or.ip/api/v3/series...
[2025-08-20T02:29:17.123Z] error: <httpProxy> [
  500,
  [Error: getaddrinfo ENOTFOUND sonarr.host.or.ip] {
    errno: -3008,
    code: 'ENOTFOUND',
    syscall: 'getaddrinfo',
    hostname: 'sonarr.host.or.ip'
  }
]
[2025-08-20T02:29:17.128Z] error: <httpProxy> Error calling http://sonarr.host.or.ip/api/v3/queue/details...
[2025-08-20T02:29:17.129Z] error: <httpProxy> [
  500,
  [Error: getaddrinfo ENOTFOUND sonarr.host.or.ip] {
    errno: -3008,
    code: 'ENOTFOUND',
    syscall: 'getaddrinfo',
    hostname: 'sonarr.host.or.ip'
  }
]
[2025-08-20T02:29:17.634Z] error: <httpProxy> Error calling http://emby.host.or.ip2/emby/Items/Counts...
[2025-08-20T02:29:17.634Z] error: <httpProxy> [
  500,
  [Error: getaddrinfo ENOTFOUND emby.host.or.ip2] {
    errno: -3008,
    code: 'ENOTFOUND',
    syscall: 'getaddrinfo',
    hostname: 'emby.host.or.ip2'
  }
]
[2025-08-20T02:29:17.637Z] error: <httpProxy> Error calling http://emby.host.or.ip2/emby/Sessions...
[2025-08-20T02:29:17.638Z] error: <httpProxy> [
  500,
  [Error: getaddrinfo ENOTFOUND emby.host.or.ip2] {
    errno: -3008,
    code: 'ENOTFOUND',
    syscall: 'getaddrinfo',
    hostname: 'emby.host.or.ip2'
  }
]
[2025-08-20T02:29:17.644Z] error: undefined
[2025-08-20T02:29:17.642Z] error: <httpProxy> Error calling http://emby.host.or.ip/emby/Sessions...
[2025-08-20T02:29:17.643Z] error: <httpProxy> [
  500,
  [Error: getaddrinfo ENOTFOUND emby.host.or.ip] {
    errno: -3008,
    code: 'ENOTFOUND',
    syscall: 'getaddrinfo',
    hostname: 'emby.host.or.ip'
  }
]
[2025-08-20T02:29:17.647Z] error: undefined
[2025-08-20T02:29:17.645Z] error: <httpProxy> Error calling http://emby.host.or.ip/emby/Items/Counts...
[2025-08-20T02:29:17.645Z] error: <httpProxy> [
  500,
  [Error: getaddrinfo ENOTFOUND emby.host.or.ip] {
    errno: -3008,
    code: 'ENOTFOUND',
    syscall: 'getaddrinfo',
    hostname: 'emby.host.or.ip'
  }
]
[2025-08-20T02:29:17.798Z] error: <httpProxy> Error calling http://sonarr.host.or.ip/api/v3/wanted/missing...
[2025-08-20T02:29:17.798Z] error: <httpProxy> [
  500,
  [Error: getaddrinfo ENOTFOUND sonarr.host.or.ip] {
    errno: -3008,
    code: 'ENOTFOUND',
    syscall: 'getaddrinfo',
    hostname: 'sonarr.host.or.ip'
  }
]
[2025-08-20T02:29:17.804Z] error: <httpProxy> Error calling http://sonarr.host.or.ip/api/v3/queue/details...
[2025-08-20T02:29:17.804Z] error: <httpProxy> [
  500,
  [Error: getaddrinfo ENOTFOUND sonarr.host.or.ip] {
    errno: -3008,
    code: 'ENOTFOUND',
    syscall: 'getaddrinfo',
    hostname: 'sonarr.host.or.ip'
  }
]
[2025-08-20T02:29:17.805Z] error: <httpProxy> Error calling http://sonarr.host.or.ip/api/v3/series...
[2025-08-20T02:29:17.806Z] error: <httpProxy> [
  500,
  [Error: getaddrinfo ENOTFOUND sonarr.host.or.ip] {
    errno: -3008,
    code: 'ENOTFOUND',
    syscall: 'getaddrinfo',
    hostname: 'sonarr.host.or.ip'
  }
]
[2025-08-20T02:29:17.807Z] error: <httpProxy> Error calling http://sonarr.host.or.ip/api/v3/queue...
[2025-08-20T02:29:17.807Z] error: <httpProxy> [
  500,
  [Error: getaddrinfo ENOTFOUND sonarr.host.or.ip] {
    errno: -3008,
    code: 'ENOTFOUND',
    syscall: 'getaddrinfo',
    hostname: 'sonarr.host.or.ip'
  }
]
[2025-08-20T02:29:22.746Z] error: <httpProxy> Error calling http://emby.host.or.ip/emby/Items/Counts...
[2025-08-20T02:29:22.746Z] error: <httpProxy> [
  500,
  [Error: getaddrinfo ENOTFOUND emby.host.or.ip] {
    errno: -3008,
    code: 'ENOTFOUND',
    syscall: 'getaddrinfo',
    hostname: 'emby.host.or.ip'
  }
]
[2025-08-20T02:29:22.748Z] error: <httpProxy> Error calling http://emby.host.or.ip2/emby/Sessions...
[2025-08-20T02:29:22.748Z] error: <httpProxy> [
  500,
  [Error: getaddrinfo ENOTFOUND emby.host.or.ip2] {
    errno: -3008,
    code: 'ENOTFOUND',
    syscall: 'getaddrinfo',
    hostname: 'emby.host.or.ip2'
  }
]
[2025-08-20T02:29:24.188Z] error: <httpProxy> Error calling http://sonarr.host.or.ip/api/v3/series...
[2025-08-20T02:29:24.189Z] error: <httpProxy> [
  500,
  [Error: getaddrinfo ENOTFOUND sonarr.host.or.ip] {
    errno: -3008,
    code: 'ENOTFOUND',
    syscall: 'getaddrinfo',
    hostname: 'sonarr.host.or.ip'
  }
]
[2025-08-20T02:29:24.189Z] error: <httpProxy> Error calling http://sonarr.host.or.ip/api/v3/wanted/missing...
[2025-08-20T02:29:24.190Z] error: <httpProxy> [
  500,
  [Error: getaddrinfo ENOTFOUND sonarr.host.or.ip] {
    errno: -3008,
    code: 'ENOTFOUND',
    syscall: 'getaddrinfo',
    hostname: 'sonarr.host.or.ip'
  }
]
[2025-08-20T02:29:28.544Z] error: undefined
[2025-08-20T02:29:28.545Z] error: <httpProxy> Error calling http://emby.host.or.ip2/emby/Items/Counts...
[2025-08-20T02:29:28.546Z] error: <httpProxy> [
  500,
  [Error: getaddrinfo ENOTFOUND emby.host.or.ip2] {
    errno: -3008,
    code: 'ENOTFOUND',
    syscall: 'getaddrinfo',
    hostname: 'emby.host.or.ip2'
  }
]
[2025-08-20T02:29:28.625Z] error: undefined
[2025-08-20T02:29:28.630Z] error: <httpProxy> Error calling http://emby.host.or.ip/emby/Sessions...
[2025-08-20T02:29:28.631Z] error: <httpProxy> [
  500,
  [Error: getaddrinfo ENOTFOUND emby.host.or.ip] {
    errno: -3008,
    code: 'ENOTFOUND',
    syscall: 'getaddrinfo',
    hostname: 'emby.host.or.ip'
  }
]
[2025-08-20T02:29:28.632Z] error: <httpProxy> Error calling http://sonarr.host.or.ip/api/v3/queue...
[2025-08-20T02:29:28.632Z] error: <httpProxy> [
  500,
  [Error: getaddrinfo ENOTFOUND sonarr.host.or.ip] {
    errno: -3008,
    code: 'ENOTFOUND',
    syscall: 'getaddrinfo',
    hostname: 'sonarr.host.or.ip'
  }
]
[2025-08-20T02:29:28.633Z] error: <httpProxy> Error calling http://sonarr.host.or.ip/api/v3/queue/details...
[2025-08-20T02:29:28.633Z] error: <httpProxy> [
  500,
  [Error: getaddrinfo ENOTFOUND sonarr.host.or.ip] {
    errno: -3008,
    code: 'ENOTFOUND',
    syscall: 'getaddrinfo',
    hostname: 'sonarr.host.or.ip'
  }
]
[2025-08-20T02:30:15.056Z] error: <httpProxy> Error calling http://emby.host.or.ip/emby/Sessions...
[2025-08-20T02:30:15.057Z] error: <httpProxy> [
  500,
  [Error: getaddrinfo ENOTFOUND emby.host.or.ip] {
    errno: -3008,
    code: 'ENOTFOUND',
    syscall: 'getaddrinfo',
    hostname: 'emby.host.or.ip'
  }
]
[2025-08-20T02:30:15.060Z] error: <httpProxy> Error calling http://emby.host.or.ip/emby/Items/Counts...
[2025-08-20T02:30:15.061Z] error: <httpProxy> [
  500,
  [Error: getaddrinfo ENOTFOUND emby.host.or.ip] {
    errno: -3008,
    code: 'ENOTFOUND',
    syscall: 'getaddrinfo',
    hostname: 'emby.host.or.ip'
  }
]
[2025-08-20T02:30:15.065Z] error: undefined
[2025-08-20T02:30:15.062Z] error: <httpProxy> Error calling http://emby.host.or.ip2/emby/Sessions...
[2025-08-20T02:30:15.062Z] error: <httpProxy> [
  500,
  [Error: getaddrinfo ENOTFOUND emby.host.or.ip2] {
    errno: -3008,
    code: 'ENOTFOUND',
    syscall: 'getaddrinfo',
    hostname: 'emby.host.or.ip2'
  }
]
[2025-08-20T02:30:15.066Z] error: <httpProxy> Error calling http://emby.host.or.ip2/emby/Items/Counts...
[2025-08-20T02:30:15.067Z] error: <httpProxy> [
  500,
  [Error: getaddrinfo ENOTFOUND emby.host.or.ip2] {
    errno: -3008,
    code: 'ENOTFOUND',
    syscall: 'getaddrinfo',
    hostname: 'emby.host.or.ip2'
  }
]
[2025-08-20T02:30:15.083Z] error: undefined
[2025-08-20T02:30:15.204Z] error: <httpProxy> Error calling http://sonarr.host.or.ip/api/v3/wanted/missing...
[2025-08-20T02:30:15.204Z] error: <httpProxy> [
  500,
  [Error: getaddrinfo ENOTFOUND sonarr.host.or.ip] {
    errno: -3008,
    code: 'ENOTFOUND',
    syscall: 'getaddrinfo',
    hostname: 'sonarr.host.or.ip'
  }
]
[2025-08-20T02:30:15.205Z] error: <httpProxy> Error calling http://sonarr.host.or.ip/api/v3/queue...
[2025-08-20T02:30:15.206Z] error: <httpProxy> [
  500,
  [Error: getaddrinfo ENOTFOUND sonarr.host.or.ip] {
    errno: -3008,
    code: 'ENOTFOUND',
    syscall: 'getaddrinfo',
    hostname: 'sonarr.host.or.ip'
  }
]
[2025-08-20T02:30:15.214Z] error: <httpProxy> Error calling http://sonarr.host.or.ip/api/v3/series...
[2025-08-20T02:30:15.215Z] error: <httpProxy> [
  500,
  [Error: getaddrinfo ENOTFOUND sonarr.host.or.ip] {
    errno: -3008,
    code: 'ENOTFOUND',
    syscall: 'getaddrinfo',
    hostname: 'sonarr.host.or.ip'
  }
]
[2025-08-20T02:30:15.218Z] error: <httpProxy> Error calling http://sonarr.host.or.ip/api/v3/queue/details...
[2025-08-20T02:30:15.218Z] error: <httpProxy> [
  500,
  [Error: getaddrinfo ENOTFOUND sonarr.host.or.ip] {
    errno: -3008,
    code: 'ENOTFOUND',
    syscall: 'getaddrinfo',
    hostname: 'sonarr.host.or.ip'
  }
]
[2025-08-20T02:30:15.722Z] error: undefined
[2025-08-20T02:30:15.724Z] error: <httpProxy> Error calling http://emby.host.or.ip2/emby/Items/Counts...
[2025-08-20T02:30:15.725Z] error: <httpProxy> [
  500,
  [Error: getaddrinfo ENOTFOUND emby.host.or.ip2] {
    errno: -3008,
    code: 'ENOTFOUND',
    syscall: 'getaddrinfo',
    hostname: 'emby.host.or.ip2'
  }
]
[2025-08-20T02:30:15.725Z] error: <httpProxy> Error calling http://emby.host.or.ip2/emby/Sessions...
[2025-08-20T02:30:15.726Z] error: <httpProxy> [
  500,
  [Error: getaddrinfo ENOTFOUND emby.host.or.ip2] {
    errno: -3008,
    code: 'ENOTFOUND',
    syscall: 'getaddrinfo',
    hostname: 'emby.host.or.ip2'
  }
]
[2025-08-20T02:30:15.728Z] error: <httpProxy> Error calling http://emby.host.or.ip/emby/Sessions...
[2025-08-20T02:30:15.728Z] error: <httpProxy> [
  500,
  [Error: getaddrinfo ENOTFOUND emby.host.or.ip] {
    errno: -3008,
    code: 'ENOTFOUND',
    syscall: 'getaddrinfo',
    hostname: 'emby.host.or.ip'
  }
]
[2025-08-20T02:30:15.729Z] error: <httpProxy> Error calling http://emby.host.or.ip/emby/Items/Counts...
[2025-08-20T02:30:15.730Z] error: <httpProxy> [
  500,
  [Error: getaddrinfo ENOTFOUND emby.host.or.ip] {
    errno: -3008,
    code: 'ENOTFOUND',
    syscall: 'getaddrinfo',
    hostname: 'emby.host.or.ip'
  }
]
[2025-08-20T02:30:15.781Z] error: undefined
[2025-08-20T02:30:15.866Z] error: <httpProxy> Error calling http://sonarr.host.or.ip/api/v3/wanted/missing...
[2025-08-20T02:30:15.867Z] error: <httpProxy> [
  500,
  [Error: getaddrinfo ENOTFOUND sonarr.host.or.ip] {
    errno: -3008,
    code: 'ENOTFOUND',
    syscall: 'getaddrinfo',
    hostname: 'sonarr.host.or.ip'
  }
]
[2025-08-20T02:30:15.871Z] error: <httpProxy> Error calling http://sonarr.host.or.ip/api/v3/queue...
[2025-08-20T02:30:15.872Z] error: <httpProxy> [
  500,
  [Error: getaddrinfo ENOTFOUND sonarr.host.or.ip] {
    errno: -3008,
    code: 'ENOTFOUND',
    syscall: 'getaddrinfo',
    hostname: 'sonarr.host.or.ip'
  }
]
[2025-08-20T02:30:15.876Z] error: <httpProxy> Error calling http://sonarr.host.or.ip/api/v3/series...
[2025-08-20T02:30:15.877Z] error: <httpProxy> [
  500,
  [Error: getaddrinfo ENOTFOUND sonarr.host.or.ip] {
    errno: -3008,
    code: 'ENOTFOUND',
    syscall: 'getaddrinfo',
    hostname: 'sonarr.host.or.ip'
  }
]
[2025-08-20T02:30:15.878Z] error: <httpProxy> Error calling http://sonarr.host.or.ip/api/v3/queue/details...
[2025-08-20T02:30:15.878Z] error: <httpProxy> [
  500,
  [Error: getaddrinfo ENOTFOUND sonarr.host.or.ip] {
    errno: -3008,
    code: 'ENOTFOUND',
    syscall: 'getaddrinfo',
    hostname: 'sonarr.host.or.ip'
  }
]
[2025-08-20T02:30:20.783Z] error: <httpProxy> Error calling http://emby.host.or.ip2/emby/Sessions...
[2025-08-20T02:30:20.784Z] error: <httpProxy> [
  500,
  [Error: getaddrinfo ENOTFOUND emby.host.or.ip2] {
    errno: -3008,
    code: 'ENOTFOUND',
    syscall: 'getaddrinfo',
    hostname: 'emby.host.or.ip2'
  }
]
[2025-08-20T02:30:21.668Z] error: <httpProxy> Error calling http://emby.host.or.ip/emby/Items/Counts...
[2025-08-20T02:30:21.668Z] error: <httpProxy> [
  500,
  [Error: getaddrinfo ENOTFOUND emby.host.or.ip] {
    errno: -3008,
    code: 'ENOTFOUND',
    syscall: 'getaddrinfo',
    hostname: 'emby.host.or.ip'
  }
]
[2025-08-20T02:30:21.670Z] error: <httpProxy> Error calling http://sonarr.host.or.ip/api/v3/queue/details...
[2025-08-20T02:30:21.670Z] error: <httpProxy> [
  500,
  [Error: getaddrinfo ENOTFOUND sonarr.host.or.ip] {
    errno: -3008,
    code: 'ENOTFOUND',
    syscall: 'getaddrinfo',
    hostname: 'sonarr.host.or.ip'
  }
]
[2025-08-20T02:30:26.818Z] error: undefined
[2025-08-20T02:30:26.823Z] error: <httpProxy> Error calling http://emby.host.or.ip2/emby/Items/Counts...
[2025-08-20T02:30:26.824Z] error: <httpProxy> [
  500,
  [Error: getaddrinfo ENOTFOUND emby.host.or.ip2] {
    errno: -3008,
    code: 'ENOTFOUND',
    syscall: 'getaddrinfo',
    hostname: 'emby.host.or.ip2'
  }
]
[2025-08-20T02:30:26.825Z] error: <httpProxy> Error calling http://emby.host.or.ip/emby/Sessions...
[2025-08-20T02:30:26.826Z] error: <httpProxy> [
  500,
  [Error: getaddrinfo ENOTFOUND emby.host.or.ip] {
    errno: -3008,
    code: 'ENOTFOUND',
    syscall: 'getaddrinfo',
    hostname: 'emby.host.or.ip'
  }
]
[2025-08-20T02:30:26.888Z] error: undefined
[2025-08-20T02:30:26.894Z] error: <httpProxy> Error calling http://sonarr.host.or.ip/api/v3/wanted/missing...
[2025-08-20T02:30:26.894Z] error: <httpProxy> [
  500,
  [Error: getaddrinfo ENOTFOUND sonarr.host.or.ip] {
    errno: -3008,
    code: 'ENOTFOUND',
    syscall: 'getaddrinfo',
    hostname: 'sonarr.host.or.ip'
  }
]
[2025-08-20T02:30:26.901Z] error: <httpProxy> Error calling http://sonarr.host.or.ip/api/v3/queue...
[2025-08-20T02:30:26.901Z] error: <httpProxy> [
  500,
  [Error: getaddrinfo ENOTFOUND sonarr.host.or.ip] {
    errno: -3008,
    code: 'ENOTFOUND',
    syscall: 'getaddrinfo',
    hostname: 'sonarr.host.or.ip'
  }
]
[2025-08-20T02:30:26.950Z] error: <httpProxy> Error calling http://sonarr.host.or.ip/api/v3/series...
[2025-08-20T02:30:26.951Z] error: <httpProxy> [
  500,
  [Error: getaddrinfo ENOTFOUND sonarr.host.or.ip] {
    errno: -3008,
    code: 'ENOTFOUND',
    syscall: 'getaddrinfo',
    hostname: 'sonarr.host.or.ip'
  }
]
[2025-08-20T02:32:48.510Z] error: <httpProxy> Error calling http://emby.host.or.ip/emby/Items/Counts...
[2025-08-20T02:32:48.510Z] error: <httpProxy> [
  500,
  [Error: getaddrinfo ENOTFOUND emby.host.or.ip] {
    errno: -3008,
    code: 'ENOTFOUND',
    syscall: 'getaddrinfo',
    hostname: 'emby.host.or.ip'
  }
]
[2025-08-20T02:32:48.527Z] error: undefined
[2025-08-20T02:32:48.517Z] error: <httpProxy> Error calling http://emby.host.or.ip/emby/Sessions...
[2025-08-20T02:32:48.518Z] error: <httpProxy> [
  500,
  [Error: getaddrinfo ENOTFOUND emby.host.or.ip] {
    errno: -3008,
    code: 'ENOTFOUND',
    syscall: 'getaddrinfo',
    hostname: 'emby.host.or.ip'
  }
]
[2025-08-20T02:32:48.519Z] error: <httpProxy> Error calling http://emby.host.or.ip2/emby/Sessions...
[2025-08-20T02:32:48.521Z] error: <httpProxy> [
  500,
  [Error: getaddrinfo ENOTFOUND emby.host.or.ip2] {
    errno: -3008,
    code: 'ENOTFOUND',
    syscall: 'getaddrinfo',
    hostname: 'emby.host.or.ip2'
  }
]
[2025-08-20T02:32:48.528Z] error: <httpProxy> Error calling http://emby.host.or.ip2/emby/Items/Counts...
[2025-08-20T02:32:48.529Z] error: <httpProxy> [
  500,
  [Error: getaddrinfo ENOTFOUND emby.host.or.ip2] {
    errno: -3008,
    code: 'ENOTFOUND',
    syscall: 'getaddrinfo',
    hostname: 'emby.host.or.ip2'
  }
]
[2025-08-20T02:32:48.537Z] error: undefined
[2025-08-20T02:32:48.673Z] error: <httpProxy> Error calling http://sonarr.host.or.ip/api/v3/wanted/missing...
[2025-08-20T02:32:48.674Z] error: <httpProxy> [
  500,
  [Error: getaddrinfo ENOTFOUND sonarr.host.or.ip] {
    errno: -3008,
    code: 'ENOTFOUND',
    syscall: 'getaddrinfo',
    hostname: 'sonarr.host.or.ip'
  }
]
[2025-08-20T02:32:48.675Z] error: <httpProxy> Error calling http://sonarr.host.or.ip/api/v3/queue...
[2025-08-20T02:32:48.675Z] error: <httpProxy> [
  500,
  [Error: getaddrinfo ENOTFOUND sonarr.host.or.ip] {
    errno: -3008,
    code: 'ENOTFOUND',
    syscall: 'getaddrinfo',
    hostname: 'sonarr.host.or.ip'
  }
]
[2025-08-20T02:32:48.682Z] error: <httpProxy> Error calling http://sonarr.host.or.ip/api/v3/series...
[2025-08-20T02:32:48.682Z] error: <httpProxy> [
  500,
  [Error: getaddrinfo ENOTFOUND sonarr.host.or.ip] {
    errno: -3008,
    code: 'ENOTFOUND',
    syscall: 'getaddrinfo',
    hostname: 'sonarr.host.or.ip'
  }
]
[2025-08-20T02:32:48.685Z] error: <httpProxy> Error calling http://sonarr.host.or.ip/api/v3/queue/details...
[2025-08-20T02:32:48.685Z] error: <httpProxy> [
  500,
  [Error: getaddrinfo ENOTFOUND sonarr.host.or.ip] {
    errno: -3008,
    code: 'ENOTFOUND',
    syscall: 'getaddrinfo',
    hostname: 'sonarr.host.or.ip'
  }
]
[2025-08-20T02:32:48.804Z] error: <dockerStatusService> TypeError: Cannot read properties of null (reading 'my-server')
    at k (/app/.next/server/chunks/1691.js:1:18170)
    at j (/app/.next/server/pages/api/docker/status/[...service].js:1:5714)
    at e7 (/app/node_modules/.pnpm/next@15.4.5_react-dom@18.3.1_react@18.3.1__react@18.3.1/node_modules/next/dist/compiled/next-server/pages-api.runtime.prod.js:1:99632)
    at process.processTicksAndRejections (node:internal/process/task_queues:105:5)
    at async te.render (/app/node_modules/.pnpm/next@15.4.5_react-dom@18.3.1_react@18.3.1__react@18.3.1/node_modules/next/dist/compiled/next-server/pages-api.runtime.prod.js:1:100341)
    at async Module.m (/app/.next/server/pages/api/docker/status/[...service].js:1:3281)
    at async NextNodeServer.runApi (/app/node_modules/.pnpm/next@15.4.5_react-dom@18.3.1_react@18.3.1__react@18.3.1/node_modules/next/dist/server/next-server.js:767:9)
    at async NextNodeServer.handleCatchallRenderRequest (/app/node_modules/.pnpm/next@15.4.5_react-dom@18.3.1_react@18.3.1__react@18.3.1/node_modules/next/dist/server/next-server.js:390:37)
    at async NextNodeServer.handleRequestImpl (/app/node_modules/.pnpm/next@15.4.5_react-dom@18.3.1_react@18.3.1__react@18.3.1/node_modules/next/dist/server/base-server.js:925:17)
    at async invokeRender (/app/node_modules/.pnpm/next@15.4.5_react-dom@18.3.1_react@18.3.1__react@18.3.1/node_modules/next/dist/server/lib/router-server.js:239:21)
[2025-08-20T02:32:48.812Z] error: <dockerStatsService> TypeError: Cannot read properties of null (reading 'other-server')
    at k (/app/.next/server/chunks/1691.js:1:18170)
    at j (/app/.next/server/pages/api/docker/stats/[...service].js:1:1990)
    at e7 (/app/node_modules/.pnpm/next@15.4.5_react-dom@18.3.1_react@18.3.1__react@18.3.1/node_modules/next/dist/compiled/next-server/pages-api.runtime.prod.js:1:99632)
    at process.processTicksAndRejections (node:internal/process/task_queues:105:5)
    at async te.render (/app/node_modules/.pnpm/next@15.4.5_react-dom@18.3.1_react@18.3.1__react@18.3.1/node_modules/next/dist/compiled/next-server/pages-api.runtime.prod.js:1:100341)
    at async Module.m (/app/.next/server/pages/api/docker/stats/[...service].js:1:6306)
    at async NextNodeServer.runApi (/app/node_modules/.pnpm/next@15.4.5_react-dom@18.3.1_react@18.3.1__react@18.3.1/node_modules/next/dist/server/next-server.js:767:9)
    at async NextNodeServer.handleCatchallRenderRequest (/app/node_modules/.pnpm/next@15.4.5_react-dom@18.3.1_react@18.3.1__react@18.3.1/node_modules/next/dist/server/next-server.js:390:37)
    at async NextNodeServer.handleRequestImpl (/app/node_modules/.pnpm/next@15.4.5_react-dom@18.3.1_react@18.3.1__react@18.3.1/node_modules/next/dist/server/base-server.js:925:17)
    at async invokeRender (/app/node_modules/.pnpm/next@15.4.5_react-dom@18.3.1_react@18.3.1__react@18.3.1/node_modules/next/dist/server/lib/router-server.js:239:21)
[2025-08-20T02:32:48.817Z] error: <dockerStatsService> TypeError: Cannot read properties of null (reading 'my-server')
    at k (/app/.next/server/chunks/1691.js:1:18170)
    at j (/app/.next/server/pages/api/docker/stats/[...service].js:1:1990)
    at e7 (/app/node_modules/.pnpm/next@15.4.5_react-dom@18.3.1_react@18.3.1__react@18.3.1/node_modules/next/dist/compiled/next-server/pages-api.runtime.prod.js:1:99632)
    at process.processTicksAndRejections (node:internal/process/task_queues:105:5)
    at async te.render (/app/node_modules/.pnpm/next@15.4.5_react-dom@18.3.1_react@18.3.1__react@18.3.1/node_modules/next/dist/compiled/next-server/pages-api.runtime.prod.js:1:100341)
    at async Module.m (/app/.next/server/pages/api/docker/stats/[...service].js:1:6306)
    at async NextNodeServer.runApi (/app/node_modules/.pnpm/next@15.4.5_react-dom@18.3.1_react@18.3.1__react@18.3.1/node_modules/next/dist/server/next-server.js:767:9)
    at async NextNodeServer.handleCatchallRenderRequest (/app/node_modules/.pnpm/next@15.4.5_react-dom@18.3.1_react@18.3.1__react@18.3.1/node_modules/next/dist/server/next-server.js:390:37)
    at async NextNodeServer.handleRequestImpl (/app/node_modules/.pnpm/next@15.4.5_react-dom@18.3.1_react@18.3.1__react@18.3.1/node_modules/next/dist/server/base-server.js:925:17)
    at async invokeRender (/app/node_modules/.pnpm/next@15.4.5_react-dom@18.3.1_react@18.3.1__react@18.3.1/node_modules/next/dist/server/lib/router-server.js:239:21)
[2025-08-20T02:32:48.823Z] error: <dockerStatusService> TypeError: Cannot read properties of null (reading 'other-server')
    at k (/app/.next/server/chunks/1691.js:1:18170)
    at j (/app/.next/server/pages/api/docker/status/[...service].js:1:5714)
    at e7 (/app/node_modules/.pnpm/next@15.4.5_react-dom@18.3.1_react@18.3.1__react@18.3.1/node_modules/next/dist/compiled/next-server/pages-api.runtime.prod.js:1:99632)
    at process.processTicksAndRejections (node:internal/process/task_queues:105:5)
    at async te.render (/app/node_modules/.pnpm/next@15.4.5_react-dom@18.3.1_react@18.3.1__react@18.3.1/node_modules/next/dist/compiled/next-server/pages-api.runtime.prod.js:1:100341)
    at async Module.m (/app/.next/server/pages/api/docker/status/[...service].js:1:3281)
    at async NextNodeServer.runApi (/app/node_modules/.pnpm/next@15.4.5_react-dom@18.3.1_react@18.3.1__react@18.3.1/node_modules/next/dist/server/next-server.js:767:9)
    at async NextNodeServer.handleCatchallRenderRequest (/app/node_modules/.pnpm/next@15.4.5_react-dom@18.3.1_react@18.3.1__react@18.3.1/node_modules/next/dist/server/next-server.js:390:37)
    at async NextNodeServer.handleRequestImpl (/app/node_modules/.pnpm/next@15.4.5_react-dom@18.3.1_react@18.3.1__react@18.3.1/node_modules/next/dist/server/base-server.js:925:17)
    at async invokeRender (/app/node_modules/.pnpm/next@15.4.5_react-dom@18.3.1_react@18.3.1__react@18.3.1/node_modules/next/dist/server/lib/router-server.js:239:21)
[2025-08-20T02:32:49.195Z] error: <httpProxy> Error calling http://emby.host.or.ip/emby/Items/Counts...
[2025-08-20T02:32:49.196Z] error: <httpProxy> [
  500,
  [Error: getaddrinfo ENOTFOUND emby.host.or.ip] {
    errno: -3008,
    code: 'ENOTFOUND',
    syscall: 'getaddrinfo',
    hostname: 'emby.host.or.ip'
  }
]
[2025-08-20T02:32:49.197Z] error: <httpProxy> Error calling http://emby.host.or.ip/emby/Sessions...
[2025-08-20T02:32:49.197Z] error: <httpProxy> [
  500,
  [Error: getaddrinfo ENOTFOUND emby.host.or.ip] {
    errno: -3008,
    code: 'ENOTFOUND',
    syscall: 'getaddrinfo',
    hostname: 'emby.host.or.ip'
  }
]
[2025-08-20T02:32:49.287Z] error: <httpProxy> Error calling http://emby.host.or.ip2/emby/Sessions...
[2025-08-20T02:32:49.288Z] error: <httpProxy> [
  500,
  [Error: getaddrinfo ENOTFOUND emby.host.or.ip2] {
    errno: -3008,
    code: 'ENOTFOUND',
    syscall: 'getaddrinfo',
    hostname: 'emby.host.or.ip2'
  }
]
[2025-08-20T02:32:49.290Z] error: undefined
[2025-08-20T02:32:49.290Z] error: <httpProxy> Error calling http://emby.host.or.ip2/emby/Items/Counts...
[2025-08-20T02:32:49.292Z] error: undefined
[2025-08-20T02:32:49.291Z] error: <httpProxy> [
  500,
  [Error: getaddrinfo ENOTFOUND emby.host.or.ip2] {
    errno: -3008,
    code: 'ENOTFOUND',
    syscall: 'getaddrinfo',
    hostname: 'emby.host.or.ip2'
  }
]
[2025-08-20T02:32:49.322Z] error: <httpProxy> Error calling http://sonarr.host.or.ip/api/v3/wanted/missing...
[2025-08-20T02:32:49.322Z] error: <httpProxy> [
  500,
  [Error: getaddrinfo ENOTFOUND sonarr.host.or.ip] {
    errno: -3008,
    code: 'ENOTFOUND',
    syscall: 'getaddrinfo',
    hostname: 'sonarr.host.or.ip'
  }
]
[2025-08-20T02:32:49.323Z] error: <httpProxy> Error calling http://sonarr.host.or.ip/api/v3/queue...
[2025-08-20T02:32:49.324Z] error: <httpProxy> [
  500,
  [Error: getaddrinfo ENOTFOUND sonarr.host.or.ip] {
    errno: -3008,
    code: 'ENOTFOUND',
    syscall: 'getaddrinfo',
    hostname: 'sonarr.host.or.ip'
  }
]
[2025-08-20T02:32:49.433Z] error: <httpProxy> Error calling http://sonarr.host.or.ip/api/v3/series...
[2025-08-20T02:32:49.434Z] error: <httpProxy> [
  500,
  [Error: getaddrinfo ENOTFOUND sonarr.host.or.ip] {
    errno: -3008,
    code: 'ENOTFOUND',
    syscall: 'getaddrinfo',
    hostname: 'sonarr.host.or.ip'
  }
]
[2025-08-20T02:32:49.435Z] error: <httpProxy> Error calling http://sonarr.host.or.ip/api/v3/queue/details...
[2025-08-20T02:32:49.435Z] error: <httpProxy> [
  500,
  [Error: getaddrinfo ENOTFOUND sonarr.host.or.ip] {
    errno: -3008,
    code: 'ENOTFOUND',
    syscall: 'getaddrinfo',
    hostname: 'sonarr.host.or.ip'
  }
]
[2025-08-20T02:32:49.442Z] error: <dockerStatusService> TypeError: Cannot read properties of null (reading 'my-server')
    at k (/app/.next/server/chunks/1691.js:1:18170)
    at j (/app/.next/server/pages/api/docker/status/[...service].js:1:5714)
    at e7 (/app/node_modules/.pnpm/next@15.4.5_react-dom@18.3.1_react@18.3.1__react@18.3.1/node_modules/next/dist/compiled/next-server/pages-api.runtime.prod.js:1:99632)
    at process.processTicksAndRejections (node:internal/process/task_queues:105:5)
    at async te.render (/app/node_modules/.pnpm/next@15.4.5_react-dom@18.3.1_react@18.3.1__react@18.3.1/node_modules/next/dist/compiled/next-server/pages-api.runtime.prod.js:1:100341)
    at async Module.m (/app/.next/server/pages/api/docker/status/[...service].js:1:3281)
    at async NextNodeServer.runApi (/app/node_modules/.pnpm/next@15.4.5_react-dom@18.3.1_react@18.3.1__react@18.3.1/node_modules/next/dist/server/next-server.js:767:9)
    at async NextNodeServer.handleCatchallRenderRequest (/app/node_modules/.pnpm/next@15.4.5_react-dom@18.3.1_react@18.3.1__react@18.3.1/node_modules/next/dist/server/next-server.js:390:37)
    at async NextNodeServer.handleRequestImpl (/app/node_modules/.pnpm/next@15.4.5_react-dom@18.3.1_react@18.3.1__react@18.3.1/node_modules/next/dist/server/base-server.js:925:17)
    at async invokeRender (/app/node_modules/.pnpm/next@15.4.5_react-dom@18.3.1_react@18.3.1__react@18.3.1/node_modules/next/dist/server/lib/router-server.js:239:21)
[2025-08-20T02:32:49.447Z] error: <dockerStatusService> TypeError: Cannot read properties of null (reading 'other-server')
    at k (/app/.next/server/chunks/1691.js:1:18170)
    at j (/app/.next/server/pages/api/docker/status/[...service].js:1:5714)
    at e7 (/app/node_modules/.pnpm/next@15.4.5_react-dom@18.3.1_react@18.3.1__react@18.3.1/node_modules/next/dist/compiled/next-server/pages-api.runtime.prod.js:1:99632)
    at process.processTicksAndRejections (node:internal/process/task_queues:105:5)
    at async te.render (/app/node_modules/.pnpm/next@15.4.5_react-dom@18.3.1_react@18.3.1__react@18.3.1/node_modules/next/dist/compiled/next-server/pages-api.runtime.prod.js:1:100341)
    at async Module.m (/app/.next/server/pages/api/docker/status/[...service].js:1:3281)
    at async NextNodeServer.runApi (/app/node_modules/.pnpm/next@15.4.5_react-dom@18.3.1_react@18.3.1__react@18.3.1/node_modules/next/dist/server/next-server.js:767:9)
    at async NextNodeServer.handleCatchallRenderRequest (/app/node_modules/.pnpm/next@15.4.5_react-dom@18.3.1_react@18.3.1__react@18.3.1/node_modules/next/dist/server/next-server.js:390:37)
    at async NextNodeServer.handleRequestImpl (/app/node_modules/.pnpm/next@15.4.5_react-dom@18.3.1_react@18.3.1__react@18.3.1/node_modules/next/dist/server/base-server.js:925:17)
    at async invokeRender (/app/node_modules/.pnpm/next@15.4.5_react-dom@18.3.1_react@18.3.1__react@18.3.1/node_modules/next/dist/server/lib/router-server.js:239:21)
[2025-08-20T02:32:49.555Z] error: <dockerStatsService> TypeError: Cannot read properties of null (reading 'my-server')
    at k (/app/.next/server/chunks/1691.js:1:18170)
    at j (/app/.next/server/pages/api/docker/stats/[...service].js:1:1990)
    at e7 (/app/node_modules/.pnpm/next@15.4.5_react-dom@18.3.1_react@18.3.1__react@18.3.1/node_modules/next/dist/compiled/next-server/pages-api.runtime.prod.js:1:99632)
    at process.processTicksAndRejections (node:internal/process/task_queues:105:5)
    at async te.render (/app/node_modules/.pnpm/next@15.4.5_react-dom@18.3.1_react@18.3.1__react@18.3.1/node_modules/next/dist/compiled/next-server/pages-api.runtime.prod.js:1:100341)
    at async Module.m (/app/.next/server/pages/api/docker/stats/[...service].js:1:6306)
    at async NextNodeServer.runApi (/app/node_modules/.pnpm/next@15.4.5_react-dom@18.3.1_react@18.3.1__react@18.3.1/node_modules/next/dist/server/next-server.js:767:9)
    at async NextNodeServer.handleCatchallRenderRequest (/app/node_modules/.pnpm/next@15.4.5_react-dom@18.3.1_react@18.3.1__react@18.3.1/node_modules/next/dist/server/next-server.js:390:37)
    at async NextNodeServer.handleRequestImpl (/app/node_modules/.pnpm/next@15.4.5_react-dom@18.3.1_react@18.3.1__react@18.3.1/node_modules/next/dist/server/base-server.js:925:17)
    at async invokeRender (/app/node_modules/.pnpm/next@15.4.5_react-dom@18.3.1_react@18.3.1__react@18.3.1/node_modules/next/dist/server/lib/router-server.js:239:21)
[2025-08-20T02:32:49.561Z] error: <dockerStatsService> TypeError: Cannot read properties of null (reading 'other-server')
    at k (/app/.next/server/chunks/1691.js:1:18170)
    at j (/app/.next/server/pages/api/docker/stats/[...service].js:1:1990)
    at e7 (/app/node_modules/.pnpm/next@15.4.5_react-dom@18.3.1_react@18.3.1__react@18.3.1/node_modules/next/dist/compiled/next-server/pages-api.runtime.prod.js:1:99632)
    at process.processTicksAndRejections (node:internal/process/task_queues:105:5)
    at async te.render (/app/node_modules/.pnpm/next@15.4.5_react-dom@18.3.1_react@18.3.1__react@18.3.1/node_modules/next/dist/compiled/next-server/pages-api.runtime.prod.js:1:100341)
    at async Module.m (/app/.next/server/pages/api/docker/stats/[...service].js:1:6306)
    at async NextNodeServer.runApi (/app/node_modules/.pnpm/next@15.4.5_react-dom@18.3.1_react@18.3.1__react@18.3.1/node_modules/next/dist/server/next-server.js:767:9)
    at async NextNodeServer.handleCatchallRenderRequest (/app/node_modules/.pnpm/next@15.4.5_react-dom@18.3.1_react@18.3.1__react@18.3.1/node_modules/next/dist/server/next-server.js:390:37)
    at async NextNodeServer.handleRequestImpl (/app/node_modules/.pnpm/next@15.4.5_react-dom@18.3.1_react@18.3.1__react@18.3.1/node_modules/next/dist/server/base-server.js:925:17)
    at async invokeRender (/app/node_modules/.pnpm/next@15.4.5_react-dom@18.3.1_react@18.3.1__react@18.3.1/node_modules/next/dist/server/lib/router-server.js:239:21)
[2025-08-20T02:32:54.254Z] error: <httpProxy> Error calling http://emby.host.or.ip/emby/Items/Counts...
[2025-08-20T02:32:54.254Z] error: <httpProxy> [
  500,
  [Error: getaddrinfo ENOTFOUND emby.host.or.ip] {
    errno: -3008,
    code: 'ENOTFOUND',
    syscall: 'getaddrinfo',
    hostname: 'emby.host.or.ip'
  }
]
[2025-08-20T02:32:54.345Z] error: undefined
[2025-08-20T02:32:54.351Z] error: <httpProxy> Error calling http://emby.host.or.ip2/emby/Sessions...
[2025-08-20T02:32:54.351Z] error: <httpProxy> [
  500,
  [Error: getaddrinfo ENOTFOUND emby.host.or.ip2] {
    errno: -3008,
    code: 'ENOTFOUND',
    syscall: 'getaddrinfo',
    hostname: 'emby.host.or.ip2'
  }
]
[2025-08-20T02:32:54.376Z] error: <httpProxy> Error calling http://sonarr.host.or.ip/api/v3/wanted/missing...
[2025-08-20T02:32:54.377Z] error: <httpProxy> [
  500,
  [Error: getaddrinfo ENOTFOUND sonarr.host.or.ip] {
    errno: -3008,
    code: 'ENOTFOUND',
    syscall: 'getaddrinfo',
    hostname: 'sonarr.host.or.ip'
  }
]
[2025-08-20T02:32:54.462Z] error: <httpProxy> Error calling http://sonarr.host.or.ip/api/v3/queue...
[2025-08-20T02:32:54.463Z] error: <httpProxy> [
  500,
  [Error: getaddrinfo ENOTFOUND sonarr.host.or.ip] {
    errno: -3008,
    code: 'ENOTFOUND',
    syscall: 'getaddrinfo',
    hostname: 'sonarr.host.or.ip'
  }
]
[2025-08-20T02:32:54.569Z] error: <dockerStatusService> TypeError: Cannot read properties of null (reading 'my-server')
    at k (/app/.next/server/chunks/1691.js:1:18170)
    at j (/app/.next/server/pages/api/docker/status/[...service].js:1:5714)
    at e7 (/app/node_modules/.pnpm/next@15.4.5_react-dom@18.3.1_react@18.3.1__react@18.3.1/node_modules/next/dist/compiled/next-server/pages-api.runtime.prod.js:1:99632)
    at process.processTicksAndRejections (node:internal/process/task_queues:105:5)
    at async te.render (/app/node_modules/.pnpm/next@15.4.5_react-dom@18.3.1_react@18.3.1__react@18.3.1/node_modules/next/dist/compiled/next-server/pages-api.runtime.prod.js:1:100341)
    at async Module.m (/app/.next/server/pages/api/docker/status/[...service].js:1:3281)
    at async NextNodeServer.runApi (/app/node_modules/.pnpm/next@15.4.5_react-dom@18.3.1_react@18.3.1__react@18.3.1/node_modules/next/dist/server/next-server.js:767:9)
    at async NextNodeServer.handleCatchallRenderRequest (/app/node_modules/.pnpm/next@15.4.5_react-dom@18.3.1_react@18.3.1__react@18.3.1/node_modules/next/dist/server/next-server.js:390:37)
    at async NextNodeServer.handleRequestImpl (/app/node_modules/.pnpm/next@15.4.5_react-dom@18.3.1_react@18.3.1__react@18.3.1/node_modules/next/dist/server/base-server.js:925:17)
    at async invokeRender (/app/node_modules/.pnpm/next@15.4.5_react-dom@18.3.1_react@18.3.1__react@18.3.1/node_modules/next/dist/server/lib/router-server.js:239:21)
[2025-08-20T02:32:54.574Z] error: <httpProxy> Error calling http://sonarr.host.or.ip/api/v3/queue/details...
[2025-08-20T02:32:54.574Z] error: <httpProxy> [
  500,
  [Error: getaddrinfo ENOTFOUND sonarr.host.or.ip] {
    errno: -3008,
    code: 'ENOTFOUND',
    syscall: 'getaddrinfo',
    hostname: 'sonarr.host.or.ip'
  }
]
[2025-08-20T02:32:54.575Z] error: <httpProxy> Error calling http://sonarr.host.or.ip/api/v3/series...
[2025-08-20T02:32:54.576Z] error: <httpProxy> [
  500,
  [Error: getaddrinfo ENOTFOUND sonarr.host.or.ip] {
    errno: -3008,
    code: 'ENOTFOUND',
    syscall: 'getaddrinfo',
    hostname: 'sonarr.host.or.ip'
  }
]
[2025-08-20T02:32:54.691Z] error: <dockerStatsService> TypeError: Cannot read properties of null (reading 'other-server')
    at k (/app/.next/server/chunks/1691.js:1:18170)
    at j (/app/.next/server/pages/api/docker/stats/[...service].js:1:1990)
    at e7 (/app/node_modules/.pnpm/next@15.4.5_react-dom@18.3.1_react@18.3.1__react@18.3.1/node_modules/next/dist/compiled/next-server/pages-api.runtime.prod.js:1:99632)
    at process.processTicksAndRejections (node:internal/process/task_queues:105:5)
    at async te.render (/app/node_modules/.pnpm/next@15.4.5_react-dom@18.3.1_react@18.3.1__react@18.3.1/node_modules/next/dist/compiled/next-server/pages-api.runtime.prod.js:1:100341)
    at async Module.m (/app/.next/server/pages/api/docker/stats/[...service].js:1:6306)
    at async NextNodeServer.runApi (/app/node_modules/.pnpm/next@15.4.5_react-dom@18.3.1_react@18.3.1__react@18.3.1/node_modules/next/dist/server/next-server.js:767:9)
    at async NextNodeServer.handleCatchallRenderRequest (/app/node_modules/.pnpm/next@15.4.5_react-dom@18.3.1_react@18.3.1__react@18.3.1/node_modules/next/dist/server/next-server.js:390:37)
    at async NextNodeServer.handleRequestImpl (/app/node_modules/.pnpm/next@15.4.5_react-dom@18.3.1_react@18.3.1__react@18.3.1/node_modules/next/dist/server/base-server.js:925:17)
    at async invokeRender (/app/node_modules/.pnpm/next@15.4.5_react-dom@18.3.1_react@18.3.1__react@18.3.1/node_modules/next/dist/server/lib/router-server.js:239:21)
[2025-08-20T02:32:59.728Z] error: <dockerStatusService> TypeError: Cannot read properties of null (reading 'other-server')
    at k (/app/.next/server/chunks/1691.js:1:18170)
    at j (/app/.next/server/pages/api/docker/status/[...service].js:1:5714)
    at e7 (/app/node_modules/.pnpm/next@15.4.5_react-dom@18.3.1_react@18.3.1__react@18.3.1/node_modules/next/dist/compiled/next-server/pages-api.runtime.prod.js:1:99632)
    at process.processTicksAndRejections (node:internal/process/task_queues:105:5)
    at async te.render (/app/node_modules/.pnpm/next@15.4.5_react-dom@18.3.1_react@18.3.1__react@18.3.1/node_modules/next/dist/compiled/next-server/pages-api.runtime.prod.js:1:100341)
    at async Module.m (/app/.next/server/pages/api/docker/status/[...service].js:1:3281)
    at async NextNodeServer.runApi (/app/node_modules/.pnpm/next@15.4.5_react-dom@18.3.1_react@18.3.1__react@18.3.1/node_modules/next/dist/server/next-server.js:767:9)
    at async NextNodeServer.handleCatchallRenderRequest (/app/node_modules/.pnpm/next@15.4.5_react-dom@18.3.1_react@18.3.1__react@18.3.1/node_modules/next/dist/server/next-server.js:390:37)
    at async NextNodeServer.handleRequestImpl (/app/node_modules/.pnpm/next@15.4.5_react-dom@18.3.1_react@18.3.1__react@18.3.1/node_modules/next/dist/server/base-server.js:925:17)
    at async invokeRender (/app/node_modules/.pnpm/next@15.4.5_react-dom@18.3.1_react@18.3.1__react@18.3.1/node_modules/next/dist/server/lib/router-server.js:239:21)
[2025-08-20T02:32:59.731Z] error: undefined
[2025-08-20T02:32:59.733Z] error: <httpProxy> Error calling http://emby.host.or.ip/emby/Sessions...
[2025-08-20T02:32:59.733Z] error: <httpProxy> [
  500,
  [Error: getaddrinfo ENOTFOUND emby.host.or.ip] {
    errno: -3008,
    code: 'ENOTFOUND',
    syscall: 'getaddrinfo',
    hostname: 'emby.host.or.ip'
  }
]
[2025-08-20T02:32:59.742Z] error: <httpProxy> Error calling http://emby.host.or.ip2/emby/Items/Counts...
[2025-08-20T02:32:59.743Z] error: <httpProxy> [
  500,
  [Error: getaddrinfo ENOTFOUND emby.host.or.ip2] {
    errno: -3008,
    code: 'ENOTFOUND',
    syscall: 'getaddrinfo',
    hostname: 'emby.host.or.ip2'
  }
]
[2025-08-20T02:33:00.641Z] error: <dockerStatsService> TypeError: Cannot read properties of null (reading 'my-server')
    at k (/app/.next/server/chunks/1691.js:1:18170)
    at j (/app/.next/server/pages/api/docker/stats/[...service].js:1:1990)
    at e7 (/app/node_modules/.pnpm/next@15.4.5_react-dom@18.3.1_react@18.3.1__react@18.3.1/node_modules/next/dist/compiled/next-server/pages-api.runtime.prod.js:1:99632)
    at process.processTicksAndRejections (node:internal/process/task_queues:105:5)
    at async te.render (/app/node_modules/.pnpm/next@15.4.5_react-dom@18.3.1_react@18.3.1__react@18.3.1/node_modules/next/dist/compiled/next-server/pages-api.runtime.prod.js:1:100341)
    at async Module.m (/app/.next/server/pages/api/docker/stats/[...service].js:1:6306)
    at async NextNodeServer.runApi (/app/node_modules/.pnpm/next@15.4.5_react-dom@18.3.1_react@18.3.1__react@18.3.1/node_modules/next/dist/server/next-server.js:767:9)
    at async NextNodeServer.handleCatchallRenderRequest (/app/node_modules/.pnpm/next@15.4.5_react-dom@18.3.1_react@18.3.1__react@18.3.1/node_modules/next/dist/server/next-server.js:390:37)
    at async NextNodeServer.handleRequestImpl (/app/node_modules/.pnpm/next@15.4.5_react-dom@18.3.1_react@18.3.1__react@18.3.1/node_modules/next/dist/server/base-server.js:925:17)
    at async invokeRender (/app/node_modules/.pnpm/next@15.4.5_react-dom@18.3.1_react@18.3.1__react@18.3.1/node_modules/next/dist/server/lib/router-server.js:239:21)
[2025-08-20T02:33:04.758Z] error: <dockerStatusService> TypeError: Cannot read properties of null (reading 'my-server')
    at k (/app/.next/server/chunks/1691.js:1:18170)
    at j (/app/.next/server/pages/api/docker/status/[...service].js:1:5714)
    at e7 (/app/node_modules/.pnpm/next@15.4.5_react-dom@18.3.1_react@18.3.1__react@18.3.1/node_modules/next/dist/compiled/next-server/pages-api.runtime.prod.js:1:99632)
    at process.processTicksAndRejections (node:internal/process/task_queues:105:5)
    at async te.render (/app/node_modules/.pnpm/next@15.4.5_react-dom@18.3.1_react@18.3.1__react@18.3.1/node_modules/next/dist/compiled/next-server/pages-api.runtime.prod.js:1:100341)
    at async Module.m (/app/.next/server/pages/api/docker/status/[...service].js:1:3281)
    at async NextNodeServer.runApi (/app/node_modules/.pnpm/next@15.4.5_react-dom@18.3.1_react@18.3.1__react@18.3.1/node_modules/next/dist/server/next-server.js:767:9)
    at async NextNodeServer.handleCatchallRenderRequest (/app/node_modules/.pnpm/next@15.4.5_react-dom@18.3.1_react@18.3.1__react@18.3.1/node_modules/next/dist/server/next-server.js:390:37)
    at async NextNodeServer.handleRequestImpl (/app/node_modules/.pnpm/next@15.4.5_react-dom@18.3.1_react@18.3.1__react@18.3.1/node_modules/next/dist/server/base-server.js:925:17)
    at async invokeRender (/app/node_modules/.pnpm/next@15.4.5_react-dom@18.3.1_react@18.3.1__react@18.3.1/node_modules/next/dist/server/lib/router-server.js:239:21)
[2025-08-20T02:33:04.768Z] error: <httpProxy> Error calling http://emby.host.or.ip/emby/Items/Counts...
[2025-08-20T02:33:04.769Z] error: <httpProxy> [
  500,
  [Error: getaddrinfo ENOTFOUND emby.host.or.ip] {
    errno: -3008,
    code: 'ENOTFOUND',
    syscall: 'getaddrinfo',
    hostname: 'emby.host.or.ip'
  }
]
[2025-08-20T02:33:04.771Z] error: <httpProxy> Error calling http://emby.host.or.ip2/emby/Sessions...
[2025-08-20T02:33:04.771Z] error: <httpProxy> [
  500,
  [Error: getaddrinfo ENOTFOUND emby.host.or.ip2] {
    errno: -3008,
    code: 'ENOTFOUND',
    syscall: 'getaddrinfo',
    hostname: 'emby.host.or.ip2'
  }
]
[2025-08-20T02:33:04.772Z] error: <httpProxy> Error calling http://sonarr.host.or.ip/api/v3/series...
[2025-08-20T02:33:04.772Z] error: <httpProxy> [
  500,
  [Error: getaddrinfo ENOTFOUND sonarr.host.or.ip] {
    errno: -3008,
    code: 'ENOTFOUND',
    syscall: 'getaddrinfo',
    hostname: 'sonarr.host.or.ip'
  }
]
[2025-08-20T02:33:05.627Z] error: <dockerStatsService> TypeError: Cannot read properties of null (reading 'other-server')
    at k (/app/.next/server/chunks/1691.js:1:18170)
    at j (/app/.next/server/pages/api/docker/stats/[...service].js:1:1990)
    at e7 (/app/node_modules/.pnpm/next@15.4.5_react-dom@18.3.1_react@18.3.1__react@18.3.1/node_modules/next/dist/compiled/next-server/pages-api.runtime.prod.js:1:99632)
    at process.processTicksAndRejections (node:internal/process/task_queues:105:5)
    at async te.render (/app/node_modules/.pnpm/next@15.4.5_react-dom@18.3.1_react@18.3.1__react@18.3.1/node_modules/next/dist/compiled/next-server/pages-api.runtime.prod.js:1:100341)
    at async Module.m (/app/.next/server/pages/api/docker/stats/[...service].js:1:6306)
    at async NextNodeServer.runApi (/app/node_modules/.pnpm/next@15.4.5_react-dom@18.3.1_react@18.3.1__react@18.3.1/node_modules/next/dist/server/next-server.js:767:9)
    at async NextNodeServer.handleCatchallRenderRequest (/app/node_modules/.pnpm/next@15.4.5_react-dom@18.3.1_react@18.3.1__react@18.3.1/node_modules/next/dist/server/next-server.js:390:37)
    at async NextNodeServer.handleRequestImpl (/app/node_modules/.pnpm/next@15.4.5_react-dom@18.3.1_react@18.3.1__react@18.3.1/node_modules/next/dist/server/base-server.js:925:17)
    at async invokeRender (/app/node_modules/.pnpm/next@15.4.5_react-dom@18.3.1_react@18.3.1__react@18.3.1/node_modules/next/dist/server/lib/router-server.js:239:21)
[2025-08-20T02:33:09.682Z] error: <httpProxy> Error calling http://sonarr.host.or.ip/api/v3/queue...
[2025-08-20T02:33:09.682Z] error: <httpProxy> [
  500,
  [Error: getaddrinfo ENOTFOUND sonarr.host.or.ip] {
    errno: -3008,
    code: 'ENOTFOUND',
    syscall: 'getaddrinfo',
    hostname: 'sonarr.host.or.ip'
  }
]
[2025-08-20T02:33:10.726Z] error: <httpProxy> Error calling http://sonarr.host.or.ip/api/v3/queue/details...
[2025-08-20T02:33:10.727Z] error: <httpProxy> [
  500,
  [Error: getaddrinfo ENOTFOUND sonarr.host.or.ip] {
    errno: -3008,
    code: 'ENOTFOUND',
    syscall: 'getaddrinfo',
    hostname: 'sonarr.host.or.ip'
  }
]
[2025-08-20T02:33:14.784Z] error: undefined
[2025-08-20T02:33:19.667Z] error: <httpProxy> Error calling http://sonarr.host.or.ip/api/v3/wanted/missing...
[2025-08-20T02:33:19.668Z] error: <httpProxy> [
  500,
  [Error: getaddrinfo ENOTFOUND sonarr.host.or.ip] {
    errno: -3008,
    code: 'ENOTFOUND',
    syscall: 'getaddrinfo',
    hostname: 'sonarr.host.or.ip'
  }
]
[2025-08-20T02:34:53.153Z] error: <httpProxy> Error calling http://emby.host.or.ip/emby/Items/Counts...
[2025-08-20T02:34:53.154Z] error: <httpProxy> [
  500,
  [Error: getaddrinfo ENOTFOUND emby.host.or.ip] {
    errno: -3008,
    code: 'ENOTFOUND',
    syscall: 'getaddrinfo',
    hostname: 'emby.host.or.ip'
  }
]
[2025-08-20T02:34:53.156Z] error: <httpProxy> Error calling http://emby.host.or.ip/emby/Sessions...
[2025-08-20T02:34:53.157Z] error: <httpProxy> [
  500,
  [Error: getaddrinfo ENOTFOUND emby.host.or.ip] {
    errno: -3008,
    code: 'ENOTFOUND',
    syscall: 'getaddrinfo',
    hostname: 'emby.host.or.ip'
  }
]
[2025-08-20T02:34:53.159Z] error: <httpProxy> Error calling http://emby.host.or.ip2/emby/Sessions...
[2025-08-20T02:34:53.160Z] error: <httpProxy> [
  500,
  [Error: getaddrinfo ENOTFOUND emby.host.or.ip2] {
    errno: -3008,
    code: 'ENOTFOUND',
    syscall: 'getaddrinfo',
    hostname: 'emby.host.or.ip2'
  }
]
[2025-08-20T02:34:53.163Z] error: <httpProxy> Error calling http://sonarr.host.or.ip/api/v3/queue...
[2025-08-20T02:34:53.164Z] error: <httpProxy> [
  500,
  [Error: getaddrinfo ENOTFOUND sonarr.host.or.ip] {
    errno: -3008,
    code: 'ENOTFOUND',
    syscall: 'getaddrinfo',
    hostname: 'sonarr.host.or.ip'
  }
]
[2025-08-20T02:34:53.166Z] error: <httpProxy> Error calling http://emby.host.or.ip2/emby/Items/Counts...
[2025-08-20T02:34:53.166Z] error: <httpProxy> [
  500,
  [Error: getaddrinfo ENOTFOUND emby.host.or.ip2] {
    errno: -3008,
    code: 'ENOTFOUND',
    syscall: 'getaddrinfo',
    hostname: 'emby.host.or.ip2'
  }
]
[2025-08-20T02:34:53.167Z] error: <httpProxy> Error calling http://sonarr.host.or.ip/api/v3/wanted/missing...
[2025-08-20T02:34:53.167Z] error: <httpProxy> [
  500,
  [Error: getaddrinfo ENOTFOUND sonarr.host.or.ip] {
    errno: -3008,
    code: 'ENOTFOUND',
    syscall: 'getaddrinfo',
    hostname: 'sonarr.host.or.ip'
  }
]
[2025-08-20T02:34:53.288Z] error: <dockerStatsService> TypeError: Cannot read properties of null (reading 'my-server')
    at k (/app/.next/server/chunks/1691.js:1:18170)
    at j (/app/.next/server/pages/api/docker/stats/[...service].js:1:1990)
    at e7 (/app/node_modules/.pnpm/next@15.4.5_react-dom@18.3.1_react@18.3.1__react@18.3.1/node_modules/next/dist/compiled/next-server/pages-api.runtime.prod.js:1:99632)
    at process.processTicksAndRejections (node:internal/process/task_queues:105:5)
    at async te.render (/app/node_modules/.pnpm/next@15.4.5_react-dom@18.3.1_react@18.3.1__react@18.3.1/node_modules/next/dist/compiled/next-server/pages-api.runtime.prod.js:1:100341)
    at async Module.m (/app/.next/server/pages/api/docker/stats/[...service].js:1:6306)
    at async NextNodeServer.runApi (/app/node_modules/.pnpm/next@15.4.5_react-dom@18.3.1_react@18.3.1__react@18.3.1/node_modules/next/dist/server/next-server.js:767:9)
    at async NextNodeServer.handleCatchallRenderRequest (/app/node_modules/.pnpm/next@15.4.5_react-dom@18.3.1_react@18.3.1__react@18.3.1/node_modules/next/dist/server/next-server.js:390:37)
    at async NextNodeServer.handleRequestImpl (/app/node_modules/.pnpm/next@15.4.5_react-dom@18.3.1_react@18.3.1__react@18.3.1/node_modules/next/dist/server/base-server.js:925:17)
    at async invokeRender (/app/node_modules/.pnpm/next@15.4.5_react-dom@18.3.1_react@18.3.1__react@18.3.1/node_modules/next/dist/server/lib/router-server.js:239:21)
[2025-08-20T02:34:53.293Z] error: <dockerStatsService> TypeError: Cannot read properties of null (reading 'other-server')
    at k (/app/.next/server/chunks/1691.js:1:18170)
    at j (/app/.next/server/pages/api/docker/stats/[...service].js:1:1990)
    at e7 (/app/node_modules/.pnpm/next@15.4.5_react-dom@18.3.1_react@18.3.1__react@18.3.1/node_modules/next/dist/compiled/next-server/pages-api.runtime.prod.js:1:99632)
    at process.processTicksAndRejections (node:internal/process/task_queues:105:5)
    at async te.render (/app/node_modules/.pnpm/next@15.4.5_react-dom@18.3.1_react@18.3.1__react@18.3.1/node_modules/next/dist/compiled/next-server/pages-api.runtime.prod.js:1:100341)
    at async Module.m (/app/.next/server/pages/api/docker/stats/[...service].js:1:6306)
    at async NextNodeServer.runApi (/app/node_modules/.pnpm/next@15.4.5_react-dom@18.3.1_react@18.3.1__react@18.3.1/node_modules/next/dist/server/next-server.js:767:9)
    at async NextNodeServer.handleCatchallRenderRequest (/app/node_modules/.pnpm/next@15.4.5_react-dom@18.3.1_react@18.3.1__react@18.3.1/node_modules/next/dist/server/next-server.js:390:37)
    at async NextNodeServer.handleRequestImpl (/app/node_modules/.pnpm/next@15.4.5_react-dom@18.3.1_react@18.3.1__react@18.3.1/node_modules/next/dist/server/base-server.js:925:17)
    at async invokeRender (/app/node_modules/.pnpm/next@15.4.5_react-dom@18.3.1_react@18.3.1__react@18.3.1/node_modules/next/dist/server/lib/router-server.js:239:21)
[2025-08-20T02:34:53.299Z] error: undefined
[2025-08-20T02:34:53.301Z] error: undefined
[2025-08-20T02:34:53.307Z] error: <httpProxy> Error calling http://sonarr.host.or.ip/api/v3/series...
[2025-08-20T02:34:53.307Z] error: <httpProxy> [
  500,
  [Error: getaddrinfo ENOTFOUND sonarr.host.or.ip] {
    errno: -3008,
    code: 'ENOTFOUND',
    syscall: 'getaddrinfo',
    hostname: 'sonarr.host.or.ip'
  }
]
[2025-08-20T02:34:53.329Z] error: <httpProxy> Error calling http://sonarr.host.or.ip/api/v3/queue/details...
[2025-08-20T02:34:53.329Z] error: <httpProxy> [
  500,
  [Error: getaddrinfo ENOTFOUND sonarr.host.or.ip] {
    errno: -3008,
    code: 'ENOTFOUND',
    syscall: 'getaddrinfo',
    hostname: 'sonarr.host.or.ip'
  }
]
[2025-08-20T02:34:53.429Z] error: <dockerStatusService> TypeError: Cannot read properties of null (reading 'my-server')
    at k (/app/.next/server/chunks/1691.js:1:18170)
    at j (/app/.next/server/pages/api/docker/status/[...service].js:1:5714)
    at e7 (/app/node_modules/.pnpm/next@15.4.5_react-dom@18.3.1_react@18.3.1__react@18.3.1/node_modules/next/dist/compiled/next-server/pages-api.runtime.prod.js:1:99632)
    at process.processTicksAndRejections (node:internal/process/task_queues:105:5)
    at async te.render (/app/node_modules/.pnpm/next@15.4.5_react-dom@18.3.1_react@18.3.1__react@18.3.1/node_modules/next/dist/compiled/next-server/pages-api.runtime.prod.js:1:100341)
    at async Module.m (/app/.next/server/pages/api/docker/status/[...service].js:1:3281)
    at async NextNodeServer.runApi (/app/node_modules/.pnpm/next@15.4.5_react-dom@18.3.1_react@18.3.1__react@18.3.1/node_modules/next/dist/server/next-server.js:767:9)
    at async NextNodeServer.handleCatchallRenderRequest (/app/node_modules/.pnpm/next@15.4.5_react-dom@18.3.1_react@18.3.1__react@18.3.1/node_modules/next/dist/server/next-server.js:390:37)
    at async NextNodeServer.handleRequestImpl (/app/node_modules/.pnpm/next@15.4.5_react-dom@18.3.1_react@18.3.1__react@18.3.1/node_modules/next/dist/server/base-server.js:925:17)
    at async invokeRender (/app/node_modules/.pnpm/next@15.4.5_react-dom@18.3.1_react@18.3.1__react@18.3.1/node_modules/next/dist/server/lib/router-server.js:239:21)
[2025-08-20T02:34:53.443Z] error: <dockerStatusService> TypeError: Cannot read properties of null (reading 'other-server')
    at k (/app/.next/server/chunks/1691.js:1:18170)
    at j (/app/.next/server/pages/api/docker/status/[...service].js:1:5714)
    at e7 (/app/node_modules/.pnpm/next@15.4.5_react-dom@18.3.1_react@18.3.1__react@18.3.1/node_modules/next/dist/compiled/next-server/pages-api.runtime.prod.js:1:99632)
    at process.processTicksAndRejections (node:internal/process/task_queues:105:5)
    at async te.render (/app/node_modules/.pnpm/next@15.4.5_react-dom@18.3.1_react@18.3.1__react@18.3.1/node_modules/next/dist/compiled/next-server/pages-api.runtime.prod.js:1:100341)
    at async Module.m (/app/.next/server/pages/api/docker/status/[...service].js:1:3281)
    at async NextNodeServer.runApi (/app/node_modules/.pnpm/next@15.4.5_react-dom@18.3.1_react@18.3.1__react@18.3.1/node_modules/next/dist/server/next-server.js:767:9)
    at async NextNodeServer.handleCatchallRenderRequest (/app/node_modules/.pnpm/next@15.4.5_react-dom@18.3.1_react@18.3.1__react@18.3.1/node_modules/next/dist/server/next-server.js:390:37)
    at async NextNodeServer.handleRequestImpl (/app/node_modules/.pnpm/next@15.4.5_react-dom@18.3.1_react@18.3.1__react@18.3.1/node_modules/next/dist/server/base-server.js:925:17)
    at async invokeRender (/app/node_modules/.pnpm/next@15.4.5_react-dom@18.3.1_react@18.3.1__react@18.3.1/node_modules/next/dist/server/lib/router-server.js:239:21)
[2025-08-20T02:34:53.550Z] error: <httpProxy> Error calling http://sonarr.host/api/v3/wanted/missing...
[2025-08-20T02:34:53.550Z] error: <httpProxy> [
  500,
  [Error: getaddrinfo ENOTFOUND sonarr.host] {
    errno: -3008,
    code: 'ENOTFOUND',
    syscall: 'getaddrinfo',
    hostname: 'sonarr.host'
  }
]
[2025-08-20T02:34:53.567Z] error: <httpProxy> Error calling http://sonarr.host/api/v3/queue...
[2025-08-20T02:34:53.568Z] error: <httpProxy> [
  500,
  [Error: getaddrinfo ENOTFOUND sonarr.host] {
    errno: -3008,
    code: 'ENOTFOUND',
    syscall: 'getaddrinfo',
    hostname: 'sonarr.host'
  }
]
[2025-08-20T02:34:53.578Z] error: <httpProxy> Error calling http://sonarr.host/api/v3/series...
[2025-08-20T02:34:53.579Z] error: <httpProxy> [
  500,
  [Error: getaddrinfo ENOTFOUND sonarr.host] {
    errno: -3008,
    code: 'ENOTFOUND',
    syscall: 'getaddrinfo',
    hostname: 'sonarr.host'
  }
]
[2025-08-20T02:34:53.582Z] error: <httpProxy> Error calling http://sonarr.host/api/v3/queue/details...
[2025-08-20T02:34:53.583Z] error: <httpProxy> [
  500,
  [Error: getaddrinfo ENOTFOUND sonarr.host] {
    errno: -3008,
    code: 'ENOTFOUND',
    syscall: 'getaddrinfo',
    hostname: 'sonarr.host'
  }
]
[2025-08-20T02:34:53.868Z] error: <httpProxy> Error calling http://emby.host.or.ip/emby/Sessions...
[2025-08-20T02:34:53.869Z] error: <httpProxy> [
  500,
  [Error: getaddrinfo ENOTFOUND emby.host.or.ip] {
    errno: -3008,
    code: 'ENOTFOUND',
    syscall: 'getaddrinfo',
    hostname: 'emby.host.or.ip'
  }
]
[2025-08-20T02:34:53.870Z] error: <httpProxy> Error calling http://emby.host.or.ip/emby/Items/Counts...
[2025-08-20T02:34:53.870Z] error: <httpProxy> [
  500,
  [Error: getaddrinfo ENOTFOUND emby.host.or.ip] {
    errno: -3008,
    code: 'ENOTFOUND',
    syscall: 'getaddrinfo',
    hostname: 'emby.host.or.ip'
  }
]
[2025-08-20T02:34:53.958Z] error: <httpProxy> Error calling http://radarr.host/api/v3/movie...
[2025-08-20T02:34:53.958Z] error: <httpProxy> [
  500,
  [Error: getaddrinfo ENOTFOUND radarr.host] {
    errno: -3008,
    code: 'ENOTFOUND',
    syscall: 'getaddrinfo',
    hostname: 'radarr.host'
  }
]
[2025-08-20T02:34:53.962Z] error: <httpProxy> Error calling http://radarr.host/api/v3/queue/status...
[2025-08-20T02:34:53.963Z] error: <httpProxy> [
  500,
  [Error: getaddrinfo ENOTFOUND radarr.host] {
    errno: -3008,
    code: 'ENOTFOUND',
    syscall: 'getaddrinfo',
    hostname: 'radarr.host'
  }
]
[2025-08-20T02:34:53.963Z] error: <httpProxy> Error calling http://emby.host.or.ip2/emby/Sessions...
[2025-08-20T02:34:53.964Z] error: <httpProxy> [
  500,
  [Error: getaddrinfo ENOTFOUND emby.host.or.ip2] {
    errno: -3008,
    code: 'ENOTFOUND',
    syscall: 'getaddrinfo',
    hostname: 'emby.host.or.ip2'
  }
]
[2025-08-20T02:34:53.965Z] error: <httpProxy> Error calling http://radarr.host/api/v3/queue/details...
[2025-08-20T02:34:53.965Z] error: <httpProxy> [
  500,
  [Error: getaddrinfo ENOTFOUND radarr.host] {
    errno: -3008,
    code: 'ENOTFOUND',
    syscall: 'getaddrinfo',
    hostname: 'radarr.host'
  }
]
[2025-08-20T02:34:54.012Z] error: undefined
[2025-08-20T02:34:54.013Z] error: <httpProxy> Error calling http://emby.host.or.ip2/emby/Items/Counts...
[2025-08-20T02:34:54.014Z] error: <httpProxy> [
  500,
  [Error: getaddrinfo ENOTFOUND emby.host.or.ip2] {
    errno: -3008,
    code: 'ENOTFOUND',
    syscall: 'getaddrinfo',
    hostname: 'emby.host.or.ip2'
  }
]
[2025-08-20T02:34:54.111Z] error: undefined
[2025-08-20T02:34:54.116Z] error: <httpProxy> Error calling http://sonarr.host.or.ip/api/v3/wanted/missing...
[2025-08-20T02:34:54.117Z] error: <httpProxy> [
  500,
  [Error: getaddrinfo ENOTFOUND sonarr.host.or.ip] {
    errno: -3008,
    code: 'ENOTFOUND',
    syscall: 'getaddrinfo',
    hostname: 'sonarr.host.or.ip'
  }
]
[2025-08-20T02:34:54.118Z] error: <httpProxy> Error calling http://sonarr.host.or.ip/api/v3/queue...
[2025-08-20T02:34:54.119Z] error: <httpProxy> [
  500,
  [Error: getaddrinfo ENOTFOUND sonarr.host.or.ip] {
    errno: -3008,
    code: 'ENOTFOUND',
    syscall: 'getaddrinfo',
    hostname: 'sonarr.host.or.ip'
  }
]
[2025-08-20T02:34:54.120Z] error: <httpProxy> Error calling http://sonarr.host.or.ip/api/v3/series...
[2025-08-20T02:34:54.121Z] error: <httpProxy> [
  500,
  [Error: getaddrinfo ENOTFOUND sonarr.host.or.ip] {
    errno: -3008,
    code: 'ENOTFOUND',
    syscall: 'getaddrinfo',
    hostname: 'sonarr.host.or.ip'
  }
]
[2025-08-20T02:34:54.150Z] error: <httpProxy> Error calling http://sonarr.host.or.ip/api/v3/queue/details...
[2025-08-20T02:34:54.151Z] error: <httpProxy> [
  500,
  [Error: getaddrinfo ENOTFOUND sonarr.host.or.ip] {
    errno: -3008,
    code: 'ENOTFOUND',
    syscall: 'getaddrinfo',
    hostname: 'sonarr.host.or.ip'
  }
]
[2025-08-20T02:34:54.231Z] error: <dockerStatusService> TypeError: Cannot read properties of null (reading 'my-server')
    at k (/app/.next/server/chunks/1691.js:1:18170)
    at j (/app/.next/server/pages/api/docker/status/[...service].js:1:5714)
    at e7 (/app/node_modules/.pnpm/next@15.4.5_react-dom@18.3.1_react@18.3.1__react@18.3.1/node_modules/next/dist/compiled/next-server/pages-api.runtime.prod.js:1:99632)
    at process.processTicksAndRejections (node:internal/process/task_queues:105:5)
    at async te.render (/app/node_modules/.pnpm/next@15.4.5_react-dom@18.3.1_react@18.3.1__react@18.3.1/node_modules/next/dist/compiled/next-server/pages-api.runtime.prod.js:1:100341)
    at async Module.m (/app/.next/server/pages/api/docker/status/[...service].js:1:3281)
    at async NextNodeServer.runApi (/app/node_modules/.pnpm/next@15.4.5_react-dom@18.3.1_react@18.3.1__react@18.3.1/node_modules/next/dist/server/next-server.js:767:9)
    at async NextNodeServer.handleCatchallRenderRequest (/app/node_modules/.pnpm/next@15.4.5_react-dom@18.3.1_react@18.3.1__react@18.3.1/node_modules/next/dist/server/next-server.js:390:37)
    at async NextNodeServer.handleRequestImpl (/app/node_modules/.pnpm/next@15.4.5_react-dom@18.3.1_react@18.3.1__react@18.3.1/node_modules/next/dist/server/base-server.js:925:17)
    at async invokeRender (/app/node_modules/.pnpm/next@15.4.5_react-dom@18.3.1_react@18.3.1__react@18.3.1/node_modules/next/dist/server/lib/router-server.js:239:21)
[2025-08-20T02:34:54.237Z] error: <dockerStatusService> TypeError: Cannot read properties of null (reading 'other-server')
    at k (/app/.next/server/chunks/1691.js:1:18170)
    at j (/app/.next/server/pages/api/docker/status/[...service].js:1:5714)
    at e7 (/app/node_modules/.pnpm/next@15.4.5_react-dom@18.3.1_react@18.3.1__react@18.3.1/node_modules/next/dist/compiled/next-server/pages-api.runtime.prod.js:1:99632)
    at process.processTicksAndRejections (node:internal/process/task_queues:105:5)
    at async te.render (/app/node_modules/.pnpm/next@15.4.5_react-dom@18.3.1_react@18.3.1__react@18.3.1/node_modules/next/dist/compiled/next-server/pages-api.runtime.prod.js:1:100341)
    at async Module.m (/app/.next/server/pages/api/docker/status/[...service].js:1:3281)
    at async NextNodeServer.runApi (/app/node_modules/.pnpm/next@15.4.5_react-dom@18.3.1_react@18.3.1__react@18.3.1/node_modules/next/dist/server/next-server.js:767:9)
    at async NextNodeServer.handleCatchallRenderRequest (/app/node_modules/.pnpm/next@15.4.5_react-dom@18.3.1_react@18.3.1__react@18.3.1/node_modules/next/dist/server/next-server.js:390:37)
    at async NextNodeServer.handleRequestImpl (/app/node_modules/.pnpm/next@15.4.5_react-dom@18.3.1_react@18.3.1__react@18.3.1/node_modules/next/dist/server/base-server.js:925:17)
    at async invokeRender (/app/node_modules/.pnpm/next@15.4.5_react-dom@18.3.1_react@18.3.1__react@18.3.1/node_modules/next/dist/server/lib/router-server.js:239:21)
[2025-08-20T02:34:54.257Z] error: <httpProxy> Error calling http://sonarr.host/api/v3/wanted/missing...
[2025-08-20T02:34:54.258Z] error: <httpProxy> [
  500,
  [Error: getaddrinfo ENOTFOUND sonarr.host] {
    errno: -3008,
    code: 'ENOTFOUND',
    syscall: 'getaddrinfo',
    hostname: 'sonarr.host'
  }
]
[2025-08-20T02:34:54.259Z] error: <httpProxy> Error calling http://sonarr.host/api/v3/queue...
[2025-08-20T02:34:54.259Z] error: <httpProxy> [
  500,
  [Error: getaddrinfo ENOTFOUND sonarr.host] {
    errno: -3008,
    code: 'ENOTFOUND',
    syscall: 'getaddrinfo',
    hostname: 'sonarr.host'
  }
]
[2025-08-20T02:34:54.260Z] error: <httpProxy> Error calling http://sonarr.host/api/v3/series...
[2025-08-20T02:34:54.260Z] error: <httpProxy> [
  500,
  [Error: getaddrinfo ENOTFOUND sonarr.host] {
    errno: -3008,
    code: 'ENOTFOUND',
    syscall: 'getaddrinfo',
    hostname: 'sonarr.host'
  }
]
[2025-08-20T02:34:54.284Z] error: <httpProxy> Error calling http://sonarr.host/api/v3/queue/details...
[2025-08-20T02:34:54.285Z] error: <httpProxy> [
  500,
  [Error: getaddrinfo ENOTFOUND sonarr.host] {
    errno: -3008,
    code: 'ENOTFOUND',
    syscall: 'getaddrinfo',
    hostname: 'sonarr.host'
  }
]
[2025-08-20T02:34:54.401Z] error: <dockerStatsService> TypeError: Cannot read properties of null (reading 'my-server')
    at k (/app/.next/server/chunks/1691.js:1:18170)
    at j (/app/.next/server/pages/api/docker/stats/[...service].js:1:1990)
    at e7 (/app/node_modules/.pnpm/next@15.4.5_react-dom@18.3.1_react@18.3.1__react@18.3.1/node_modules/next/dist/compiled/next-server/pages-api.runtime.prod.js:1:99632)
    at process.processTicksAndRejections (node:internal/process/task_queues:105:5)
    at async te.render (/app/node_modules/.pnpm/next@15.4.5_react-dom@18.3.1_react@18.3.1__react@18.3.1/node_modules/next/dist/compiled/next-server/pages-api.runtime.prod.js:1:100341)
    at async Module.m (/app/.next/server/pages/api/docker/stats/[...service].js:1:6306)
    at async NextNodeServer.runApi (/app/node_modules/.pnpm/next@15.4.5_react-dom@18.3.1_react@18.3.1__react@18.3.1/node_modules/next/dist/server/next-server.js:767:9)
    at async NextNodeServer.handleCatchallRenderRequest (/app/node_modules/.pnpm/next@15.4.5_react-dom@18.3.1_react@18.3.1__react@18.3.1/node_modules/next/dist/server/next-server.js:390:37)
    at async NextNodeServer.handleRequestImpl (/app/node_modules/.pnpm/next@15.4.5_react-dom@18.3.1_react@18.3.1__react@18.3.1/node_modules/next/dist/server/base-server.js:925:17)
    at async invokeRender (/app/node_modules/.pnpm/next@15.4.5_react-dom@18.3.1_react@18.3.1__react@18.3.1/node_modules/next/dist/server/lib/router-server.js:239:21)
[2025-08-20T02:34:54.406Z] error: <dockerStatsService> TypeError: Cannot read properties of null (reading 'other-server')
    at k (/app/.next/server/chunks/1691.js:1:18170)
    at j (/app/.next/server/pages/api/docker/stats/[...service].js:1:1990)
    at e7 (/app/node_modules/.pnpm/next@15.4.5_react-dom@18.3.1_react@18.3.1__react@18.3.1/node_modules/next/dist/compiled/next-server/pages-api.runtime.prod.js:1:99632)
    at process.processTicksAndRejections (node:internal/process/task_queues:105:5)
    at async te.render (/app/node_modules/.pnpm/next@15.4.5_react-dom@18.3.1_react@18.3.1__react@18.3.1/node_modules/next/dist/compiled/next-server/pages-api.runtime.prod.js:1:100341)
    at async Module.m (/app/.next/server/pages/api/docker/stats/[...service].js:1:6306)
    at async NextNodeServer.runApi (/app/node_modules/.pnpm/next@15.4.5_react-dom@18.3.1_react@18.3.1__react@18.3.1/node_modules/next/dist/server/next-server.js:767:9)
    at async NextNodeServer.handleCatchallRenderRequest (/app/node_modules/.pnpm/next@15.4.5_react-dom@18.3.1_react@18.3.1__react@18.3.1/node_modules/next/dist/server/next-server.js:390:37)
    at async NextNodeServer.handleRequestImpl (/app/node_modules/.pnpm/next@15.4.5_react-dom@18.3.1_react@18.3.1__react@18.3.1/node_modules/next/dist/server/base-server.js:925:17)
    at async invokeRender (/app/node_modules/.pnpm/next@15.4.5_react-dom@18.3.1_react@18.3.1__react@18.3.1/node_modules/next/dist/server/lib/router-server.js:239:21)
[2025-08-20T02:34:59.606Z] error: <httpProxy> Error calling http://emby.host.or.ip/emby/Sessions...
[2025-08-20T02:34:59.606Z] error: <httpProxy> [
  500,
  [Error: getaddrinfo ENOTFOUND emby.host.or.ip] {
    errno: -3008,
    code: 'ENOTFOUND',
    syscall: 'getaddrinfo',
    hostname: 'emby.host.or.ip'
  }
]
[2025-08-20T02:34:59.612Z] error: undefined
[2025-08-20T02:34:59.614Z] error: <httpProxy> Error calling http://emby.host.or.ip2/emby/Items/Counts...
[2025-08-20T02:34:59.614Z] error: <httpProxy> [
  500,
  [Error: getaddrinfo ENOTFOUND emby.host.or.ip2] {
    errno: -3008,
    code: 'ENOTFOUND',
    syscall: 'getaddrinfo',
    hostname: 'emby.host.or.ip2'
  }
]
[2025-08-20T02:34:59.616Z] error: <httpProxy> Error calling http://radarr.host/api/v3/queue/status...
[2025-08-20T02:34:59.616Z] error: <httpProxy> [
  500,
  [Error: getaddrinfo ENOTFOUND radarr.host] {
    errno: -3008,
    code: 'ENOTFOUND',
    syscall: 'getaddrinfo',
    hostname: 'radarr.host'
  }
]
[2025-08-20T02:34:59.710Z] error: <httpProxy> Error calling http://sonarr.host.or.ip/api/v3/wanted/missing...
[2025-08-20T02:34:59.711Z] error: <httpProxy> [
  500,
  [Error: getaddrinfo ENOTFOUND sonarr.host.or.ip] {
    errno: -3008,
    code: 'ENOTFOUND',
    syscall: 'getaddrinfo',
    hostname: 'sonarr.host.or.ip'
  }
]
[2025-08-20T02:34:59.772Z] error: <httpProxy> Error calling http://sonarr.host.or.ip/api/v3/queue/details...
[2025-08-20T02:34:59.773Z] error: <httpProxy> [
  500,
  [Error: getaddrinfo ENOTFOUND sonarr.host.or.ip] {
    errno: -3008,
    code: 'ENOTFOUND',
    syscall: 'getaddrinfo',
    hostname: 'sonarr.host.or.ip'
  }
]
[2025-08-20T02:34:59.780Z] error: <dockerStatusService> TypeError: Cannot read properties of null (reading 'my-server')
    at k (/app/.next/server/chunks/1691.js:1:18170)
    at j (/app/.next/server/pages/api/docker/status/[...service].js:1:5714)
    at e7 (/app/node_modules/.pnpm/next@15.4.5_react-dom@18.3.1_react@18.3.1__react@18.3.1/node_modules/next/dist/compiled/next-server/pages-api.runtime.prod.js:1:99632)
    at process.processTicksAndRejections (node:internal/process/task_queues:105:5)
    at async te.render (/app/node_modules/.pnpm/next@15.4.5_react-dom@18.3.1_react@18.3.1__react@18.3.1/node_modules/next/dist/compiled/next-server/pages-api.runtime.prod.js:1:100341)
    at async Module.m (/app/.next/server/pages/api/docker/status/[...service].js:1:3281)
    at async NextNodeServer.runApi (/app/node_modules/.pnpm/next@15.4.5_react-dom@18.3.1_react@18.3.1__react@18.3.1/node_modules/next/dist/server/next-server.js:767:9)
    at async NextNodeServer.handleCatchallRenderRequest (/app/node_modules/.pnpm/next@15.4.5_react-dom@18.3.1_react@18.3.1__react@18.3.1/node_modules/next/dist/server/next-server.js:390:37)
    at async NextNodeServer.handleRequestImpl (/app/node_modules/.pnpm/next@15.4.5_react-dom@18.3.1_react@18.3.1__react@18.3.1/node_modules/next/dist/server/base-server.js:925:17)
    at async invokeRender (/app/node_modules/.pnpm/next@15.4.5_react-dom@18.3.1_react@18.3.1__react@18.3.1/node_modules/next/dist/server/lib/router-server.js:239:21)
[2025-08-20T02:34:59.786Z] error: <dockerStatusService> TypeError: Cannot read properties of null (reading 'other-server')
    at k (/app/.next/server/chunks/1691.js:1:18170)
    at j (/app/.next/server/pages/api/docker/status/[...service].js:1:5714)
    at e7 (/app/node_modules/.pnpm/next@15.4.5_react-dom@18.3.1_react@18.3.1__react@18.3.1/node_modules/next/dist/compiled/next-server/pages-api.runtime.prod.js:1:99632)
    at process.processTicksAndRejections (node:internal/process/task_queues:105:5)
    at async te.render (/app/node_modules/.pnpm/next@15.4.5_react-dom@18.3.1_react@18.3.1__react@18.3.1/node_modules/next/dist/compiled/next-server/pages-api.runtime.prod.js:1:100341)
    at async Module.m (/app/.next/server/pages/api/docker/status/[...service].js:1:3281)
    at async NextNodeServer.runApi (/app/node_modules/.pnpm/next@15.4.5_react-dom@18.3.1_react@18.3.1__react@18.3.1/node_modules/next/dist/server/next-server.js:767:9)
    at async NextNodeServer.handleCatchallRenderRequest (/app/node_modules/.pnpm/next@15.4.5_react-dom@18.3.1_react@18.3.1__react@18.3.1/node_modules/next/dist/server/next-server.js:390:37)
    at async NextNodeServer.handleRequestImpl (/app/node_modules/.pnpm/next@15.4.5_react-dom@18.3.1_react@18.3.1__react@18.3.1/node_modules/next/dist/server/base-server.js:925:17)
    at async invokeRender (/app/node_modules/.pnpm/next@15.4.5_react-dom@18.3.1_react@18.3.1__react@18.3.1/node_modules/next/dist/server/lib/router-server.js:239:21)
[2025-08-20T02:34:59.792Z] error: <dockerStatsService> TypeError: Cannot read properties of null (reading 'my-server')
    at k (/app/.next/server/chunks/1691.js:1:18170)
    at j (/app/.next/server/pages/api/docker/stats/[...service].js:1:1990)
    at e7 (/app/node_modules/.pnpm/next@15.4.5_react-dom@18.3.1_react@18.3.1__react@18.3.1/node_modules/next/dist/compiled/next-server/pages-api.runtime.prod.js:1:99632)
    at process.processTicksAndRejections (node:internal/process/task_queues:105:5)
    at async te.render (/app/node_modules/.pnpm/next@15.4.5_react-dom@18.3.1_react@18.3.1__react@18.3.1/node_modules/next/dist/compiled/next-server/pages-api.runtime.prod.js:1:100341)
    at async Module.m (/app/.next/server/pages/api/docker/stats/[...service].js:1:6306)
    at async NextNodeServer.runApi (/app/node_modules/.pnpm/next@15.4.5_react-dom@18.3.1_react@18.3.1__react@18.3.1/node_modules/next/dist/server/next-server.js:767:9)
    at async NextNodeServer.handleCatchallRenderRequest (/app/node_modules/.pnpm/next@15.4.5_react-dom@18.3.1_react@18.3.1__react@18.3.1/node_modules/next/dist/server/next-server.js:390:37)
    at async NextNodeServer.handleRequestImpl (/app/node_modules/.pnpm/next@15.4.5_react-dom@18.3.1_react@18.3.1__react@18.3.1/node_modules/next/dist/server/base-server.js:925:17)
    at async invokeRender (/app/node_modules/.pnpm/next@15.4.5_react-dom@18.3.1_react@18.3.1__react@18.3.1/node_modules/next/dist/server/lib/router-server.js:239:21)
[2025-08-20T02:34:59.800Z] error: <httpProxy> Error calling http://sonarr.host/api/v3/series...
[2025-08-20T02:34:59.801Z] error: <httpProxy> [
  500,
  [Error: getaddrinfo ENOTFOUND sonarr.host] {
    errno: -3008,
    code: 'ENOTFOUND',
    syscall: 'getaddrinfo',
    hostname: 'sonarr.host'
  }
]
[2025-08-20T02:35:00.021Z] error: <httpProxy> Error calling http://emby.host.or.ip/emby/Sessions...
[2025-08-20T02:35:00.022Z] error: <httpProxy> [
  500,
  [Error: getaddrinfo ENOTFOUND emby.host.or.ip] {
    errno: -3008,
    code: 'ENOTFOUND',
    syscall: 'getaddrinfo',
    hostname: 'emby.host.or.ip'
  }
]
[2025-08-20T02:35:00.023Z] error: <httpProxy> Error calling http://emby.host.or.ip/emby/Items/Counts...
[2025-08-20T02:35:00.023Z] error: <httpProxy> [
  500,
  [Error: getaddrinfo ENOTFOUND emby.host.or.ip] {
    errno: -3008,
    code: 'ENOTFOUND',
    syscall: 'getaddrinfo',
    hostname: 'emby.host.or.ip'
  }
]
[2025-08-20T02:35:00.025Z] error: <httpProxy> Error calling http://emby.host.or.ip2/emby/Sessions...
[2025-08-20T02:35:00.025Z] error: <httpProxy> [
  500,
  [Error: getaddrinfo ENOTFOUND emby.host.or.ip2] {
    errno: -3008,
    code: 'ENOTFOUND',
    syscall: 'getaddrinfo',
    hostname: 'emby.host.or.ip2'
  }
]
[2025-08-20T02:35:00.046Z] error: <httpProxy> Error calling http://emby.host.or.ip2/emby/Items/Counts...
[2025-08-20T02:35:00.047Z] error: <httpProxy> [
  500,
  [Error: getaddrinfo ENOTFOUND emby.host.or.ip2] {
    errno: -3008,
    code: 'ENOTFOUND',
    syscall: 'getaddrinfo',
    hostname: 'emby.host.or.ip2'
  }
]
[2025-08-20T02:35:00.057Z] error: undefined
[2025-08-20T02:35:00.060Z] error: undefined
[2025-08-20T02:35:00.154Z] error: <httpProxy> Error calling http://sonarr.host.or.ip/api/v3/wanted/missing...
[2025-08-20T02:35:00.154Z] error: <httpProxy> [
  500,
  [Error: getaddrinfo ENOTFOUND sonarr.host.or.ip] {
    errno: -3008,
    code: 'ENOTFOUND',
    syscall: 'getaddrinfo',
    hostname: 'sonarr.host.or.ip'
  }
]
[2025-08-20T02:35:00.155Z] error: <httpProxy> Error calling http://sonarr.host.or.ip/api/v3/queue...
[2025-08-20T02:35:00.156Z] error: <httpProxy> [
  500,
  [Error: getaddrinfo ENOTFOUND sonarr.host.or.ip] {
    errno: -3008,
    code: 'ENOTFOUND',
    syscall: 'getaddrinfo',
    hostname: 'sonarr.host.or.ip'
  }
]
[2025-08-20T02:35:00.156Z] error: <httpProxy> Error calling http://sonarr.host.or.ip/api/v3/series...
[2025-08-20T02:35:00.157Z] error: <httpProxy> [
  500,
  [Error: getaddrinfo ENOTFOUND sonarr.host.or.ip] {
    errno: -3008,
    code: 'ENOTFOUND',
    syscall: 'getaddrinfo',
    hostname: 'sonarr.host.or.ip'
  }
]
[2025-08-20T02:35:00.170Z] error: <httpProxy> Error calling http://sonarr.host.or.ip/api/v3/queue/details...
[2025-08-20T02:35:00.170Z] error: <httpProxy> [
  500,
  [Error: getaddrinfo ENOTFOUND sonarr.host.or.ip] {
    errno: -3008,
    code: 'ENOTFOUND',
    syscall: 'getaddrinfo',
    hostname: 'sonarr.host.or.ip'
  }
]
[2025-08-20T02:35:00.232Z] error: <dockerStatusService> TypeError: Cannot read properties of null (reading 'my-server')
    at k (/app/.next/server/chunks/1691.js:1:18170)
    at j (/app/.next/server/pages/api/docker/status/[...service].js:1:5714)
    at e7 (/app/node_modules/.pnpm/next@15.4.5_react-dom@18.3.1_react@18.3.1__react@18.3.1/node_modules/next/dist/compiled/next-server/pages-api.runtime.prod.js:1:99632)
    at process.processTicksAndRejections (node:internal/process/task_queues:105:5)
    at async te.render (/app/node_modules/.pnpm/next@15.4.5_react-dom@18.3.1_react@18.3.1__react@18.3.1/node_modules/next/dist/compiled/next-server/pages-api.runtime.prod.js:1:100341)
    at async Module.m (/app/.next/server/pages/api/docker/status/[...service].js:1:3281)
    at async NextNodeServer.runApi (/app/node_modules/.pnpm/next@15.4.5_react-dom@18.3.1_react@18.3.1__react@18.3.1/node_modules/next/dist/server/next-server.js:767:9)
    at async NextNodeServer.handleCatchallRenderRequest (/app/node_modules/.pnpm/next@15.4.5_react-dom@18.3.1_react@18.3.1__react@18.3.1/node_modules/next/dist/server/next-server.js:390:37)
    at async NextNodeServer.handleRequestImpl (/app/node_modules/.pnpm/next@15.4.5_react-dom@18.3.1_react@18.3.1__react@18.3.1/node_modules/next/dist/server/base-server.js:925:17)
    at async invokeRender (/app/node_modules/.pnpm/next@15.4.5_react-dom@18.3.1_react@18.3.1__react@18.3.1/node_modules/next/dist/server/lib/router-server.js:239:21)
[2025-08-20T02:35:00.244Z] error: <dockerStatusService> TypeError: Cannot read properties of null (reading 'other-server')
    at k (/app/.next/server/chunks/1691.js:1:18170)
    at j (/app/.next/server/pages/api/docker/status/[...service].js:1:5714)
    at e7 (/app/node_modules/.pnpm/next@15.4.5_react-dom@18.3.1_react@18.3.1__react@18.3.1/node_modules/next/dist/compiled/next-server/pages-api.runtime.prod.js:1:99632)
    at process.processTicksAndRejections (node:internal/process/task_queues:105:5)
    at async te.render (/app/node_modules/.pnpm/next@15.4.5_react-dom@18.3.1_react@18.3.1__react@18.3.1/node_modules/next/dist/compiled/next-server/pages-api.runtime.prod.js:1:100341)
    at async Module.m (/app/.next/server/pages/api/docker/status/[...service].js:1:3281)
    at async NextNodeServer.runApi (/app/node_modules/.pnpm/next@15.4.5_react-dom@18.3.1_react@18.3.1__react@18.3.1/node_modules/next/dist/server/next-server.js:767:9)
    at async NextNodeServer.handleCatchallRenderRequest (/app/node_modules/.pnpm/next@15.4.5_react-dom@18.3.1_react@18.3.1__react@18.3.1/node_modules/next/dist/server/next-server.js:390:37)
    at async NextNodeServer.handleRequestImpl (/app/node_modules/.pnpm/next@15.4.5_react-dom@18.3.1_react@18.3.1__react@18.3.1/node_modules/next/dist/server/base-server.js:925:17)
    at async invokeRender (/app/node_modules/.pnpm/next@15.4.5_react-dom@18.3.1_react@18.3.1__react@18.3.1/node_modules/next/dist/server/lib/router-server.js:239:21)
[2025-08-20T02:35:00.276Z] error: <httpProxy> Error calling http://sonarr.host/api/v3/wanted/missing...
[2025-08-20T02:35:00.277Z] error: <httpProxy> [
  500,
  [Error: getaddrinfo ENOTFOUND sonarr.host] {
    errno: -3008,
    code: 'ENOTFOUND',
    syscall: 'getaddrinfo',
    hostname: 'sonarr.host'
  }
]
[2025-08-20T02:35:00.287Z] error: <httpProxy> Error calling http://sonarr.host/api/v3/queue...
[2025-08-20T02:35:00.287Z] error: <httpProxy> [
  500,
  [Error: getaddrinfo ENOTFOUND sonarr.host] {
    errno: -3008,
    code: 'ENOTFOUND',
    syscall: 'getaddrinfo',
    hostname: 'sonarr.host'
  }
]
[2025-08-20T02:35:00.291Z] error: <httpProxy> Error calling http://sonarr.host/api/v3/series...
[2025-08-20T02:35:00.292Z] error: <httpProxy> [
  500,
  [Error: getaddrinfo ENOTFOUND sonarr.host] {
    errno: -3008,
    code: 'ENOTFOUND',
    syscall: 'getaddrinfo',
    hostname: 'sonarr.host'
  }
]
[2025-08-20T02:35:00.297Z] error: <httpProxy> Error calling http://sonarr.host/api/v3/queue/details...
[2025-08-20T02:35:00.298Z] error: <httpProxy> [
  500,
  [Error: getaddrinfo ENOTFOUND sonarr.host] {
    errno: -3008,
    code: 'ENOTFOUND',
    syscall: 'getaddrinfo',
    hostname: 'sonarr.host'
  }
]
[2025-08-20T02:35:00.360Z] error: <httpProxy> Error calling http://radarr.host/api/v3/movie...
[2025-08-20T02:35:00.361Z] error: <httpProxy> [
  500,
  [Error: getaddrinfo ENOTFOUND radarr.host] {
    errno: -3008,
    code: 'ENOTFOUND',
    syscall: 'getaddrinfo',
    hostname: 'radarr.host'
  }
]
[2025-08-20T02:35:00.374Z] error: <httpProxy> Error calling http://radarr.host/api/v3/queue/status...
[2025-08-20T02:35:00.375Z] error: <httpProxy> [
  500,
  [Error: getaddrinfo ENOTFOUND radarr.host] {
    errno: -3008,
    code: 'ENOTFOUND',
    syscall: 'getaddrinfo',
    hostname: 'radarr.host'
  }
]
[2025-08-20T02:35:00.399Z] error: <httpProxy> Error calling http://radarr.host/api/v3/queue/details...
[2025-08-20T02:35:00.400Z] error: <httpProxy> [
  500,
  [Error: getaddrinfo ENOTFOUND radarr.host] {
    errno: -3008,
    code: 'ENOTFOUND',
    syscall: 'getaddrinfo',
    hostname: 'radarr.host'
  }
]
[2025-08-20T02:35:00.470Z] error: <dockerStatsService> TypeError: Cannot read properties of null (reading 'my-server')
    at k (/app/.next/server/chunks/1691.js:1:18170)
    at j (/app/.next/server/pages/api/docker/stats/[...service].js:1:1990)
    at e7 (/app/node_modules/.pnpm/next@15.4.5_react-dom@18.3.1_react@18.3.1__react@18.3.1/node_modules/next/dist/compiled/next-server/pages-api.runtime.prod.js:1:99632)
    at process.processTicksAndRejections (node:internal/process/task_queues:105:5)
    at async te.render (/app/node_modules/.pnpm/next@15.4.5_react-dom@18.3.1_react@18.3.1__react@18.3.1/node_modules/next/dist/compiled/next-server/pages-api.runtime.prod.js:1:100341)
    at async Module.m (/app/.next/server/pages/api/docker/stats/[...service].js:1:6306)
    at async NextNodeServer.runApi (/app/node_modules/.pnpm/next@15.4.5_react-dom@18.3.1_react@18.3.1__react@18.3.1/node_modules/next/dist/server/next-server.js:767:9)
    at async NextNodeServer.handleCatchallRenderRequest (/app/node_modules/.pnpm/next@15.4.5_react-dom@18.3.1_react@18.3.1__react@18.3.1/node_modules/next/dist/server/next-server.js:390:37)
    at async NextNodeServer.handleRequestImpl (/app/node_modules/.pnpm/next@15.4.5_react-dom@18.3.1_react@18.3.1__react@18.3.1/node_modules/next/dist/server/base-server.js:925:17)
    at async invokeRender (/app/node_modules/.pnpm/next@15.4.5_react-dom@18.3.1_react@18.3.1__react@18.3.1/node_modules/next/dist/server/lib/router-server.js:239:21)
[2025-08-20T02:35:00.475Z] error: <dockerStatsService> TypeError: Cannot read properties of null (reading 'other-server')
    at k (/app/.next/server/chunks/1691.js:1:18170)
    at j (/app/.next/server/pages/api/docker/stats/[...service].js:1:1990)
    at e7 (/app/node_modules/.pnpm/next@15.4.5_react-dom@18.3.1_react@18.3.1__react@18.3.1/node_modules/next/dist/compiled/next-server/pages-api.runtime.prod.js:1:99632)
    at process.processTicksAndRejections (node:internal/process/task_queues:105:5)
    at async te.render (/app/node_modules/.pnpm/next@15.4.5_react-dom@18.3.1_react@18.3.1__react@18.3.1/node_modules/next/dist/compiled/next-server/pages-api.runtime.prod.js:1:100341)
    at async Module.m (/app/.next/server/pages/api/docker/stats/[...service].js:1:6306)
    at async NextNodeServer.runApi (/app/node_modules/.pnpm/next@15.4.5_react-dom@18.3.1_react@18.3.1__react@18.3.1/node_modules/next/dist/server/next-server.js:767:9)
    at async NextNodeServer.handleCatchallRenderRequest (/app/node_modules/.pnpm/next@15.4.5_react-dom@18.3.1_react@18.3.1__react@18.3.1/node_modules/next/dist/server/next-server.js:390:37)
    at async NextNodeServer.handleRequestImpl (/app/node_modules/.pnpm/next@15.4.5_react-dom@18.3.1_react@18.3.1__react@18.3.1/node_modules/next/dist/server/base-server.js:925:17)
    at async invokeRender (/app/node_modules/.pnpm/next@15.4.5_react-dom@18.3.1_react@18.3.1__react@18.3.1/node_modules/next/dist/server/lib/router-server.js:239:21)
[2025-08-20T02:35:04.564Z] error: <httpProxy> Error calling http://emby.host.or.ip/emby/Items/Counts...
[2025-08-20T02:35:04.565Z] error: <httpProxy> [
  500,
  [Error: getaddrinfo ENOTFOUND emby.host.or.ip] {
    errno: -3008,
    code: 'ENOTFOUND',
    syscall: 'getaddrinfo',
    hostname: 'emby.host.or.ip'
  }
]
[2025-08-20T02:35:04.567Z] error: <httpProxy> Error calling http://emby.host.or.ip2/emby/Sessions...
[2025-08-20T02:35:04.567Z] error: <httpProxy> [
  500,
  [Error: getaddrinfo ENOTFOUND emby.host.or.ip2] {
    errno: -3008,
    code: 'ENOTFOUND',
    syscall: 'getaddrinfo',
    hostname: 'emby.host.or.ip2'
  }
]
[2025-08-20T02:35:04.568Z] error: <httpProxy> Error calling http://radarr.host/api/v3/movie...
[2025-08-20T02:35:04.568Z] error: <httpProxy> [
  500,
  [Error: getaddrinfo ENOTFOUND radarr.host] {
    errno: -3008,
    code: 'ENOTFOUND',
    syscall: 'getaddrinfo',
    hostname: 'radarr.host'
  }
]
[2025-08-20T02:35:04.570Z] error: <httpProxy> Error calling http://radarr.host/api/v3/queue/details...
[2025-08-20T02:35:04.570Z] error: <httpProxy> [
  500,
  [Error: getaddrinfo ENOTFOUND radarr.host] {
    errno: -3008,
    code: 'ENOTFOUND',
    syscall: 'getaddrinfo',
    hostname: 'radarr.host'
  }
]
[2025-08-20T02:35:04.620Z] error: undefined
[2025-08-20T02:35:04.629Z] error: <httpProxy> Error calling http://sonarr.host.or.ip/api/v3/queue...
[2025-08-20T02:35:04.629Z] error: <httpProxy> [
  500,
  [Error: getaddrinfo ENOTFOUND sonarr.host.or.ip] {
    errno: -3008,
    code: 'ENOTFOUND',
    syscall: 'getaddrinfo',
    hostname: 'sonarr.host.or.ip'
  }
]
[2025-08-20T02:35:04.706Z] error: <httpProxy> Error calling http://sonarr.host.or.ip/api/v3/series...
[2025-08-20T02:35:04.706Z] error: <httpProxy> [
  500,
  [Error: getaddrinfo ENOTFOUND sonarr.host.or.ip] {
    errno: -3008,
    code: 'ENOTFOUND',
    syscall: 'getaddrinfo',
    hostname: 'sonarr.host.or.ip'
  }
]
[2025-08-20T02:35:04.707Z] error: <httpProxy> Error calling http://sonarr.host/api/v3/queue...
[2025-08-20T02:35:04.707Z] error: <httpProxy> [
  500,
  [Error: getaddrinfo ENOTFOUND sonarr.host] {
    errno: -3008,
    code: 'ENOTFOUND',
    syscall: 'getaddrinfo',
    hostname: 'sonarr.host'
  }
]
[2025-08-20T02:35:04.708Z] error: <httpProxy> Error calling http://sonarr.host/api/v3/wanted/missing...
[2025-08-20T02:35:04.709Z] error: <httpProxy> [
  500,
  [Error: getaddrinfo ENOTFOUND sonarr.host] {
    errno: -3008,
    code: 'ENOTFOUND',
    syscall: 'getaddrinfo',
    hostname: 'sonarr.host'
  }
]
[2025-08-20T02:35:04.709Z] error: <httpProxy> Error calling http://sonarr.host/api/v3/queue/details...
[2025-08-20T02:35:04.710Z] error: <httpProxy> [
  500,
  [Error: getaddrinfo ENOTFOUND sonarr.host] {
    errno: -3008,
    code: 'ENOTFOUND',
    syscall: 'getaddrinfo',
    hostname: 'sonarr.host'
  }
]
[2025-08-20T02:35:04.740Z] error: <dockerStatsService> TypeError: Cannot read properties of null (reading 'other-server')
    at k (/app/.next/server/chunks/1691.js:1:18170)
    at j (/app/.next/server/pages/api/docker/stats/[...service].js:1:1990)
    at e7 (/app/node_modules/.pnpm/next@15.4.5_react-dom@18.3.1_react@18.3.1__react@18.3.1/node_modules/next/dist/compiled/next-server/pages-api.runtime.prod.js:1:99632)
    at process.processTicksAndRejections (node:internal/process/task_queues:105:5)
    at async te.render (/app/node_modules/.pnpm/next@15.4.5_react-dom@18.3.1_react@18.3.1__react@18.3.1/node_modules/next/dist/compiled/next-server/pages-api.runtime.prod.js:1:100341)
    at async Module.m (/app/.next/server/pages/api/docker/stats/[...service].js:1:6306)
    at async NextNodeServer.runApi (/app/node_modules/.pnpm/next@15.4.5_react-dom@18.3.1_react@18.3.1__react@18.3.1/node_modules/next/dist/server/next-server.js:767:9)
    at async NextNodeServer.handleCatchallRenderRequest (/app/node_modules/.pnpm/next@15.4.5_react-dom@18.3.1_react@18.3.1__react@18.3.1/node_modules/next/dist/server/next-server.js:390:37)
    at async NextNodeServer.handleRequestImpl (/app/node_modules/.pnpm/next@15.4.5_react-dom@18.3.1_react@18.3.1__react@18.3.1/node_modules/next/dist/server/base-server.js:925:17)
    at async invokeRender (/app/node_modules/.pnpm/next@15.4.5_react-dom@18.3.1_react@18.3.1__react@18.3.1/node_modules/next/dist/server/lib/router-server.js:239:21)
[2025-08-20T02:35:05.991Z] error: <httpProxy> Error calling http://emby.host.or.ip/emby/Items/Counts...
[2025-08-20T02:35:05.996Z] error: undefined
[2025-08-20T02:35:05.991Z] error: <httpProxy> [
  500,
  [Error: getaddrinfo ENOTFOUND emby.host.or.ip] {
    errno: -3008,
    code: 'ENOTFOUND',
    syscall: 'getaddrinfo',
    hostname: 'emby.host.or.ip'
  }
]
[2025-08-20T02:35:05.992Z] error: <httpProxy> Error calling http://emby.host.or.ip2/emby/Sessions...
[2025-08-20T02:35:05.993Z] error: <httpProxy> [
  500,
  [Error: getaddrinfo ENOTFOUND emby.host.or.ip2] {
    errno: -3008,
    code: 'ENOTFOUND',
    syscall: 'getaddrinfo',
    hostname: 'emby.host.or.ip2'
  }
]
[2025-08-20T02:35:05.993Z] error: <httpProxy> Error calling http://sonarr.host.or.ip/api/v3/queue...
[2025-08-20T02:35:05.994Z] error: <httpProxy> [
  500,
  [Error: getaddrinfo ENOTFOUND sonarr.host.or.ip] {
    errno: -3008,
    code: 'ENOTFOUND',
    syscall: 'getaddrinfo',
    hostname: 'sonarr.host.or.ip'
  }
]
[2025-08-20T02:35:05.994Z] error: <httpProxy> Error calling http://emby.host.or.ip2/emby/Items/Counts...
[2025-08-20T02:35:05.995Z] error: <httpProxy> [
  500,
  [Error: getaddrinfo ENOTFOUND emby.host.or.ip2] {
    errno: -3008,
    code: 'ENOTFOUND',
    syscall: 'getaddrinfo',
    hostname: 'emby.host.or.ip2'
  }
]
[2025-08-20T02:35:06.001Z] error: <httpProxy> Error calling http://sonarr.host.or.ip/api/v3/wanted/missing...
[2025-08-20T02:35:06.002Z] error: <httpProxy> [
  500,
  [Error: getaddrinfo ENOTFOUND sonarr.host.or.ip] {
    errno: -3008,
    code: 'ENOTFOUND',
    syscall: 'getaddrinfo',
    hostname: 'sonarr.host.or.ip'
  }
]
[2025-08-20T02:35:06.157Z] error: <dockerStatsService> TypeError: Cannot read properties of null (reading 'other-server')
    at k (/app/.next/server/chunks/1691.js:1:18170)
    at j (/app/.next/server/pages/api/docker/stats/[...service].js:1:1990)
    at e7 (/app/node_modules/.pnpm/next@15.4.5_react-dom@18.3.1_react@18.3.1__react@18.3.1/node_modules/next/dist/compiled/next-server/pages-api.runtime.prod.js:1:99632)
    at process.processTicksAndRejections (node:internal/process/task_queues:105:5)
    at async te.render (/app/node_modules/.pnpm/next@15.4.5_react-dom@18.3.1_react@18.3.1__react@18.3.1/node_modules/next/dist/compiled/next-server/pages-api.runtime.prod.js:1:100341)
    at async Module.m (/app/.next/server/pages/api/docker/stats/[...service].js:1:6306)
    at async NextNodeServer.runApi (/app/node_modules/.pnpm/next@15.4.5_react-dom@18.3.1_react@18.3.1__react@18.3.1/node_modules/next/dist/server/next-server.js:767:9)
    at async NextNodeServer.handleCatchallRenderRequest (/app/node_modules/.pnpm/next@15.4.5_react-dom@18.3.1_react@18.3.1__react@18.3.1/node_modules/next/dist/server/next-server.js:390:37)
    at async NextNodeServer.handleRequestImpl (/app/node_modules/.pnpm/next@15.4.5_react-dom@18.3.1_react@18.3.1__react@18.3.1/node_modules/next/dist/server/base-server.js:925:17)
    at async invokeRender (/app/node_modules/.pnpm/next@15.4.5_react-dom@18.3.1_react@18.3.1__react@18.3.1/node_modules/next/dist/server/lib/router-server.js:239:21)
[2025-08-20T02:35:06.169Z] error: <httpProxy> Error calling http://sonarr.host/api/v3/wanted/missing...
[2025-08-20T02:35:06.169Z] error: <httpProxy> [
  500,
  [Error: getaddrinfo ENOTFOUND sonarr.host] {
    errno: -3008,
    code: 'ENOTFOUND',
    syscall: 'getaddrinfo',
    hostname: 'sonarr.host'
  }
]
[2025-08-20T02:35:06.171Z] error: <httpProxy> Error calling http://sonarr.host/api/v3/series...
[2025-08-20T02:35:06.171Z] error: <httpProxy> [
  500,
  [Error: getaddrinfo ENOTFOUND sonarr.host] {
    errno: -3008,
    code: 'ENOTFOUND',
    syscall: 'getaddrinfo',
    hostname: 'sonarr.host'
  }
]
[2025-08-20T02:35:06.172Z] error: <httpProxy> Error calling http://sonarr.host/api/v3/queue/details...
[2025-08-20T02:35:06.173Z] error: <httpProxy> [
  500,
  [Error: getaddrinfo ENOTFOUND sonarr.host] {
    errno: -3008,
    code: 'ENOTFOUND',
    syscall: 'getaddrinfo',
    hostname: 'sonarr.host'
  }
]
[2025-08-20T02:35:06.174Z] error: <httpProxy> Error calling http://radarr.host/api/v3/movie...
[2025-08-20T02:35:06.174Z] error: <httpProxy> [
  500,
  [Error: getaddrinfo ENOTFOUND radarr.host] {
    errno: -3008,
    code: 'ENOTFOUND',
    syscall: 'getaddrinfo',
    hostname: 'radarr.host'
  }
]
[2025-08-20T02:35:10.617Z] error: <dockerStatusService> TypeError: Cannot read properties of null (reading 'other-server')
    at k (/app/.next/server/chunks/1691.js:1:18170)
    at j (/app/.next/server/pages/api/docker/status/[...service].js:1:5714)
    at e7 (/app/node_modules/.pnpm/next@15.4.5_react-dom@18.3.1_react@18.3.1__react@18.3.1/node_modules/next/dist/compiled/next-server/pages-api.runtime.prod.js:1:99632)
    at process.processTicksAndRejections (node:internal/process/task_queues:105:5)
    at async te.render (/app/node_modules/.pnpm/next@15.4.5_react-dom@18.3.1_react@18.3.1__react@18.3.1/node_modules/next/dist/compiled/next-server/pages-api.runtime.prod.js:1:100341)
    at async Module.m (/app/.next/server/pages/api/docker/status/[...service].js:1:3281)
    at async NextNodeServer.runApi (/app/node_modules/.pnpm/next@15.4.5_react-dom@18.3.1_react@18.3.1__react@18.3.1/node_modules/next/dist/server/next-server.js:767:9)
    at async NextNodeServer.handleCatchallRenderRequest (/app/node_modules/.pnpm/next@15.4.5_react-dom@18.3.1_react@18.3.1__react@18.3.1/node_modules/next/dist/server/next-server.js:390:37)
    at async NextNodeServer.handleRequestImpl (/app/node_modules/.pnpm/next@15.4.5_react-dom@18.3.1_react@18.3.1__react@18.3.1/node_modules/next/dist/server/base-server.js:925:17)
    at async invokeRender (/app/node_modules/.pnpm/next@15.4.5_react-dom@18.3.1_react@18.3.1__react@18.3.1/node_modules/next/dist/server/lib/router-server.js:239:21)
[2025-08-20T02:35:10.636Z] error: <dockerStatusService> TypeError: Cannot read properties of null (reading 'my-server')
    at k (/app/.next/server/chunks/1691.js:1:18170)
    at j (/app/.next/server/pages/api/docker/status/[...service].js:1:5714)
    at e7 (/app/node_modules/.pnpm/next@15.4.5_react-dom@18.3.1_react@18.3.1__react@18.3.1/node_modules/next/dist/compiled/next-server/pages-api.runtime.prod.js:1:99632)
    at process.processTicksAndRejections (node:internal/process/task_queues:105:5)
    at async te.render (/app/node_modules/.pnpm/next@15.4.5_react-dom@18.3.1_react@18.3.1__react@18.3.1/node_modules/next/dist/compiled/next-server/pages-api.runtime.prod.js:1:100341)
    at async Module.m (/app/.next/server/pages/api/docker/status/[...service].js:1:3281)
    at async NextNodeServer.runApi (/app/node_modules/.pnpm/next@15.4.5_react-dom@18.3.1_react@18.3.1__react@18.3.1/node_modules/next/dist/server/next-server.js:767:9)
    at async NextNodeServer.handleCatchallRenderRequest (/app/node_modules/.pnpm/next@15.4.5_react-dom@18.3.1_react@18.3.1__react@18.3.1/node_modules/next/dist/server/next-server.js:390:37)
    at async NextNodeServer.handleRequestImpl (/app/node_modules/.pnpm/next@15.4.5_react-dom@18.3.1_react@18.3.1__react@18.3.1/node_modules/next/dist/server/base-server.js:925:17)
    at async invokeRender (/app/node_modules/.pnpm/next@15.4.5_react-dom@18.3.1_react@18.3.1__react@18.3.1/node_modules/next/dist/server/lib/router-server.js:239:21)
[2025-08-20T02:35:10.640Z] error: undefined
[2025-08-20T02:35:10.642Z] error: <httpProxy> Error calling http://emby.host.or.ip/emby/Sessions...
[2025-08-20T02:35:10.643Z] error: <httpProxy> [
  500,
  [Error: getaddrinfo ENOTFOUND emby.host.or.ip] {
    errno: -3008,
    code: 'ENOTFOUND',
    syscall: 'getaddrinfo',
    hostname: 'emby.host.or.ip'
  }
]
[2025-08-20T02:35:10.650Z] error: <httpProxy> Error calling http://sonarr.host.or.ip/api/v3/series...
[2025-08-20T02:35:10.650Z] error: <httpProxy> [
  500,
  [Error: getaddrinfo ENOTFOUND sonarr.host.or.ip] {
    errno: -3008,
    code: 'ENOTFOUND',
    syscall: 'getaddrinfo',
    hostname: 'sonarr.host.or.ip'
  }
]
[2025-08-20T02:35:10.652Z] error: <httpProxy> Error calling http://sonarr.host.or.ip/api/v3/queue/details...
[2025-08-20T02:35:10.652Z] error: <httpProxy> [
  500,
  [Error: getaddrinfo ENOTFOUND sonarr.host.or.ip] {
    errno: -3008,
    code: 'ENOTFOUND',
    syscall: 'getaddrinfo',
    hostname: 'sonarr.host.or.ip'
  }
]
[2025-08-20T02:35:10.742Z] error: <httpProxy> Error calling http://sonarr.host/api/v3/queue...
[2025-08-20T02:35:10.743Z] error: <httpProxy> [
  500,
  [Error: getaddrinfo ENOTFOUND sonarr.host] {
    errno: -3008,
    code: 'ENOTFOUND',
    syscall: 'getaddrinfo',
    hostname: 'sonarr.host'
  }
]
[2025-08-20T02:35:10.761Z] error: <httpProxy> Error calling http://radarr.host/api/v3/queue/status...
[2025-08-20T02:35:10.762Z] error: <httpProxy> [
  500,
  [Error: getaddrinfo ENOTFOUND radarr.host] {
    errno: -3008,
    code: 'ENOTFOUND',
    syscall: 'getaddrinfo',
    hostname: 'radarr.host'
  }
]
[2025-08-20T02:35:10.770Z] error: <dockerStatsService> TypeError: Cannot read properties of null (reading 'my-server')
    at k (/app/.next/server/chunks/1691.js:1:18170)
    at j (/app/.next/server/pages/api/docker/stats/[...service].js:1:1990)
    at e7 (/app/node_modules/.pnpm/next@15.4.5_react-dom@18.3.1_react@18.3.1__react@18.3.1/node_modules/next/dist/compiled/next-server/pages-api.runtime.prod.js:1:99632)
    at process.processTicksAndRejections (node:internal/process/task_queues:105:5)
    at async te.render (/app/node_modules/.pnpm/next@15.4.5_react-dom@18.3.1_react@18.3.1__react@18.3.1/node_modules/next/dist/compiled/next-server/pages-api.runtime.prod.js:1:100341)
    at async Module.m (/app/.next/server/pages/api/docker/stats/[...service].js:1:6306)
    at async NextNodeServer.runApi (/app/node_modules/.pnpm/next@15.4.5_react-dom@18.3.1_react@18.3.1__react@18.3.1/node_modules/next/dist/server/next-server.js:767:9)
    at async NextNodeServer.handleCatchallRenderRequest (/app/node_modules/.pnpm/next@15.4.5_react-dom@18.3.1_react@18.3.1__react@18.3.1/node_modules/next/dist/server/next-server.js:390:37)
    at async NextNodeServer.handleRequestImpl (/app/node_modules/.pnpm/next@15.4.5_react-dom@18.3.1_react@18.3.1__react@18.3.1/node_modules/next/dist/server/base-server.js:925:17)
    at async invokeRender (/app/node_modules/.pnpm/next@15.4.5_react-dom@18.3.1_react@18.3.1__react@18.3.1/node_modules/next/dist/server/lib/router-server.js:239:21)
[2025-08-20T02:35:10.783Z] error: <httpProxy> Error calling http://radarr.host/api/v3/queue/details...
[2025-08-20T02:35:10.783Z] error: <httpProxy> [
  500,
  [Error: getaddrinfo ENOTFOUND radarr.host] {
    errno: -3008,
    code: 'ENOTFOUND',
    syscall: 'getaddrinfo',
    hostname: 'radarr.host'
  }
]
[2025-08-20T02:38:40.763Z] error: <httpProxy> Error calling http://emby.host.or.ip/emby/Items/Counts...
[2025-08-20T02:38:40.764Z] error: <httpProxy> [
  500,
  [Error: getaddrinfo ENOTFOUND emby.host.or.ip] {
    errno: -3008,
    code: 'ENOTFOUND',
    syscall: 'getaddrinfo',
    hostname: 'emby.host.or.ip'
  }
]
[2025-08-20T02:38:40.765Z] error: <httpProxy> Error calling http://emby.host.or.ip/emby/Sessions...
[2025-08-20T02:38:40.767Z] error: <httpProxy> [
  500,
  [Error: getaddrinfo ENOTFOUND emby.host.or.ip] {
    errno: -3008,
    code: 'ENOTFOUND',
    syscall: 'getaddrinfo',
    hostname: 'emby.host.or.ip'
  }
]
[2025-08-20T02:38:40.767Z] error: <httpProxy> Error calling http://emby.host.or.ip2/emby/Sessions...
[2025-08-20T02:38:40.768Z] error: <httpProxy> [
  500,
  [Error: getaddrinfo ENOTFOUND emby.host.or.ip2] {
    errno: -3008,
    code: 'ENOTFOUND',
    syscall: 'getaddrinfo',
    hostname: 'emby.host.or.ip2'
  }
]
[2025-08-20T02:38:40.769Z] error: <httpProxy> Error calling http://emby.host.or.ip2/emby/Items/Counts...
[2025-08-20T02:38:40.770Z] error: <httpProxy> [
  500,
  [Error: getaddrinfo ENOTFOUND emby.host.or.ip2] {
    errno: -3008,
    code: 'ENOTFOUND',
    syscall: 'getaddrinfo',
    hostname: 'emby.host.or.ip2'
  }
]
[2025-08-20T02:38:40.777Z] error: undefined
[2025-08-20T02:38:40.779Z] error: undefined
[2025-08-20T02:38:40.904Z] error: <httpProxy> Error calling http://sonarr.host.or.ip/api/v3/wanted/missing...
[2025-08-20T02:38:40.904Z] error: <httpProxy> [
  500,
  [Error: getaddrinfo ENOTFOUND sonarr.host.or.ip] {
    errno: -3008,
    code: 'ENOTFOUND',
    syscall: 'getaddrinfo',
    hostname: 'sonarr.host.or.ip'
  }
]
[2025-08-20T02:38:40.915Z] error: <httpProxy> Error calling http://sonarr.host.or.ip/api/v3/queue...
[2025-08-20T02:38:40.915Z] error: <httpProxy> [
  500,
  [Error: getaddrinfo ENOTFOUND sonarr.host.or.ip] {
    errno: -3008,
    code: 'ENOTFOUND',
    syscall: 'getaddrinfo',
    hostname: 'sonarr.host.or.ip'
  }
]
[2025-08-20T02:38:40.922Z] error: <httpProxy> Error calling http://sonarr.host.or.ip/api/v3/series...
[2025-08-20T02:38:40.922Z] error: <httpProxy> [
  500,
  [Error: getaddrinfo ENOTFOUND sonarr.host.or.ip] {
    errno: -3008,
    code: 'ENOTFOUND',
    syscall: 'getaddrinfo',
    hostname: 'sonarr.host.or.ip'
  }
]
[2025-08-20T02:38:40.929Z] error: <httpProxy> Error calling http://sonarr.host.or.ip/api/v3/queue/details...
[2025-08-20T02:38:40.929Z] error: <httpProxy> [
  500,
  [Error: getaddrinfo ENOTFOUND sonarr.host.or.ip] {
    errno: -3008,
    code: 'ENOTFOUND',
    syscall: 'getaddrinfo',
    hostname: 'sonarr.host.or.ip'
  }
]
[2025-08-20T02:38:40.969Z] error: <dockerStatusService> TypeError: Cannot read properties of null (reading 'my-server')
    at k (/app/.next/server/chunks/1691.js:1:18170)
    at j (/app/.next/server/pages/api/docker/status/[...service].js:1:5714)
    at e7 (/app/node_modules/.pnpm/next@15.4.5_react-dom@18.3.1_react@18.3.1__react@18.3.1/node_modules/next/dist/compiled/next-server/pages-api.runtime.prod.js:1:99632)
    at process.processTicksAndRejections (node:internal/process/task_queues:105:5)
    at async te.render (/app/node_modules/.pnpm/next@15.4.5_react-dom@18.3.1_react@18.3.1__react@18.3.1/node_modules/next/dist/compiled/next-server/pages-api.runtime.prod.js:1:100341)
    at async Module.m (/app/.next/server/pages/api/docker/status/[...service].js:1:3281)
    at async NextNodeServer.runApi (/app/node_modules/.pnpm/next@15.4.5_react-dom@18.3.1_react@18.3.1__react@18.3.1/node_modules/next/dist/server/next-server.js:767:9)
    at async NextNodeServer.handleCatchallRenderRequest (/app/node_modules/.pnpm/next@15.4.5_react-dom@18.3.1_react@18.3.1__react@18.3.1/node_modules/next/dist/server/next-server.js:390:37)
    at async NextNodeServer.handleRequestImpl (/app/node_modules/.pnpm/next@15.4.5_react-dom@18.3.1_react@18.3.1__react@18.3.1/node_modules/next/dist/server/base-server.js:925:17)
    at async invokeRender (/app/node_modules/.pnpm/next@15.4.5_react-dom@18.3.1_react@18.3.1__react@18.3.1/node_modules/next/dist/server/lib/router-server.js:239:21)
[2025-08-20T02:38:40.975Z] error: <dockerStatusService> TypeError: Cannot read properties of null (reading 'other-server')
    at k (/app/.next/server/chunks/1691.js:1:18170)
    at j (/app/.next/server/pages/api/docker/status/[...service].js:1:5714)
    at e7 (/app/node_modules/.pnpm/next@15.4.5_react-dom@18.3.1_react@18.3.1__react@18.3.1/node_modules/next/dist/compiled/next-server/pages-api.runtime.prod.js:1:99632)
    at process.processTicksAndRejections (node:internal/process/task_queues:105:5)
    at async te.render (/app/node_modules/.pnpm/next@15.4.5_react-dom@18.3.1_react@18.3.1__react@18.3.1/node_modules/next/dist/compiled/next-server/pages-api.runtime.prod.js:1:100341)
    at async Module.m (/app/.next/server/pages/api/docker/status/[...service].js:1:3281)
    at async NextNodeServer.runApi (/app/node_modules/.pnpm/next@15.4.5_react-dom@18.3.1_react@18.3.1__react@18.3.1/node_modules/next/dist/server/next-server.js:767:9)
    at async NextNodeServer.handleCatchallRenderRequest (/app/node_modules/.pnpm/next@15.4.5_react-dom@18.3.1_react@18.3.1__react@18.3.1/node_modules/next/dist/server/next-server.js:390:37)
    at async NextNodeServer.handleRequestImpl (/app/node_modules/.pnpm/next@15.4.5_react-dom@18.3.1_react@18.3.1__react@18.3.1/node_modules/next/dist/server/base-server.js:925:17)
    at async invokeRender (/app/node_modules/.pnpm/next@15.4.5_react-dom@18.3.1_react@18.3.1__react@18.3.1/node_modules/next/dist/server/lib/router-server.js:239:21)
[2025-08-20T02:38:41.028Z] error: <httpProxy> Error calling http://sonarr.host/api/v3/wanted/missing...
[2025-08-20T02:38:41.029Z] error: <httpProxy> [
  500,
  [Error: getaddrinfo ENOTFOUND sonarr.host] {
    errno: -3008,
    code: 'ENOTFOUND',
    syscall: 'getaddrinfo',
    hostname: 'sonarr.host'
  }
]
[2025-08-20T02:38:41.044Z] error: <httpProxy> Error calling http://sonarr.host/api/v3/queue...
[2025-08-20T02:38:41.045Z] error: <httpProxy> [
  500,
  [Error: getaddrinfo ENOTFOUND sonarr.host] {
    errno: -3008,
    code: 'ENOTFOUND',
    syscall: 'getaddrinfo',
    hostname: 'sonarr.host'
  }
]
[2025-08-20T02:38:41.064Z] error: <httpProxy> Error calling http://sonarr.host/api/v3/queue/details...
[2025-08-20T02:38:41.065Z] error: <httpProxy> [
  500,
  [Error: getaddrinfo ENOTFOUND sonarr.host] {
    errno: -3008,
    code: 'ENOTFOUND',
    syscall: 'getaddrinfo',
    hostname: 'sonarr.host'
  }
]
[2025-08-20T02:38:41.066Z] error: <httpProxy> Error calling http://sonarr.host/api/v3/series...
[2025-08-20T02:38:41.067Z] error: <httpProxy> [
  500,
  [Error: getaddrinfo ENOTFOUND sonarr.host] {
    errno: -3008,
    code: 'ENOTFOUND',
    syscall: 'getaddrinfo',
    hostname: 'sonarr.host'
  }
]
[2025-08-20T02:38:41.103Z] error: <httpProxy> Error calling http://radarr.host/api/v3/movie...
[2025-08-20T02:38:41.104Z] error: <httpProxy> [
  500,
  [Error: getaddrinfo ENOTFOUND radarr.host] {
    errno: -3008,
    code: 'ENOTFOUND',
    syscall: 'getaddrinfo',
    hostname: 'radarr.host'
  }
]
[2025-08-20T02:38:41.127Z] error: <httpProxy> Error calling http://radarr.host/api/v3/queue/status...
[2025-08-20T02:38:41.128Z] error: <httpProxy> [
  500,
  [Error: getaddrinfo ENOTFOUND radarr.host] {
    errno: -3008,
    code: 'ENOTFOUND',
    syscall: 'getaddrinfo',
    hostname: 'radarr.host'
  }
]
[2025-08-20T02:38:41.171Z] error: <service-helpers> TypeError: Cannot read properties of null (reading 'makeApiClient')
    at Object.i [as listIngress] (/app/.next/server/chunks/1691.js:1:3466)
    at t (/app/.next/server/chunks/1691.js:1:10803)
    at q (/app/.next/server/pages/api/bookmarks.js:1:3823)
    at async g (/app/.next/server/pages/api/services.js:1:185)
    at async e7 (/app/node_modules/.pnpm/next@15.4.5_react-dom@18.3.1_react@18.3.1__react@18.3.1/node_modules/next/dist/compiled/next-server/pages-api.runtime.prod.js:1:99626)
    at async te.render (/app/node_modules/.pnpm/next@15.4.5_react-dom@18.3.1_react@18.3.1__react@18.3.1/node_modules/next/dist/compiled/next-server/pages-api.runtime.prod.js:1:100341)
    at async Module.m (/app/.next/server/pages/api/services.js:1:6371)
    at async NextNodeServer.runApi (/app/node_modules/.pnpm/next@15.4.5_react-dom@18.3.1_react@18.3.1__react@18.3.1/node_modules/next/dist/server/next-server.js:767:9)
    at async NextNodeServer.handleCatchallRenderRequest (/app/node_modules/.pnpm/next@15.4.5_react-dom@18.3.1_react@18.3.1__react@18.3.1/node_modules/next/dist/server/next-server.js:390:37)
    at async NextNodeServer.handleRequestImpl (/app/node_modules/.pnpm/next@15.4.5_react-dom@18.3.1_react@18.3.1__react@18.3.1/node_modules/next/dist/server/base-server.js:925:17)
[2025-08-20T02:38:41.171Z] error: Failed to discover services, please check kubernetes.yaml for errors or remove example entries.
[2025-08-20T02:38:41.172Z] error: <httpProxy> Error calling http://radarr.host/api/v3/queue/details...
[2025-08-20T02:38:41.172Z] error: <httpProxy> [
  500,
  [Error: getaddrinfo ENOTFOUND radarr.host] {
    errno: -3008,
    code: 'ENOTFOUND',
    syscall: 'getaddrinfo',
    hostname: 'radarr.host'
  }
]
[2025-08-20T02:38:41.171Z] error: TypeError: Cannot read properties of null (reading 'makeApiClient')
[2025-08-20T02:38:41.225Z] error: <dockerStatsService> TypeError: Cannot read properties of null (reading 'my-server')
    at k (/app/.next/server/chunks/1691.js:1:18170)
    at j (/app/.next/server/pages/api/docker/stats/[...service].js:1:1990)
    at e7 (/app/node_modules/.pnpm/next@15.4.5_react-dom@18.3.1_react@18.3.1__react@18.3.1/node_modules/next/dist/compiled/next-server/pages-api.runtime.prod.js:1:99632)
    at process.processTicksAndRejections (node:internal/process/task_queues:105:5)
    at async te.render (/app/node_modules/.pnpm/next@15.4.5_react-dom@18.3.1_react@18.3.1__react@18.3.1/node_modules/next/dist/compiled/next-server/pages-api.runtime.prod.js:1:100341)
    at async Module.m (/app/.next/server/pages/api/docker/stats/[...service].js:1:6306)
    at async NextNodeServer.runApi (/app/node_modules/.pnpm/next@15.4.5_react-dom@18.3.1_react@18.3.1__react@18.3.1/node_modules/next/dist/server/next-server.js:767:9)
    at async NextNodeServer.handleCatchallRenderRequest (/app/node_modules/.pnpm/next@15.4.5_react-dom@18.3.1_react@18.3.1__react@18.3.1/node_modules/next/dist/server/next-server.js:390:37)
    at async NextNodeServer.handleRequestImpl (/app/node_modules/.pnpm/next@15.4.5_react-dom@18.3.1_react@18.3.1__react@18.3.1/node_modules/next/dist/server/base-server.js:925:17)
    at async invokeRender (/app/node_modules/.pnpm/next@15.4.5_react-dom@18.3.1_react@18.3.1__react@18.3.1/node_modules/next/dist/server/lib/router-server.js:239:21)
[2025-08-20T02:38:41.237Z] error: <dockerStatsService> TypeError: Cannot read properties of null (reading 'other-server')
    at k (/app/.next/server/chunks/1691.js:1:18170)
    at j (/app/.next/server/pages/api/docker/stats/[...service].js:1:1990)
    at e7 (/app/node_modules/.pnpm/next@15.4.5_react-dom@18.3.1_react@18.3.1__react@18.3.1/node_modules/next/dist/compiled/next-server/pages-api.runtime.prod.js:1:99632)
    at process.processTicksAndRejections (node:internal/process/task_queues:105:5)
    at async te.render (/app/node_modules/.pnpm/next@15.4.5_react-dom@18.3.1_react@18.3.1__react@18.3.1/node_modules/next/dist/compiled/next-server/pages-api.runtime.prod.js:1:100341)
    at async Module.m (/app/.next/server/pages/api/docker/stats/[...service].js:1:6306)
    at async NextNodeServer.runApi (/app/node_modules/.pnpm/next@15.4.5_react-dom@18.3.1_react@18.3.1__react@18.3.1/node_modules/next/dist/server/next-server.js:767:9)
    at async NextNodeServer.handleCatchallRenderRequest (/app/node_modules/.pnpm/next@15.4.5_react-dom@18.3.1_react@18.3.1__react@18.3.1/node_modules/next/dist/server/next-server.js:390:37)
    at async NextNodeServer.handleRequestImpl (/app/node_modules/.pnpm/next@15.4.5_react-dom@18.3.1_react@18.3.1__react@18.3.1/node_modules/next/dist/server/base-server.js:925:17)
    at async invokeRender (/app/node_modules/.pnpm/next@15.4.5_react-dom@18.3.1_react@18.3.1__react@18.3.1/node_modules/next/dist/server/lib/router-server.js:239:21)
[2025-08-20T02:38:46.617Z] error: <httpProxy> Error calling http://emby.host.or.ip2/emby/Items/Counts...
[2025-08-20T02:38:46.618Z] error: <httpProxy> [
  500,
  [Error: getaddrinfo ENOTFOUND emby.host.or.ip2] {
    errno: -3008,
    code: 'ENOTFOUND',
    syscall: 'getaddrinfo',
    hostname: 'emby.host.or.ip2'
  }
]
[2025-08-20T02:38:46.620Z] error: <httpProxy> Error calling http://sonarr.host.or.ip/api/v3/wanted/missing...
[2025-08-20T02:38:46.621Z] error: <httpProxy> [
  500,
  [Error: getaddrinfo ENOTFOUND sonarr.host.or.ip] {
    errno: -3008,
    code: 'ENOTFOUND',
    syscall: 'getaddrinfo',
    hostname: 'sonarr.host.or.ip'
  }
]
[2025-08-20T02:38:46.621Z] error: <httpProxy> Error calling http://emby.host.or.ip/emby/Items/Counts...
[2025-08-20T02:38:46.622Z] error: <httpProxy> [
  500,
  [Error: getaddrinfo ENOTFOUND emby.host.or.ip] {
    errno: -3008,
    code: 'ENOTFOUND',
    syscall: 'getaddrinfo',
    hostname: 'emby.host.or.ip'
  }
]
[2025-08-20T02:38:46.623Z] error: <httpProxy> Error calling http://emby.host.or.ip2/emby/Sessions...
[2025-08-20T02:38:46.624Z] error: <httpProxy> [
  500,
  [Error: getaddrinfo ENOTFOUND emby.host.or.ip2] {
    errno: -3008,
    code: 'ENOTFOUND',
    syscall: 'getaddrinfo',
    hostname: 'emby.host.or.ip2'
  }
]
[2025-08-20T02:38:46.677Z] error: <httpProxy> Error calling http://sonarr.host.or.ip/api/v3/queue...
[2025-08-20T02:38:46.677Z] error: <httpProxy> [
  500,
  [Error: getaddrinfo ENOTFOUND sonarr.host.or.ip] {
    errno: -3008,
    code: 'ENOTFOUND',
    syscall: 'getaddrinfo',
    hostname: 'sonarr.host.or.ip'
  }
]
[2025-08-20T02:38:46.678Z] error: <httpProxy> Error calling http://sonarr.host.or.ip/api/v3/series...
[2025-08-20T02:38:46.679Z] error: <httpProxy> [
  500,
  [Error: getaddrinfo ENOTFOUND sonarr.host.or.ip] {
    errno: -3008,
    code: 'ENOTFOUND',
    syscall: 'getaddrinfo',
    hostname: 'sonarr.host.or.ip'
  }
]
[2025-08-20T02:38:46.741Z] error: <dockerStatusService> TypeError: Cannot read properties of null (reading 'other-server')
    at k (/app/.next/server/chunks/1691.js:1:18170)
    at j (/app/.next/server/pages/api/docker/status/[...service].js:1:5714)
    at e7 (/app/node_modules/.pnpm/next@15.4.5_react-dom@18.3.1_react@18.3.1__react@18.3.1/node_modules/next/dist/compiled/next-server/pages-api.runtime.prod.js:1:99632)
    at process.processTicksAndRejections (node:internal/process/task_queues:105:5)
    at async te.render (/app/node_modules/.pnpm/next@15.4.5_react-dom@18.3.1_react@18.3.1__react@18.3.1/node_modules/next/dist/compiled/next-server/pages-api.runtime.prod.js:1:100341)
    at async Module.m (/app/.next/server/pages/api/docker/status/[...service].js:1:3281)
    at async NextNodeServer.runApi (/app/node_modules/.pnpm/next@15.4.5_react-dom@18.3.1_react@18.3.1__react@18.3.1/node_modules/next/dist/server/next-server.js:767:9)
    at async NextNodeServer.handleCatchallRenderRequest (/app/node_modules/.pnpm/next@15.4.5_react-dom@18.3.1_react@18.3.1__react@18.3.1/node_modules/next/dist/server/next-server.js:390:37)
    at async NextNodeServer.handleRequestImpl (/app/node_modules/.pnpm/next@15.4.5_react-dom@18.3.1_react@18.3.1__react@18.3.1/node_modules/next/dist/server/base-server.js:925:17)
    at async invokeRender (/app/node_modules/.pnpm/next@15.4.5_react-dom@18.3.1_react@18.3.1__react@18.3.1/node_modules/next/dist/server/lib/router-server.js:239:21)
[2025-08-20T02:38:46.754Z] error: <httpProxy> Error calling http://sonarr.host.or.ip/api/v3/queue/details...
[2025-08-20T02:38:46.755Z] error: <httpProxy> [
  500,
  [Error: getaddrinfo ENOTFOUND sonarr.host.or.ip] {
    errno: -3008,
    code: 'ENOTFOUND',
    syscall: 'getaddrinfo',
    hostname: 'sonarr.host.or.ip'
  }
]
[2025-08-20T02:38:46.759Z] error: <httpProxy> Error calling http://sonarr.host/api/v3/queue/details...
[2025-08-20T02:38:46.760Z] error: <httpProxy> [
  500,
  [Error: getaddrinfo ENOTFOUND sonarr.host] {
    errno: -3008,
    code: 'ENOTFOUND',
    syscall: 'getaddrinfo',
    hostname: 'sonarr.host'
  }
]
[2025-08-20T02:38:46.761Z] error: <httpProxy> Error calling http://radarr.host/api/v3/movie...
[2025-08-20T02:38:46.761Z] error: <httpProxy> [
  500,
  [Error: getaddrinfo ENOTFOUND radarr.host] {
    errno: -3008,
    code: 'ENOTFOUND',
    syscall: 'getaddrinfo',
    hostname: 'radarr.host'
  }
]
[2025-08-20T02:38:46.802Z] error: <httpProxy> Error calling http://radarr.host/api/v3/queue/details...
[2025-08-20T02:38:46.802Z] error: <httpProxy> [
  500,
  [Error: getaddrinfo ENOTFOUND radarr.host] {
    errno: -3008,
    code: 'ENOTFOUND',
    syscall: 'getaddrinfo',
    hostname: 'radarr.host'
  }
]
[2025-08-20T02:38:46.807Z] error: <dockerStatsService> TypeError: Cannot read properties of null (reading 'my-server')
    at k (/app/.next/server/chunks/1691.js:1:18170)
    at j (/app/.next/server/pages/api/docker/stats/[...service].js:1:1990)
    at e7 (/app/node_modules/.pnpm/next@15.4.5_react-dom@18.3.1_react@18.3.1__react@18.3.1/node_modules/next/dist/compiled/next-server/pages-api.runtime.prod.js:1:99632)
    at process.processTicksAndRejections (node:internal/process/task_queues:105:5)
    at async te.render (/app/node_modules/.pnpm/next@15.4.5_react-dom@18.3.1_react@18.3.1__react@18.3.1/node_modules/next/dist/compiled/next-server/pages-api.runtime.prod.js:1:100341)
    at async Module.m (/app/.next/server/pages/api/docker/stats/[...service].js:1:6306)
    at async NextNodeServer.runApi (/app/node_modules/.pnpm/next@15.4.5_react-dom@18.3.1_react@18.3.1__react@18.3.1/node_modules/next/dist/server/next-server.js:767:9)
    at async NextNodeServer.handleCatchallRenderRequest (/app/node_modules/.pnpm/next@15.4.5_react-dom@18.3.1_react@18.3.1__react@18.3.1/node_modules/next/dist/server/next-server.js:390:37)
    at async NextNodeServer.handleRequestImpl (/app/node_modules/.pnpm/next@15.4.5_react-dom@18.3.1_react@18.3.1__react@18.3.1/node_modules/next/dist/server/base-server.js:925:17)
    at async invokeRender (/app/node_modules/.pnpm/next@15.4.5_react-dom@18.3.1_react@18.3.1__react@18.3.1/node_modules/next/dist/server/lib/router-server.js:239:21)
[2025-08-20T02:38:46.859Z] error: <dockerStatsService> TypeError: Cannot read properties of null (reading 'other-server')
    at k (/app/.next/server/chunks/1691.js:1:18170)
    at j (/app/.next/server/pages/api/docker/stats/[...service].js:1:1990)
    at e7 (/app/node_modules/.pnpm/next@15.4.5_react-dom@18.3.1_react@18.3.1__react@18.3.1/node_modules/next/dist/compiled/next-server/pages-api.runtime.prod.js:1:99632)
    at process.processTicksAndRejections (node:internal/process/task_queues:105:5)
    at async te.render (/app/node_modules/.pnpm/next@15.4.5_react-dom@18.3.1_react@18.3.1__react@18.3.1/node_modules/next/dist/compiled/next-server/pages-api.runtime.prod.js:1:100341)
    at async Module.m (/app/.next/server/pages/api/docker/stats/[...service].js:1:6306)
    at async NextNodeServer.runApi (/app/node_modules/.pnpm/next@15.4.5_react-dom@18.3.1_react@18.3.1__react@18.3.1/node_modules/next/dist/server/next-server.js:767:9)
    at async NextNodeServer.handleCatchallRenderRequest (/app/node_modules/.pnpm/next@15.4.5_react-dom@18.3.1_react@18.3.1__react@18.3.1/node_modules/next/dist/server/next-server.js:390:37)
    at async NextNodeServer.handleRequestImpl (/app/node_modules/.pnpm/next@15.4.5_react-dom@18.3.1_react@18.3.1__react@18.3.1/node_modules/next/dist/server/base-server.js:925:17)
    at async invokeRender (/app/node_modules/.pnpm/next@15.4.5_react-dom@18.3.1_react@18.3.1__react@18.3.1/node_modules/next/dist/server/lib/router-server.js:239:21)
[2025-08-20T02:38:50.949Z] error: undefined
[2025-08-20T02:38:50.952Z] error: undefined
[2025-08-20T02:38:50.953Z] error: <httpProxy> Error calling http://emby.host.or.ip/emby/Sessions...
[2025-08-20T02:38:50.953Z] error: <httpProxy> [
  500,
  [Error: getaddrinfo ENOTFOUND emby.host.or.ip] {
    errno: -3008,
    code: 'ENOTFOUND',
    syscall: 'getaddrinfo',
    hostname: 'emby.host.or.ip'
  }
]
[2025-08-20T02:38:51.710Z] error: <dockerStatusService> TypeError: Cannot read properties of null (reading 'my-server')
    at k (/app/.next/server/chunks/1691.js:1:18170)
    at j (/app/.next/server/pages/api/docker/status/[...service].js:1:5714)
    at e7 (/app/node_modules/.pnpm/next@15.4.5_react-dom@18.3.1_react@18.3.1__react@18.3.1/node_modules/next/dist/compiled/next-server/pages-api.runtime.prod.js:1:99632)
    at process.processTicksAndRejections (node:internal/process/task_queues:105:5)
    at async te.render (/app/node_modules/.pnpm/next@15.4.5_react-dom@18.3.1_react@18.3.1__react@18.3.1/node_modules/next/dist/compiled/next-server/pages-api.runtime.prod.js:1:100341)
    at async Module.m (/app/.next/server/pages/api/docker/status/[...service].js:1:3281)
    at async NextNodeServer.runApi (/app/node_modules/.pnpm/next@15.4.5_react-dom@18.3.1_react@18.3.1__react@18.3.1/node_modules/next/dist/server/next-server.js:767:9)
    at async NextNodeServer.handleCatchallRenderRequest (/app/node_modules/.pnpm/next@15.4.5_react-dom@18.3.1_react@18.3.1__react@18.3.1/node_modules/next/dist/server/next-server.js:390:37)
    at async NextNodeServer.handleRequestImpl (/app/node_modules/.pnpm/next@15.4.5_react-dom@18.3.1_react@18.3.1__react@18.3.1/node_modules/next/dist/server/base-server.js:925:17)
    at async invokeRender (/app/node_modules/.pnpm/next@15.4.5_react-dom@18.3.1_react@18.3.1__react@18.3.1/node_modules/next/dist/server/lib/router-server.js:239:21)
[2025-08-20T02:38:51.742Z] error: <httpProxy> Error calling http://sonarr.host/api/v3/wanted/missing...
[2025-08-20T02:38:51.743Z] error: <httpProxy> [
  500,
  [Error: getaddrinfo ENOTFOUND sonarr.host] {
    errno: -3008,
    code: 'ENOTFOUND',
    syscall: 'getaddrinfo',
    hostname: 'sonarr.host'
  }
]
[2025-08-20T02:38:51.744Z] error: <httpProxy> Error calling http://sonarr.host/api/v3/series...
[2025-08-20T02:38:51.745Z] error: <httpProxy> [
  500,
  [Error: getaddrinfo ENOTFOUND sonarr.host] {
    errno: -3008,
    code: 'ENOTFOUND',
    syscall: 'getaddrinfo',
    hostname: 'sonarr.host'
  }
]
[2025-08-20T02:38:51.747Z] error: <httpProxy> Error calling http://radarr.host/api/v3/queue/status...
[2025-08-20T02:38:51.747Z] error: <httpProxy> [
  500,
  [Error: getaddrinfo ENOTFOUND radarr.host] {
    errno: -3008,
    code: 'ENOTFOUND',
    syscall: 'getaddrinfo',
    hostname: 'radarr.host'
  }
]
[2025-08-20T02:38:51.748Z] error: <httpProxy> Error calling http://sonarr.host/api/v3/queue...
[2025-08-20T02:38:51.749Z] error: <httpProxy> [
  500,
  [Error: getaddrinfo ENOTFOUND sonarr.host] {
    errno: -3008,
    code: 'ENOTFOUND',
    syscall: 'getaddrinfo',
    hostname: 'sonarr.host'
  }
]
[2025-08-20T02:40:28.346Z] error: <httpProxy> Error calling http://emby.host.or.ip/emby/Sessions...
[2025-08-20T02:40:28.347Z] error: <httpProxy> [
  500,
  [Error: getaddrinfo ENOTFOUND emby.host.or.ip] {
    errno: -3008,
    code: 'ENOTFOUND',
    syscall: 'getaddrinfo',
    hostname: 'emby.host.or.ip'
  }
]
[2025-08-20T02:40:28.349Z] error: <httpProxy> Error calling http://emby.host.or.ip/emby/Items/Counts...
[2025-08-20T02:40:28.349Z] error: <httpProxy> [
  500,
  [Error: getaddrinfo ENOTFOUND emby.host.or.ip] {
    errno: -3008,
    code: 'ENOTFOUND',
    syscall: 'getaddrinfo',
    hostname: 'emby.host.or.ip'
  }
]
[2025-08-20T02:40:28.360Z] error: undefined
[2025-08-20T02:40:28.354Z] error: <httpProxy> Error calling http://emby.host.or.ip2/emby/Sessions...
[2025-08-20T02:40:28.354Z] error: <httpProxy> [
  500,
  [Error: getaddrinfo ENOTFOUND emby.host.or.ip2] {
    errno: -3008,
    code: 'ENOTFOUND',
    syscall: 'getaddrinfo',
    hostname: 'emby.host.or.ip2'
  }
]
[2025-08-20T02:40:28.361Z] error: <httpProxy> Error calling http://emby.host.or.ip2/emby/Items/Counts...
[2025-08-20T02:40:28.362Z] error: <httpProxy> [
  500,
  [Error: getaddrinfo ENOTFOUND emby.host.or.ip2] {
    errno: -3008,
    code: 'ENOTFOUND',
    syscall: 'getaddrinfo',
    hostname: 'emby.host.or.ip2'
  }
]
[2025-08-20T02:40:28.374Z] error: undefined
[2025-08-20T02:40:28.499Z] error: <httpProxy> Error calling http://sonarr.host.or.ip/api/v3/wanted/missing...
[2025-08-20T02:40:28.500Z] error: <httpProxy> [
  500,
  [Error: getaddrinfo ENOTFOUND sonarr.host.or.ip] {
    errno: -3008,
    code: 'ENOTFOUND',
    syscall: 'getaddrinfo',
    hostname: 'sonarr.host.or.ip'
  }
]
[2025-08-20T02:40:28.508Z] error: <httpProxy> Error calling http://sonarr.host.or.ip/api/v3/queue...
[2025-08-20T02:40:28.509Z] error: <httpProxy> [
  500,
  [Error: getaddrinfo ENOTFOUND sonarr.host.or.ip] {
    errno: -3008,
    code: 'ENOTFOUND',
    syscall: 'getaddrinfo',
    hostname: 'sonarr.host.or.ip'
  }
]
[2025-08-20T02:40:28.512Z] error: <httpProxy> Error calling http://sonarr.host.or.ip/api/v3/queue/details...
[2025-08-20T02:40:28.512Z] error: <httpProxy> [
  500,
  [Error: getaddrinfo ENOTFOUND sonarr.host.or.ip] {
    errno: -3008,
    code: 'ENOTFOUND',
    syscall: 'getaddrinfo',
    hostname: 'sonarr.host.or.ip'
  }
]
[2025-08-20T02:40:28.520Z] error: <httpProxy> Error calling http://sonarr.host.or.ip/api/v3/series...
[2025-08-20T02:40:28.521Z] error: <httpProxy> [
  500,
  [Error: getaddrinfo ENOTFOUND sonarr.host.or.ip] {
    errno: -3008,
    code: 'ENOTFOUND',
    syscall: 'getaddrinfo',
    hostname: 'sonarr.host.or.ip'
  }
]
[2025-08-20T02:40:28.556Z] error: <dockerStatusService> TypeError: Cannot read properties of null (reading 'my-server')
    at k (/app/.next/server/chunks/1691.js:1:18170)
    at j (/app/.next/server/pages/api/docker/status/[...service].js:1:5714)
    at e7 (/app/node_modules/.pnpm/next@15.4.5_react-dom@18.3.1_react@18.3.1__react@18.3.1/node_modules/next/dist/compiled/next-server/pages-api.runtime.prod.js:1:99632)
    at process.processTicksAndRejections (node:internal/process/task_queues:105:5)
    at async te.render (/app/node_modules/.pnpm/next@15.4.5_react-dom@18.3.1_react@18.3.1__react@18.3.1/node_modules/next/dist/compiled/next-server/pages-api.runtime.prod.js:1:100341)
    at async Module.m (/app/.next/server/pages/api/docker/status/[...service].js:1:3281)
    at async NextNodeServer.runApi (/app/node_modules/.pnpm/next@15.4.5_react-dom@18.3.1_react@18.3.1__react@18.3.1/node_modules/next/dist/server/next-server.js:767:9)
    at async NextNodeServer.handleCatchallRenderRequest (/app/node_modules/.pnpm/next@15.4.5_react-dom@18.3.1_react@18.3.1__react@18.3.1/node_modules/next/dist/server/next-server.js:390:37)
    at async NextNodeServer.handleRequestImpl (/app/node_modules/.pnpm/next@15.4.5_react-dom@18.3.1_react@18.3.1__react@18.3.1/node_modules/next/dist/server/base-server.js:925:17)
    at async invokeRender (/app/node_modules/.pnpm/next@15.4.5_react-dom@18.3.1_react@18.3.1__react@18.3.1/node_modules/next/dist/server/lib/router-server.js:239:21)
[2025-08-20T02:40:28.570Z] error: <dockerStatusService> TypeError: Cannot read properties of null (reading 'other-server')
    at k (/app/.next/server/chunks/1691.js:1:18170)
    at j (/app/.next/server/pages/api/docker/status/[...service].js:1:5714)
    at e7 (/app/node_modules/.pnpm/next@15.4.5_react-dom@18.3.1_react@18.3.1__react@18.3.1/node_modules/next/dist/compiled/next-server/pages-api.runtime.prod.js:1:99632)
    at process.processTicksAndRejections (node:internal/process/task_queues:105:5)
    at async te.render (/app/node_modules/.pnpm/next@15.4.5_react-dom@18.3.1_react@18.3.1__react@18.3.1/node_modules/next/dist/compiled/next-server/pages-api.runtime.prod.js:1:100341)
    at async Module.m (/app/.next/server/pages/api/docker/status/[...service].js:1:3281)
    at async NextNodeServer.runApi (/app/node_modules/.pnpm/next@15.4.5_react-dom@18.3.1_react@18.3.1__react@18.3.1/node_modules/next/dist/server/next-server.js:767:9)
    at async NextNodeServer.handleCatchallRenderRequest (/app/node_modules/.pnpm/next@15.4.5_react-dom@18.3.1_react@18.3.1__react@18.3.1/node_modules/next/dist/server/next-server.js:390:37)
    at async NextNodeServer.handleRequestImpl (/app/node_modules/.pnpm/next@15.4.5_react-dom@18.3.1_react@18.3.1__react@18.3.1/node_modules/next/dist/server/base-server.js:925:17)
    at async invokeRender (/app/node_modules/.pnpm/next@15.4.5_react-dom@18.3.1_react@18.3.1__react@18.3.1/node_modules/next/dist/server/lib/router-server.js:239:21)
[2025-08-20T02:40:28.621Z] error: <httpProxy> Error calling http://sonarr.host/api/v3/wanted/missing...
[2025-08-20T02:40:28.621Z] error: <httpProxy> [
  500,
  [Error: getaddrinfo ENOTFOUND sonarr.host] {
    errno: -3008,
    code: 'ENOTFOUND',
    syscall: 'getaddrinfo',
    hostname: 'sonarr.host'
  }
]
[2025-08-20T02:40:28.658Z] error: <httpProxy> Error calling http://sonarr.host/api/v3/queue...
[2025-08-20T02:40:28.658Z] error: <httpProxy> [
  500,
  [Error: getaddrinfo ENOTFOUND sonarr.host] {
    errno: -3008,
    code: 'ENOTFOUND',
    syscall: 'getaddrinfo',
    hostname: 'sonarr.host'
  }
]
[2025-08-20T02:40:28.659Z] error: <httpProxy> Error calling http://sonarr.host/api/v3/series...
[2025-08-20T02:40:28.660Z] error: <httpProxy> [
  500,
  [Error: getaddrinfo ENOTFOUND sonarr.host] {
    errno: -3008,
    code: 'ENOTFOUND',
    syscall: 'getaddrinfo',
    hostname: 'sonarr.host'
  }
]
[2025-08-20T02:40:28.664Z] error: <httpProxy> Error calling http://sonarr.host/api/v3/queue/details...
[2025-08-20T02:40:28.665Z] error: <httpProxy> [
  500,
  [Error: getaddrinfo ENOTFOUND sonarr.host] {
    errno: -3008,
    code: 'ENOTFOUND',
    syscall: 'getaddrinfo',
    hostname: 'sonarr.host'
  }
]
[2025-08-20T02:40:28.687Z] error: <httpProxy> Error calling http://radarr.host/api/v3/movie...
[2025-08-20T02:40:28.688Z] error: <httpProxy> [
  500,
  [Error: getaddrinfo ENOTFOUND radarr.host] {
    errno: -3008,
    code: 'ENOTFOUND',
    syscall: 'getaddrinfo',
    hostname: 'radarr.host'
  }
]
[2025-08-20T02:40:28.699Z] error: <httpProxy> Error calling http://radarr.host/api/v3/queue/status...
[2025-08-20T02:40:28.700Z] error: <httpProxy> [
  500,
  [Error: getaddrinfo ENOTFOUND radarr.host] {
    errno: -3008,
    code: 'ENOTFOUND',
    syscall: 'getaddrinfo',
    hostname: 'radarr.host'
  }
]
[2025-08-20T02:40:28.748Z] error: <httpProxy> Error calling http://radarr.host/api/v3/queue/details...
[2025-08-20T02:40:28.749Z] error: <httpProxy> [
  500,
  [Error: getaddrinfo ENOTFOUND radarr.host] {
    errno: -3008,
    code: 'ENOTFOUND',
    syscall: 'getaddrinfo',
    hostname: 'radarr.host'
  }
]
[2025-08-20T02:40:28.790Z] error: <service-helpers> TypeError: Cannot read properties of null (reading 'makeApiClient')
    at Object.i [as listIngress] (/app/.next/server/chunks/1691.js:1:3466)
    at t (/app/.next/server/chunks/1691.js:1:10803)
    at q (/app/.next/server/pages/api/bookmarks.js:1:3823)
    at async g (/app/.next/server/pages/api/services.js:1:185)
    at async e7 (/app/node_modules/.pnpm/next@15.4.5_react-dom@18.3.1_react@18.3.1__react@18.3.1/node_modules/next/dist/compiled/next-server/pages-api.runtime.prod.js:1:99626)
    at async te.render (/app/node_modules/.pnpm/next@15.4.5_react-dom@18.3.1_react@18.3.1__react@18.3.1/node_modules/next/dist/compiled/next-server/pages-api.runtime.prod.js:1:100341)
    at async Module.m (/app/.next/server/pages/api/services.js:1:6371)
    at async NextNodeServer.runApi (/app/node_modules/.pnpm/next@15.4.5_react-dom@18.3.1_react@18.3.1__react@18.3.1/node_modules/next/dist/server/next-server.js:767:9)
    at async NextNodeServer.handleCatchallRenderRequest (/app/node_modules/.pnpm/next@15.4.5_react-dom@18.3.1_react@18.3.1__react@18.3.1/node_modules/next/dist/server/next-server.js:390:37)
    at async NextNodeServer.handleRequestImpl (/app/node_modules/.pnpm/next@15.4.5_react-dom@18.3.1_react@18.3.1__react@18.3.1/node_modules/next/dist/server/base-server.js:925:17)
[2025-08-20T02:40:28.790Z] error: Failed to discover services, please check kubernetes.yaml for errors or remove example entries.
[2025-08-20T02:40:28.790Z] error: TypeError: Cannot read properties of null (reading 'makeApiClient')
[2025-08-20T02:40:28.816Z] error: <dockerStatsService> TypeError: Cannot read properties of null (reading 'my-server')
    at k (/app/.next/server/chunks/1691.js:1:18170)
    at j (/app/.next/server/pages/api/docker/stats/[...service].js:1:1990)
    at e7 (/app/node_modules/.pnpm/next@15.4.5_react-dom@18.3.1_react@18.3.1__react@18.3.1/node_modules/next/dist/compiled/next-server/pages-api.runtime.prod.js:1:99632)
    at process.processTicksAndRejections (node:internal/process/task_queues:105:5)
    at async te.render (/app/node_modules/.pnpm/next@15.4.5_react-dom@18.3.1_react@18.3.1__react@18.3.1/node_modules/next/dist/compiled/next-server/pages-api.runtime.prod.js:1:100341)
    at async Module.m (/app/.next/server/pages/api/docker/stats/[...service].js:1:6306)
    at async NextNodeServer.runApi (/app/node_modules/.pnpm/next@15.4.5_react-dom@18.3.1_react@18.3.1__react@18.3.1/node_modules/next/dist/server/next-server.js:767:9)
    at async NextNodeServer.handleCatchallRenderRequest (/app/node_modules/.pnpm/next@15.4.5_react-dom@18.3.1_react@18.3.1__react@18.3.1/node_modules/next/dist/server/next-server.js:390:37)
    at async NextNodeServer.handleRequestImpl (/app/node_modules/.pnpm/next@15.4.5_react-dom@18.3.1_react@18.3.1__react@18.3.1/node_modules/next/dist/server/base-server.js:925:17)
    at async invokeRender (/app/node_modules/.pnpm/next@15.4.5_react-dom@18.3.1_react@18.3.1__react@18.3.1/node_modules/next/dist/server/lib/router-server.js:239:21)
[2025-08-20T02:40:28.832Z] error: <dockerStatsService> TypeError: Cannot read properties of null (reading 'other-server')
    at k (/app/.next/server/chunks/1691.js:1:18170)
    at j (/app/.next/server/pages/api/docker/stats/[...service].js:1:1990)
    at e7 (/app/node_modules/.pnpm/next@15.4.5_react-dom@18.3.1_react@18.3.1__react@18.3.1/node_modules/next/dist/compiled/next-server/pages-api.runtime.prod.js:1:99632)
    at process.processTicksAndRejections (node:internal/process/task_queues:105:5)
    at async te.render (/app/node_modules/.pnpm/next@15.4.5_react-dom@18.3.1_react@18.3.1__react@18.3.1/node_modules/next/dist/compiled/next-server/pages-api.runtime.prod.js:1:100341)
    at async Module.m (/app/.next/server/pages/api/docker/stats/[...service].js:1:6306)
    at async NextNodeServer.runApi (/app/node_modules/.pnpm/next@15.4.5_react-dom@18.3.1_react@18.3.1__react@18.3.1/node_modules/next/dist/server/next-server.js:767:9)
    at async NextNodeServer.handleCatchallRenderRequest (/app/node_modules/.pnpm/next@15.4.5_react-dom@18.3.1_react@18.3.1__react@18.3.1/node_modules/next/dist/server/next-server.js:390:37)
    at async NextNodeServer.handleRequestImpl (/app/node_modules/.pnpm/next@15.4.5_react-dom@18.3.1_react@18.3.1__react@18.3.1/node_modules/next/dist/server/base-server.js:925:17)
    at async invokeRender (/app/node_modules/.pnpm/next@15.4.5_react-dom@18.3.1_react@18.3.1__react@18.3.1/node_modules/next/dist/server/lib/router-server.js:239:21)
[2025-08-20T02:40:33.524Z] error: undefined
[2025-08-20T02:40:33.526Z] error: <httpProxy> Error calling http://emby.host.or.ip/emby/Items/Counts...
[2025-08-20T02:40:33.527Z] error: <httpProxy> [
  500,
  [Error: getaddrinfo ENOTFOUND emby.host.or.ip] {
    errno: -3008,
    code: 'ENOTFOUND',
    syscall: 'getaddrinfo',
    hostname: 'emby.host.or.ip'
  }
]
[2025-08-20T02:40:34.523Z] error: <dockerStatusService> TypeError: Cannot read properties of null (reading 'my-server')
    at k (/app/.next/server/chunks/1691.js:1:18170)
    at j (/app/.next/server/pages/api/docker/status/[...service].js:1:5714)
    at e7 (/app/node_modules/.pnpm/next@15.4.5_react-dom@18.3.1_react@18.3.1__react@18.3.1/node_modules/next/dist/compiled/next-server/pages-api.runtime.prod.js:1:99632)
    at process.processTicksAndRejections (node:internal/process/task_queues:105:5)
    at async te.render (/app/node_modules/.pnpm/next@15.4.5_react-dom@18.3.1_react@18.3.1__react@18.3.1/node_modules/next/dist/compiled/next-server/pages-api.runtime.prod.js:1:100341)
    at async Module.m (/app/.next/server/pages/api/docker/status/[...service].js:1:3281)
    at async NextNodeServer.runApi (/app/node_modules/.pnpm/next@15.4.5_react-dom@18.3.1_react@18.3.1__react@18.3.1/node_modules/next/dist/server/next-server.js:767:9)
    at async NextNodeServer.handleCatchallRenderRequest (/app/node_modules/.pnpm/next@15.4.5_react-dom@18.3.1_react@18.3.1__react@18.3.1/node_modules/next/dist/server/next-server.js:390:37)
    at async NextNodeServer.handleRequestImpl (/app/node_modules/.pnpm/next@15.4.5_react-dom@18.3.1_react@18.3.1__react@18.3.1/node_modules/next/dist/server/base-server.js:925:17)
    at async invokeRender (/app/node_modules/.pnpm/next@15.4.5_react-dom@18.3.1_react@18.3.1__react@18.3.1/node_modules/next/dist/server/lib/router-server.js:239:21)
[2025-08-20T02:40:34.530Z] error: <httpProxy> Error calling http://sonarr.host.or.ip/api/v3/wanted/missing...
[2025-08-20T02:40:34.530Z] error: <httpProxy> [
  500,
  [Error: getaddrinfo ENOTFOUND sonarr.host.or.ip] {
    errno: -3008,
    code: 'ENOTFOUND',
    syscall: 'getaddrinfo',
    hostname: 'sonarr.host.or.ip'
  }
]
[2025-08-20T02:40:34.594Z] error: <dockerStatusService> TypeError: Cannot read properties of null (reading 'other-server')
    at k (/app/.next/server/chunks/1691.js:1:18170)
    at j (/app/.next/server/pages/api/docker/status/[...service].js:1:5714)
    at e7 (/app/node_modules/.pnpm/next@15.4.5_react-dom@18.3.1_react@18.3.1__react@18.3.1/node_modules/next/dist/compiled/next-server/pages-api.runtime.prod.js:1:99632)
    at process.processTicksAndRejections (node:internal/process/task_queues:105:5)
    at async te.render (/app/node_modules/.pnpm/next@15.4.5_react-dom@18.3.1_react@18.3.1__react@18.3.1/node_modules/next/dist/compiled/next-server/pages-api.runtime.prod.js:1:100341)
    at async Module.m (/app/.next/server/pages/api/docker/status/[...service].js:1:3281)
    at async NextNodeServer.runApi (/app/node_modules/.pnpm/next@15.4.5_react-dom@18.3.1_react@18.3.1__react@18.3.1/node_modules/next/dist/server/next-server.js:767:9)
    at async NextNodeServer.handleCatchallRenderRequest (/app/node_modules/.pnpm/next@15.4.5_react-dom@18.3.1_react@18.3.1__react@18.3.1/node_modules/next/dist/server/next-server.js:390:37)
    at async NextNodeServer.handleRequestImpl (/app/node_modules/.pnpm/next@15.4.5_react-dom@18.3.1_react@18.3.1__react@18.3.1/node_modules/next/dist/server/base-server.js:925:17)
    at async invokeRender (/app/node_modules/.pnpm/next@15.4.5_react-dom@18.3.1_react@18.3.1__react@18.3.1/node_modules/next/dist/server/lib/router-server.js:239:21)
[2025-08-20T02:40:34.616Z] error: <httpProxy> Error calling http://sonarr.host/api/v3/wanted/missing...
[2025-08-20T02:40:34.616Z] error: <httpProxy> [
  500,
  [Error: getaddrinfo ENOTFOUND sonarr.host] {
    errno: -3008,
    code: 'ENOTFOUND',
    syscall: 'getaddrinfo',
    hostname: 'sonarr.host'
  }
]
[2025-08-20T02:40:34.618Z] error: <httpProxy> Error calling http://sonarr.host/api/v3/series...
[2025-08-20T02:40:34.618Z] error: <httpProxy> [
  500,
  [Error: getaddrinfo ENOTFOUND sonarr.host] {
    errno: -3008,
    code: 'ENOTFOUND',
    syscall: 'getaddrinfo',
    hostname: 'sonarr.host'
  }
]
[2025-08-20T02:40:34.619Z] error: <httpProxy> Error calling http://radarr.host/api/v3/movie...
[2025-08-20T02:40:34.620Z] error: <httpProxy> [
  500,
  [Error: getaddrinfo ENOTFOUND radarr.host] {
    errno: -3008,
    code: 'ENOTFOUND',
    syscall: 'getaddrinfo',
    hostname: 'radarr.host'
  }
]
[2025-08-20T02:40:34.649Z] error: <dockerStatsService> TypeError: Cannot read properties of null (reading 'other-server')
    at k (/app/.next/server/chunks/1691.js:1:18170)
    at j (/app/.next/server/pages/api/docker/stats/[...service].js:1:1990)
    at e7 (/app/node_modules/.pnpm/next@15.4.5_react-dom@18.3.1_react@18.3.1__react@18.3.1/node_modules/next/dist/compiled/next-server/pages-api.runtime.prod.js:1:99632)
    at process.processTicksAndRejections (node:internal/process/task_queues:105:5)
    at async te.render (/app/node_modules/.pnpm/next@15.4.5_react-dom@18.3.1_react@18.3.1__react@18.3.1/node_modules/next/dist/compiled/next-server/pages-api.runtime.prod.js:1:100341)
    at async Module.m (/app/.next/server/pages/api/docker/stats/[...service].js:1:6306)
    at async NextNodeServer.runApi (/app/node_modules/.pnpm/next@15.4.5_react-dom@18.3.1_react@18.3.1__react@18.3.1/node_modules/next/dist/server/next-server.js:767:9)
    at async NextNodeServer.handleCatchallRenderRequest (/app/node_modules/.pnpm/next@15.4.5_react-dom@18.3.1_react@18.3.1__react@18.3.1/node_modules/next/dist/server/next-server.js:390:37)
    at async NextNodeServer.handleRequestImpl (/app/node_modules/.pnpm/next@15.4.5_react-dom@18.3.1_react@18.3.1__react@18.3.1/node_modules/next/dist/server/base-server.js:925:17)
    at async invokeRender (/app/node_modules/.pnpm/next@15.4.5_react-dom@18.3.1_react@18.3.1__react@18.3.1/node_modules/next/dist/server/lib/router-server.js:239:21)
[2025-08-20T02:40:34.659Z] error: <httpProxy> Error calling http://radarr.host/api/v3/queue/details...
[2025-08-20T02:40:34.659Z] error: <httpProxy> [
  500,
  [Error: getaddrinfo ENOTFOUND radarr.host] {
    errno: -3008,
    code: 'ENOTFOUND',
    syscall: 'getaddrinfo',
    hostname: 'radarr.host'
  }
]
[2025-08-20T02:40:38.807Z] error: undefined
[2025-08-20T02:40:38.811Z] error: <httpProxy> Error calling http://emby.host.or.ip/emby/Sessions...
[2025-08-20T02:40:38.811Z] error: <httpProxy> [
  500,
  [Error: getaddrinfo ENOTFOUND emby.host.or.ip] {
    errno: -3008,
    code: 'ENOTFOUND',
    syscall: 'getaddrinfo',
    hostname: 'emby.host.or.ip'
  }
]
[2025-08-20T02:40:38.813Z] error: <httpProxy> Error calling http://emby.host.or.ip2/emby/Sessions...
[2025-08-20T02:40:38.813Z] error: <httpProxy> [
  500,
  [Error: getaddrinfo ENOTFOUND emby.host.or.ip2] {
    errno: -3008,
    code: 'ENOTFOUND',
    syscall: 'getaddrinfo',
    hostname: 'emby.host.or.ip2'
  }
]
[2025-08-20T02:40:38.815Z] error: <httpProxy> Error calling http://emby.host.or.ip2/emby/Items/Counts...
[2025-08-20T02:40:38.816Z] error: <httpProxy> [
  500,
  [Error: getaddrinfo ENOTFOUND emby.host.or.ip2] {
    errno: -3008,
    code: 'ENOTFOUND',
    syscall: 'getaddrinfo',
    hostname: 'emby.host.or.ip2'
  }
]
[2025-08-20T02:40:38.818Z] error: <httpProxy> Error calling http://sonarr.host.or.ip/api/v3/queue...
[2025-08-20T02:40:38.818Z] error: <httpProxy> [
  500,
  [Error: getaddrinfo ENOTFOUND sonarr.host.or.ip] {
    errno: -3008,
    code: 'ENOTFOUND',
    syscall: 'getaddrinfo',
    hostname: 'sonarr.host.or.ip'
  }
]
[2025-08-20T02:40:38.820Z] error: <httpProxy> Error calling http://sonarr.host.or.ip/api/v3/queue/details...
[2025-08-20T02:40:38.820Z] error: <httpProxy> [
  500,
  [Error: getaddrinfo ENOTFOUND sonarr.host.or.ip] {
    errno: -3008,
    code: 'ENOTFOUND',
    syscall: 'getaddrinfo',
    hostname: 'sonarr.host.or.ip'
  }
]
[2025-08-20T02:40:38.962Z] error: <httpProxy> Error calling http://sonarr.host.or.ip/api/v3/series...
[2025-08-20T02:40:38.963Z] error: <httpProxy> [
  500,
  [Error: getaddrinfo ENOTFOUND sonarr.host.or.ip] {
    errno: -3008,
    code: 'ENOTFOUND',
    syscall: 'getaddrinfo',
    hostname: 'sonarr.host.or.ip'
  }
]
[2025-08-20T02:40:39.715Z] error: <dockerStatsService> TypeError: Cannot read properties of null (reading 'my-server')
    at k (/app/.next/server/chunks/1691.js:1:18170)
    at j (/app/.next/server/pages/api/docker/stats/[...service].js:1:1990)
    at e7 (/app/node_modules/.pnpm/next@15.4.5_react-dom@18.3.1_react@18.3.1__react@18.3.1/node_modules/next/dist/compiled/next-server/pages-api.runtime.prod.js:1:99632)
    at process.processTicksAndRejections (node:internal/process/task_queues:105:5)
    at async te.render (/app/node_modules/.pnpm/next@15.4.5_react-dom@18.3.1_react@18.3.1__react@18.3.1/node_modules/next/dist/compiled/next-server/pages-api.runtime.prod.js:1:100341)
    at async Module.m (/app/.next/server/pages/api/docker/stats/[...service].js:1:6306)
    at async NextNodeServer.runApi (/app/node_modules/.pnpm/next@15.4.5_react-dom@18.3.1_react@18.3.1__react@18.3.1/node_modules/next/dist/server/next-server.js:767:9)
    at async NextNodeServer.handleCatchallRenderRequest (/app/node_modules/.pnpm/next@15.4.5_react-dom@18.3.1_react@18.3.1__react@18.3.1/node_modules/next/dist/server/next-server.js:390:37)
    at async NextNodeServer.handleRequestImpl (/app/node_modules/.pnpm/next@15.4.5_react-dom@18.3.1_react@18.3.1__react@18.3.1/node_modules/next/dist/server/base-server.js:925:17)
    at async invokeRender (/app/node_modules/.pnpm/next@15.4.5_react-dom@18.3.1_react@18.3.1__react@18.3.1/node_modules/next/dist/server/lib/router-server.js:239:21)
[2025-08-20T02:40:39.723Z] error: <httpProxy> Error calling http://sonarr.host/api/v3/queue/details...
[2025-08-20T02:40:39.724Z] error: <httpProxy> [
  500,
  [Error: getaddrinfo ENOTFOUND sonarr.host] {
    errno: -3008,
    code: 'ENOTFOUND',
    syscall: 'getaddrinfo',
    hostname: 'sonarr.host'
  }
]
[2025-08-20T02:40:39.725Z] error: <httpProxy> Error calling http://sonarr.host/api/v3/queue...
[2025-08-20T02:40:39.725Z] error: <httpProxy> [
  500,
  [Error: getaddrinfo ENOTFOUND sonarr.host] {
    errno: -3008,
    code: 'ENOTFOUND',
    syscall: 'getaddrinfo',
    hostname: 'sonarr.host'
  }
]
[2025-08-20T02:40:39.726Z] error: <httpProxy> Error calling http://radarr.host/api/v3/queue/status...
[2025-08-20T02:40:39.727Z] error: <httpProxy> [
  500,
  [Error: getaddrinfo ENOTFOUND radarr.host] {
    errno: -3008,
    code: 'ENOTFOUND',
    syscall: 'getaddrinfo',
    hostname: 'radarr.host'
  }
]
[2025-08-20T02:43:13.414Z] error: <dockerStatusService> TypeError: Cannot read properties of null (reading 'my-server')
    at k (/app/.next/server/chunks/1691.js:1:18170)
    at j (/app/.next/server/pages/api/docker/status/[...service].js:1:5714)
    at e7 (/app/node_modules/.pnpm/next@15.4.5_react-dom@18.3.1_react@18.3.1__react@18.3.1/node_modules/next/dist/compiled/next-server/pages-api.runtime.prod.js:1:99632)
    at process.processTicksAndRejections (node:internal/process/task_queues:105:5)
    at async te.render (/app/node_modules/.pnpm/next@15.4.5_react-dom@18.3.1_react@18.3.1__react@18.3.1/node_modules/next/dist/compiled/next-server/pages-api.runtime.prod.js:1:100341)
    at async Module.m (/app/.next/server/pages/api/docker/status/[...service].js:1:3281)
    at async NextNodeServer.runApi (/app/node_modules/.pnpm/next@15.4.5_react-dom@18.3.1_react@18.3.1__react@18.3.1/node_modules/next/dist/server/next-server.js:767:9)
    at async NextNodeServer.handleCatchallRenderRequest (/app/node_modules/.pnpm/next@15.4.5_react-dom@18.3.1_react@18.3.1__react@18.3.1/node_modules/next/dist/server/next-server.js:390:37)
    at async NextNodeServer.handleRequestImpl (/app/node_modules/.pnpm/next@15.4.5_react-dom@18.3.1_react@18.3.1__react@18.3.1/node_modules/next/dist/server/base-server.js:925:17)
    at async invokeRender (/app/node_modules/.pnpm/next@15.4.5_react-dom@18.3.1_react@18.3.1__react@18.3.1/node_modules/next/dist/server/lib/router-server.js:239:21)
[2025-08-20T02:43:13.430Z] error: undefined
[2025-08-20T02:43:13.432Z] error: <httpProxy> Error calling http://emby.host.or.ip2/emby/Items/Counts...
[2025-08-20T02:43:13.433Z] error: <httpProxy> [
  500,
  [Error: getaddrinfo ENOTFOUND emby.host.or.ip2] {
    errno: -3008,
    code: 'ENOTFOUND',
    syscall: 'getaddrinfo',
    hostname: 'emby.host.or.ip2'
  }
]
[2025-08-20T02:43:13.438Z] error: <httpProxy> Error calling http://sonarr.host.or.ip/api/v3/queue...
[2025-08-20T02:43:13.438Z] error: <httpProxy> [
  500,
  [Error: getaddrinfo ENOTFOUND sonarr.host.or.ip] {
    errno: -3008,
    code: 'ENOTFOUND',
    syscall: 'getaddrinfo',
    hostname: 'sonarr.host.or.ip'
  }
]
[2025-08-20T02:43:13.441Z] error: <httpProxy> Error calling http://sonarr.host.or.ip/api/v3/series...
[2025-08-20T02:43:13.441Z] error: <httpProxy> [
  500,
  [Error: getaddrinfo ENOTFOUND sonarr.host.or.ip] {
    errno: -3008,
    code: 'ENOTFOUND',
    syscall: 'getaddrinfo',
    hostname: 'sonarr.host.or.ip'
  }
]
[2025-08-20T02:43:13.442Z] error: <httpProxy> Error calling http://sonarr.host.or.ip/api/v3/queue/details...
[2025-08-20T02:43:13.442Z] error: <httpProxy> [
  500,
  [Error: getaddrinfo ENOTFOUND sonarr.host.or.ip] {
    errno: -3008,
    code: 'ENOTFOUND',
    syscall: 'getaddrinfo',
    hostname: 'sonarr.host.or.ip'
  }
]
[2025-08-20T02:43:13.530Z] error: <dockerStatusService> TypeError: Cannot read properties of null (reading 'other-server')
    at k (/app/.next/server/chunks/1691.js:1:18170)
    at j (/app/.next/server/pages/api/docker/status/[...service].js:1:5714)
    at e7 (/app/node_modules/.pnpm/next@15.4.5_react-dom@18.3.1_react@18.3.1__react@18.3.1/node_modules/next/dist/compiled/next-server/pages-api.runtime.prod.js:1:99632)
    at process.processTicksAndRejections (node:internal/process/task_queues:105:5)
    at async te.render (/app/node_modules/.pnpm/next@15.4.5_react-dom@18.3.1_react@18.3.1__react@18.3.1/node_modules/next/dist/compiled/next-server/pages-api.runtime.prod.js:1:100341)
    at async Module.m (/app/.next/server/pages/api/docker/status/[...service].js:1:3281)
    at async NextNodeServer.runApi (/app/node_modules/.pnpm/next@15.4.5_react-dom@18.3.1_react@18.3.1__react@18.3.1/node_modules/next/dist/server/next-server.js:767:9)
    at async NextNodeServer.handleCatchallRenderRequest (/app/node_modules/.pnpm/next@15.4.5_react-dom@18.3.1_react@18.3.1__react@18.3.1/node_modules/next/dist/server/next-server.js:390:37)
    at async NextNodeServer.handleRequestImpl (/app/node_modules/.pnpm/next@15.4.5_react-dom@18.3.1_react@18.3.1__react@18.3.1/node_modules/next/dist/server/base-server.js:925:17)
    at async invokeRender (/app/node_modules/.pnpm/next@15.4.5_react-dom@18.3.1_react@18.3.1__react@18.3.1/node_modules/next/dist/server/lib/router-server.js:239:21)
[2025-08-20T02:43:13.569Z] error: <httpProxy> Error calling http://sonarr.host/api/v3/wanted/missing...
[2025-08-20T02:43:13.569Z] error: <httpProxy> [
  500,
  [Error: getaddrinfo ENOTFOUND sonarr.host] {
    errno: -3008,
    code: 'ENOTFOUND',
    syscall: 'getaddrinfo',
    hostname: 'sonarr.host'
  }
]
[2025-08-20T02:43:13.571Z] error: <httpProxy> Error calling http://radarr.host/api/v3/movie...
[2025-08-20T02:43:13.571Z] error: <httpProxy> [
  500,
  [Error: getaddrinfo ENOTFOUND radarr.host] {
    errno: -3008,
    code: 'ENOTFOUND',
    syscall: 'getaddrinfo',
    hostname: 'radarr.host'
  }
]
[2025-08-20T02:43:13.576Z] error: <service-helpers> TypeError: Cannot read properties of null (reading 'makeApiClient')
    at Object.i [as listIngress] (/app/.next/server/chunks/1691.js:1:3466)
    at t (/app/.next/server/chunks/1691.js:1:10803)
    at q (/app/.next/server/pages/api/bookmarks.js:1:3823)
    at async g (/app/.next/server/pages/api/services.js:1:185)
    at async e7 (/app/node_modules/.pnpm/next@15.4.5_react-dom@18.3.1_react@18.3.1__react@18.3.1/node_modules/next/dist/compiled/next-server/pages-api.runtime.prod.js:1:99626)
    at async te.render (/app/node_modules/.pnpm/next@15.4.5_react-dom@18.3.1_react@18.3.1__react@18.3.1/node_modules/next/dist/compiled/next-server/pages-api.runtime.prod.js:1:100341)
    at async Module.m (/app/.next/server/pages/api/services.js:1:6371)
    at async NextNodeServer.runApi (/app/node_modules/.pnpm/next@15.4.5_react-dom@18.3.1_react@18.3.1__react@18.3.1/node_modules/next/dist/server/next-server.js:767:9)
    at async NextNodeServer.handleCatchallRenderRequest (/app/node_modules/.pnpm/next@15.4.5_react-dom@18.3.1_react@18.3.1__react@18.3.1/node_modules/next/dist/server/next-server.js:390:37)
    at async NextNodeServer.handleRequestImpl (/app/node_modules/.pnpm/next@15.4.5_react-dom@18.3.1_react@18.3.1__react@18.3.1/node_modules/next/dist/server/base-server.js:925:17)
[2025-08-20T02:43:13.577Z] error: Failed to discover services, please check kubernetes.yaml for errors or remove example entries.
[2025-08-20T02:43:13.577Z] error: TypeError: Cannot read properties of null (reading 'makeApiClient')
[2025-08-20T02:43:13.582Z] error: <httpProxy> Error calling http://radarr.host/api/v3/queue/details...
[2025-08-20T02:43:13.583Z] error: <httpProxy> [
  500,
  [Error: getaddrinfo ENOTFOUND radarr.host] {
    errno: -3008,
    code: 'ENOTFOUND',
    syscall: 'getaddrinfo',
    hostname: 'radarr.host'
  }
]
[2025-08-20T02:43:13.584Z] error: <httpProxy> Error calling http://radarr.host/api/v3/queue/status...
[2025-08-20T02:43:13.584Z] error: <httpProxy> [
  500,
  [Error: getaddrinfo ENOTFOUND radarr.host] {
    errno: -3008,
    code: 'ENOTFOUND',
    syscall: 'getaddrinfo',
    hostname: 'radarr.host'
  }
]
[2025-08-20T02:43:13.679Z] error: undefined
[2025-08-20T02:43:13.728Z] error: <httpProxy> Error calling http://sonarr.host.or.ip/api/v3/wanted/missing...
[2025-08-20T02:43:13.728Z] error: <httpProxy> [
  500,
  [Error: getaddrinfo ENOTFOUND sonarr.host.or.ip] {
    errno: -3008,
    code: 'ENOTFOUND',
    syscall: 'getaddrinfo',
    hostname: 'sonarr.host.or.ip'
  }
]
[2025-08-20T02:43:13.730Z] error: <httpProxy> Error calling http://emby.host.or.ip/emby/Sessions...
[2025-08-20T02:43:13.731Z] error: <httpProxy> [
  500,
  [Error: getaddrinfo ENOTFOUND emby.host.or.ip] {
    errno: -3008,
    code: 'ENOTFOUND',
    syscall: 'getaddrinfo',
    hostname: 'emby.host.or.ip'
  }
]
[2025-08-20T02:43:13.736Z] error: <httpProxy> Error calling http://emby.host.or.ip/emby/Items/Counts...
[2025-08-20T02:43:13.736Z] error: <httpProxy> [
  500,
  [Error: getaddrinfo ENOTFOUND emby.host.or.ip] {
    errno: -3008,
    code: 'ENOTFOUND',
    syscall: 'getaddrinfo',
    hostname: 'emby.host.or.ip'
  }
]
[2025-08-20T02:43:13.741Z] error: <httpProxy> Error calling http://emby.host.or.ip2/emby/Sessions...
[2025-08-20T02:43:13.741Z] error: <httpProxy> [
  500,
  [Error: getaddrinfo ENOTFOUND emby.host.or.ip2] {
    errno: -3008,
    code: 'ENOTFOUND',
    syscall: 'getaddrinfo',
    hostname: 'emby.host.or.ip2'
  }
]
[2025-08-20T02:43:13.883Z] error: <httpProxy> Error calling http://sonarr.host/api/v3/queue...
[2025-08-20T02:43:13.883Z] error: <httpProxy> [
  500,
  [Error: getaddrinfo ENOTFOUND sonarr.host] {
    errno: -3008,
    code: 'ENOTFOUND',
    syscall: 'getaddrinfo',
    hostname: 'sonarr.host'
  }
]
[2025-08-20T02:43:13.886Z] error: <httpProxy> Error calling http://sonarr.host/api/v3/series...
[2025-08-20T02:43:13.886Z] error: <httpProxy> [
  500,
  [Error: getaddrinfo ENOTFOUND sonarr.host] {
    errno: -3008,
    code: 'ENOTFOUND',
    syscall: 'getaddrinfo',
    hostname: 'sonarr.host'
  }
]
[2025-08-20T02:43:13.889Z] error: <httpProxy> Error calling http://sonarr.host/api/v3/queue/details...
[2025-08-20T02:43:13.889Z] error: <httpProxy> [
  500,
  [Error: getaddrinfo ENOTFOUND sonarr.host] {
    errno: -3008,
    code: 'ENOTFOUND',
    syscall: 'getaddrinfo',
    hostname: 'sonarr.host'
  }
]
[2025-08-20T02:43:13.942Z] error: <dockerStatsService> TypeError: Cannot read properties of null (reading 'my-server')
    at k (/app/.next/server/chunks/1691.js:1:18170)
    at j (/app/.next/server/pages/api/docker/stats/[...service].js:1:1990)
    at e7 (/app/node_modules/.pnpm/next@15.4.5_react-dom@18.3.1_react@18.3.1__react@18.3.1/node_modules/next/dist/compiled/next-server/pages-api.runtime.prod.js:1:99632)
    at process.processTicksAndRejections (node:internal/process/task_queues:105:5)
    at async te.render (/app/node_modules/.pnpm/next@15.4.5_react-dom@18.3.1_react@18.3.1__react@18.3.1/node_modules/next/dist/compiled/next-server/pages-api.runtime.prod.js:1:100341)
    at async Module.m (/app/.next/server/pages/api/docker/stats/[...service].js:1:6306)
    at async NextNodeServer.runApi (/app/node_modules/.pnpm/next@15.4.5_react-dom@18.3.1_react@18.3.1__react@18.3.1/node_modules/next/dist/server/next-server.js:767:9)
    at async NextNodeServer.handleCatchallRenderRequest (/app/node_modules/.pnpm/next@15.4.5_react-dom@18.3.1_react@18.3.1__react@18.3.1/node_modules/next/dist/server/next-server.js:390:37)
    at async NextNodeServer.handleRequestImpl (/app/node_modules/.pnpm/next@15.4.5_react-dom@18.3.1_react@18.3.1__react@18.3.1/node_modules/next/dist/server/base-server.js:925:17)
    at async invokeRender (/app/node_modules/.pnpm/next@15.4.5_react-dom@18.3.1_react@18.3.1__react@18.3.1/node_modules/next/dist/server/lib/router-server.js:239:21)
[2025-08-20T02:43:13.948Z] error: <dockerStatsService> TypeError: Cannot read properties of null (reading 'other-server')
    at k (/app/.next/server/chunks/1691.js:1:18170)
    at j (/app/.next/server/pages/api/docker/stats/[...service].js:1:1990)
    at e7 (/app/node_modules/.pnpm/next@15.4.5_react-dom@18.3.1_react@18.3.1__react@18.3.1/node_modules/next/dist/compiled/next-server/pages-api.runtime.prod.js:1:99632)
    at process.processTicksAndRejections (node:internal/process/task_queues:105:5)
    at async te.render (/app/node_modules/.pnpm/next@15.4.5_react-dom@18.3.1_react@18.3.1__react@18.3.1/node_modules/next/dist/compiled/next-server/pages-api.runtime.prod.js:1:100341)
    at async Module.m (/app/.next/server/pages/api/docker/stats/[...service].js:1:6306)
    at async NextNodeServer.runApi (/app/node_modules/.pnpm/next@15.4.5_react-dom@18.3.1_react@18.3.1__react@18.3.1/node_modules/next/dist/server/next-server.js:767:9)
    at async NextNodeServer.handleCatchallRenderRequest (/app/node_modules/.pnpm/next@15.4.5_react-dom@18.3.1_react@18.3.1__react@18.3.1/node_modules/next/dist/server/next-server.js:390:37)
    at async NextNodeServer.handleRequestImpl (/app/node_modules/.pnpm/next@15.4.5_react-dom@18.3.1_react@18.3.1__react@18.3.1/node_modules/next/dist/server/base-server.js:925:17)
    at async invokeRender (/app/node_modules/.pnpm/next@15.4.5_react-dom@18.3.1_react@18.3.1__react@18.3.1/node_modules/next/dist/server/lib/router-server.js:239:21)
[2025-08-20T02:43:18.993Z] error: undefined
[2025-08-20T02:43:18.998Z] error: <httpProxy> Error calling http://emby.host.or.ip2/emby/Items/Counts...
[2025-08-20T02:43:18.999Z] error: <httpProxy> [
  500,
  [Error: getaddrinfo ENOTFOUND emby.host.or.ip2] {
    errno: -3008,
    code: 'ENOTFOUND',
    syscall: 'getaddrinfo',
    hostname: 'emby.host.or.ip2'
  }
]
[2025-08-20T02:43:19.082Z] error: <httpProxy> Error calling http://sonarr.host.or.ip/api/v3/queue...
[2025-08-20T02:43:19.083Z] error: <httpProxy> [
  500,
  [Error: getaddrinfo ENOTFOUND sonarr.host.or.ip] {
    errno: -3008,
    code: 'ENOTFOUND',
    syscall: 'getaddrinfo',
    hostname: 'sonarr.host.or.ip'
  }
]
[2025-08-20T02:43:19.086Z] error: <httpProxy> Error calling http://sonarr.host.or.ip/api/v3/queue/details...
[2025-08-20T02:43:19.088Z] error: <httpProxy> [
  500,
  [Error: getaddrinfo ENOTFOUND sonarr.host.or.ip] {
    errno: -3008,
    code: 'ENOTFOUND',
    syscall: 'getaddrinfo',
    hostname: 'sonarr.host.or.ip'
  }
]
[2025-08-20T02:43:19.089Z] error: <httpProxy> Error calling http://radarr.host/api/v3/queue/status...
[2025-08-20T02:43:19.090Z] error: <httpProxy> [
  500,
  [Error: getaddrinfo ENOTFOUND radarr.host] {
    errno: -3008,
    code: 'ENOTFOUND',
    syscall: 'getaddrinfo',
    hostname: 'radarr.host'
  }
]
[2025-08-20T02:43:19.090Z] error: <httpProxy> Error calling http://sonarr.host/api/v3/wanted/missing...
[2025-08-20T02:43:19.091Z] error: <httpProxy> [
  500,
  [Error: getaddrinfo ENOTFOUND sonarr.host] {
    errno: -3008,
    code: 'ENOTFOUND',
    syscall: 'getaddrinfo',
    hostname: 'sonarr.host'
  }
]
[2025-08-20T02:43:19.137Z] error: <httpProxy> Error calling http://emby.host.or.ip/emby/Items/Counts...
[2025-08-20T02:43:19.138Z] error: <httpProxy> [
  500,
  [Error: getaddrinfo ENOTFOUND emby.host.or.ip] {
    errno: -3008,
    code: 'ENOTFOUND',
    syscall: 'getaddrinfo',
    hostname: 'emby.host.or.ip'
  }
]
[2025-08-20T02:43:19.139Z] error: <httpProxy> Error calling http://emby.host.or.ip/emby/Sessions...
[2025-08-20T02:43:19.139Z] error: <httpProxy> [
  500,
  [Error: getaddrinfo ENOTFOUND emby.host.or.ip] {
    errno: -3008,
    code: 'ENOTFOUND',
    syscall: 'getaddrinfo',
    hostname: 'emby.host.or.ip'
  }
]
[2025-08-20T02:43:19.212Z] error: <httpProxy> Error calling http://emby.host.or.ip2/emby/Sessions...
[2025-08-20T02:43:19.212Z] error: <httpProxy> [
  500,
  [Error: getaddrinfo ENOTFOUND emby.host.or.ip2] {
    errno: -3008,
    code: 'ENOTFOUND',
    syscall: 'getaddrinfo',
    hostname: 'emby.host.or.ip2'
  }
]
[2025-08-20T02:43:23.599Z] error: <dockerStatusService> TypeError: Cannot read properties of null (reading 'my-server')
    at k (/app/.next/server/chunks/1691.js:1:18170)
    at j (/app/.next/server/pages/api/docker/status/[...service].js:1:5714)
    at e7 (/app/node_modules/.pnpm/next@15.4.5_react-dom@18.3.1_react@18.3.1__react@18.3.1/node_modules/next/dist/compiled/next-server/pages-api.runtime.prod.js:1:99632)
    at process.processTicksAndRejections (node:internal/process/task_queues:105:5)
    at async te.render (/app/node_modules/.pnpm/next@15.4.5_react-dom@18.3.1_react@18.3.1__react@18.3.1/node_modules/next/dist/compiled/next-server/pages-api.runtime.prod.js:1:100341)
    at async Module.m (/app/.next/server/pages/api/docker/status/[...service].js:1:3281)
    at async NextNodeServer.runApi (/app/node_modules/.pnpm/next@15.4.5_react-dom@18.3.1_react@18.3.1__react@18.3.1/node_modules/next/dist/server/next-server.js:767:9)
    at async NextNodeServer.handleCatchallRenderRequest (/app/node_modules/.pnpm/next@15.4.5_react-dom@18.3.1_react@18.3.1__react@18.3.1/node_modules/next/dist/server/next-server.js:390:37)
    at async NextNodeServer.handleRequestImpl (/app/node_modules/.pnpm/next@15.4.5_react-dom@18.3.1_react@18.3.1__react@18.3.1/node_modules/next/dist/server/base-server.js:925:17)
    at async invokeRender (/app/node_modules/.pnpm/next@15.4.5_react-dom@18.3.1_react@18.3.1__react@18.3.1/node_modules/next/dist/server/lib/router-server.js:239:21)
[2025-08-20T02:43:23.609Z] error: <httpProxy> Error calling http://sonarr.host.or.ip/api/v3/series...
[2025-08-20T02:43:23.610Z] error: <httpProxy> [
  500,
  [Error: getaddrinfo ENOTFOUND sonarr.host.or.ip] {
    errno: -3008,
    code: 'ENOTFOUND',
    syscall: 'getaddrinfo',
    hostname: 'sonarr.host.or.ip'
  }
]
[2025-08-20T02:43:24.654Z] error: <dockerStatusService> TypeError: Cannot read properties of null (reading 'other-server')
    at k (/app/.next/server/chunks/1691.js:1:18170)
    at j (/app/.next/server/pages/api/docker/status/[...service].js:1:5714)
    at e7 (/app/node_modules/.pnpm/next@15.4.5_react-dom@18.3.1_react@18.3.1__react@18.3.1/node_modules/next/dist/compiled/next-server/pages-api.runtime.prod.js:1:99632)
    at process.processTicksAndRejections (node:internal/process/task_queues:105:5)
    at async te.render (/app/node_modules/.pnpm/next@15.4.5_react-dom@18.3.1_react@18.3.1__react@18.3.1/node_modules/next/dist/compiled/next-server/pages-api.runtime.prod.js:1:100341)
    at async Module.m (/app/.next/server/pages/api/docker/status/[...service].js:1:3281)
    at async NextNodeServer.runApi (/app/node_modules/.pnpm/next@15.4.5_react-dom@18.3.1_react@18.3.1__react@18.3.1/node_modules/next/dist/server/next-server.js:767:9)
    at async NextNodeServer.handleCatchallRenderRequest (/app/node_modules/.pnpm/next@15.4.5_react-dom@18.3.1_react@18.3.1__react@18.3.1/node_modules/next/dist/server/next-server.js:390:37)
    at async NextNodeServer.handleRequestImpl (/app/node_modules/.pnpm/next@15.4.5_react-dom@18.3.1_react@18.3.1__react@18.3.1/node_modules/next/dist/server/base-server.js:925:17)
    at async invokeRender (/app/node_modules/.pnpm/next@15.4.5_react-dom@18.3.1_react@18.3.1__react@18.3.1/node_modules/next/dist/server/lib/router-server.js:239:21)
[2025-08-20T02:43:24.681Z] error: undefined
[2025-08-20T02:43:24.682Z] error: <httpProxy> Error calling http://radarr.host/api/v3/queue/details...
[2025-08-20T02:43:24.683Z] error: <httpProxy> [
  500,
  [Error: getaddrinfo ENOTFOUND radarr.host] {
    errno: -3008,
    code: 'ENOTFOUND',
    syscall: 'getaddrinfo',
    hostname: 'radarr.host'
  }
]
[2025-08-20T02:43:24.684Z] error: <httpProxy> Error calling http://radarr.host/api/v3/movie...
[2025-08-20T02:43:24.685Z] error: <httpProxy> [
  500,
  [Error: getaddrinfo ENOTFOUND radarr.host] {
    errno: -3008,
    code: 'ENOTFOUND',
    syscall: 'getaddrinfo',
    hostname: 'radarr.host'
  }
]
[2025-08-20T02:43:24.686Z] error: <httpProxy> Error calling http://sonarr.host.or.ip/api/v3/wanted/missing...
[2025-08-20T02:43:24.687Z] error: <httpProxy> [
  500,
  [Error: getaddrinfo ENOTFOUND sonarr.host.or.ip] {
    errno: -3008,
    code: 'ENOTFOUND',
    syscall: 'getaddrinfo',
    hostname: 'sonarr.host.or.ip'
  }
]
[2025-08-20T02:45:01.296Z] error: <httpProxy> Error calling http://emby.host.or.ip/emby/Items/Counts...
[2025-08-20T02:45:01.297Z] error: <httpProxy> [
  500,
  [Error: getaddrinfo ENOTFOUND emby.host.or.ip] {
    errno: -3008,
    code: 'ENOTFOUND',
    syscall: 'getaddrinfo',
    hostname: 'emby.host.or.ip'
  }
]
[2025-08-20T02:45:01.301Z] error: <httpProxy> Error calling http://sonarr.host/api/v3/series...
[2025-08-20T02:45:01.301Z] error: <httpProxy> [
  500,
  [Error: getaddrinfo ENOTFOUND sonarr.host] {
    errno: -3008,
    code: 'ENOTFOUND',
    syscall: 'getaddrinfo',
    hostname: 'sonarr.host'
  }
]
[2025-08-20T02:45:01.303Z] error: <httpProxy> Error calling http://emby.host.or.ip2/emby/Sessions...
[2025-08-20T02:45:01.303Z] error: <httpProxy> [
  500,
  [Error: getaddrinfo ENOTFOUND emby.host.or.ip2] {
    errno: -3008,
    code: 'ENOTFOUND',
    syscall: 'getaddrinfo',
    hostname: 'emby.host.or.ip2'
  }
]
[2025-08-20T02:45:01.308Z] error: <httpProxy> Error calling http://sonarr.host/api/v3/queue/details...
[2025-08-20T02:45:01.309Z] error: <httpProxy> [
  500,
  [Error: getaddrinfo ENOTFOUND sonarr.host] {
    errno: -3008,
    code: 'ENOTFOUND',
    syscall: 'getaddrinfo',
    hostname: 'sonarr.host'
  }
]
[2025-08-20T02:45:01.311Z] error: <httpProxy> Error calling http://sonarr.host/api/v3/queue...
[2025-08-20T02:45:01.311Z] error: <httpProxy> [
  500,
  [Error: getaddrinfo ENOTFOUND sonarr.host] {
    errno: -3008,
    code: 'ENOTFOUND',
    syscall: 'getaddrinfo',
    hostname: 'sonarr.host'
  }
]
[2025-08-20T02:45:01.327Z] error: <httpProxy> Error calling http://radarr.host/api/v3/movie...
[2025-08-20T02:45:01.329Z] error: <httpProxy> [
  500,
  [Error: getaddrinfo ENOTFOUND radarr.host] {
    errno: -3008,
    code: 'ENOTFOUND',
    syscall: 'getaddrinfo',
    hostname: 'radarr.host'
  }
]
[2025-08-20T02:45:01.436Z] error: <dockerStatusService> TypeError: Cannot read properties of null (reading 'my-server')
    at k (/app/.next/server/chunks/1691.js:1:18170)
    at j (/app/.next/server/pages/api/docker/status/[...service].js:1:5714)
    at e7 (/app/node_modules/.pnpm/next@15.4.5_react-dom@18.3.1_react@18.3.1__react@18.3.1/node_modules/next/dist/compiled/next-server/pages-api.runtime.prod.js:1:99632)
    at process.processTicksAndRejections (node:internal/process/task_queues:105:5)
    at async te.render (/app/node_modules/.pnpm/next@15.4.5_react-dom@18.3.1_react@18.3.1__react@18.3.1/node_modules/next/dist/compiled/next-server/pages-api.runtime.prod.js:1:100341)
    at async Module.m (/app/.next/server/pages/api/docker/status/[...service].js:1:3281)
    at async NextNodeServer.runApi (/app/node_modules/.pnpm/next@15.4.5_react-dom@18.3.1_react@18.3.1__react@18.3.1/node_modules/next/dist/server/next-server.js:767:9)
    at async NextNodeServer.handleCatchallRenderRequest (/app/node_modules/.pnpm/next@15.4.5_react-dom@18.3.1_react@18.3.1__react@18.3.1/node_modules/next/dist/server/next-server.js:390:37)
    at async NextNodeServer.handleRequestImpl (/app/node_modules/.pnpm/next@15.4.5_react-dom@18.3.1_react@18.3.1__react@18.3.1/node_modules/next/dist/server/base-server.js:925:17)
    at async invokeRender (/app/node_modules/.pnpm/next@15.4.5_react-dom@18.3.1_react@18.3.1__react@18.3.1/node_modules/next/dist/server/lib/router-server.js:239:21)
[2025-08-20T02:45:01.463Z] error: undefined
[2025-08-20T02:45:01.473Z] error: <httpProxy> Error calling http://sonarr.host.or.ip/api/v3/wanted/missing...
[2025-08-20T02:45:01.474Z] error: <httpProxy> [
  500,
  [Error: getaddrinfo ENOTFOUND sonarr.host.or.ip] {
    errno: -3008,
    code: 'ENOTFOUND',
    syscall: 'getaddrinfo',
    hostname: 'sonarr.host.or.ip'
  }
]
[2025-08-20T02:45:01.475Z] error: <httpProxy> Error calling http://sonarr.host.or.ip/api/v3/queue...
[2025-08-20T02:45:01.475Z] error: <httpProxy> [
  500,
  [Error: getaddrinfo ENOTFOUND sonarr.host.or.ip] {
    errno: -3008,
    code: 'ENOTFOUND',
    syscall: 'getaddrinfo',
    hostname: 'sonarr.host.or.ip'
  }
]
[2025-08-20T02:45:01.487Z] error: <httpProxy> Error calling http://emby.host.or.ip2/emby/Items/Counts...
[2025-08-20T02:45:01.488Z] error: <httpProxy> [
  500,
  [Error: getaddrinfo ENOTFOUND emby.host.or.ip2] {
    errno: -3008,
    code: 'ENOTFOUND',
    syscall: 'getaddrinfo',
    hostname: 'emby.host.or.ip2'
  }
]
[2025-08-20T02:45:01.513Z] error: undefined
[2025-08-20T02:45:01.558Z] error: <httpProxy> Error calling http://radarr.host/api/v3/queue/status...
[2025-08-20T02:45:01.559Z] error: <httpProxy> [
  500,
  [Error: getaddrinfo ENOTFOUND radarr.host] {
    errno: -3008,
    code: 'ENOTFOUND',
    syscall: 'getaddrinfo',
    hostname: 'radarr.host'
  }
]
[2025-08-20T02:45:01.588Z] error: <httpProxy> Error calling http://radarr.host/api/v3/queue/details...
[2025-08-20T02:45:01.589Z] error: <httpProxy> [
  500,
  [Error: getaddrinfo ENOTFOUND radarr.host] {
    errno: -3008,
    code: 'ENOTFOUND',
    syscall: 'getaddrinfo',
    hostname: 'radarr.host'
  }
]
[2025-08-20T02:45:01.595Z] error: <dockerStatsService> TypeError: Cannot read properties of null (reading 'my-server')
    at k (/app/.next/server/chunks/1691.js:1:18170)
    at j (/app/.next/server/pages/api/docker/stats/[...service].js:1:1990)
    at e7 (/app/node_modules/.pnpm/next@15.4.5_react-dom@18.3.1_react@18.3.1__react@18.3.1/node_modules/next/dist/compiled/next-server/pages-api.runtime.prod.js:1:99632)
    at process.processTicksAndRejections (node:internal/process/task_queues:105:5)
    at async te.render (/app/node_modules/.pnpm/next@15.4.5_react-dom@18.3.1_react@18.3.1__react@18.3.1/node_modules/next/dist/compiled/next-server/pages-api.runtime.prod.js:1:100341)
    at async Module.m (/app/.next/server/pages/api/docker/stats/[...service].js:1:6306)
    at async NextNodeServer.runApi (/app/node_modules/.pnpm/next@15.4.5_react-dom@18.3.1_react@18.3.1__react@18.3.1/node_modules/next/dist/server/next-server.js:767:9)
    at async NextNodeServer.handleCatchallRenderRequest (/app/node_modules/.pnpm/next@15.4.5_react-dom@18.3.1_react@18.3.1__react@18.3.1/node_modules/next/dist/server/next-server.js:390:37)
    at async NextNodeServer.handleRequestImpl (/app/node_modules/.pnpm/next@15.4.5_react-dom@18.3.1_react@18.3.1__react@18.3.1/node_modules/next/dist/server/base-server.js:925:17)
    at async invokeRender (/app/node_modules/.pnpm/next@15.4.5_react-dom@18.3.1_react@18.3.1__react@18.3.1/node_modules/next/dist/server/lib/router-server.js:239:21)
[2025-08-20T02:45:01.600Z] error: <dockerStatsService> TypeError: Cannot read properties of null (reading 'other-server')
    at k (/app/.next/server/chunks/1691.js:1:18170)
    at j (/app/.next/server/pages/api/docker/stats/[...service].js:1:1990)
    at e7 (/app/node_modules/.pnpm/next@15.4.5_react-dom@18.3.1_react@18.3.1__react@18.3.1/node_modules/next/dist/compiled/next-server/pages-api.runtime.prod.js:1:99632)
    at process.processTicksAndRejections (node:internal/process/task_queues:105:5)
    at async te.render (/app/node_modules/.pnpm/next@15.4.5_react-dom@18.3.1_react@18.3.1__react@18.3.1/node_modules/next/dist/compiled/next-server/pages-api.runtime.prod.js:1:100341)
    at async Module.m (/app/.next/server/pages/api/docker/stats/[...service].js:1:6306)
    at async NextNodeServer.runApi (/app/node_modules/.pnpm/next@15.4.5_react-dom@18.3.1_react@18.3.1__react@18.3.1/node_modules/next/dist/server/next-server.js:767:9)
    at async NextNodeServer.handleCatchallRenderRequest (/app/node_modules/.pnpm/next@15.4.5_react-dom@18.3.1_react@18.3.1__react@18.3.1/node_modules/next/dist/server/next-server.js:390:37)
    at async NextNodeServer.handleRequestImpl (/app/node_modules/.pnpm/next@15.4.5_react-dom@18.3.1_react@18.3.1__react@18.3.1/node_modules/next/dist/server/base-server.js:925:17)
    at async invokeRender (/app/node_modules/.pnpm/next@15.4.5_react-dom@18.3.1_react@18.3.1__react@18.3.1/node_modules/next/dist/server/lib/router-server.js:239:21)
[2025-08-20T02:45:01.696Z] error: <httpProxy> Error calling http://emby.host.or.ip/emby/Sessions...
[2025-08-20T02:45:01.697Z] error: <httpProxy> [
  500,
  [Error: getaddrinfo ENOTFOUND emby.host.or.ip] {
    errno: -3008,
    code: 'ENOTFOUND',
    syscall: 'getaddrinfo',
    hostname: 'emby.host.or.ip'
  }
]
[2025-08-20T02:45:01.705Z] error: <dockerStatusService> TypeError: Cannot read properties of null (reading 'other-server')
    at k (/app/.next/server/chunks/1691.js:1:18170)
    at j (/app/.next/server/pages/api/docker/status/[...service].js:1:5714)
    at e7 (/app/node_modules/.pnpm/next@15.4.5_react-dom@18.3.1_react@18.3.1__react@18.3.1/node_modules/next/dist/compiled/next-server/pages-api.runtime.prod.js:1:99632)
    at process.processTicksAndRejections (node:internal/process/task_queues:105:5)
    at async te.render (/app/node_modules/.pnpm/next@15.4.5_react-dom@18.3.1_react@18.3.1__react@18.3.1/node_modules/next/dist/compiled/next-server/pages-api.runtime.prod.js:1:100341)
    at async Module.m (/app/.next/server/pages/api/docker/status/[...service].js:1:3281)
    at async NextNodeServer.runApi (/app/node_modules/.pnpm/next@15.4.5_react-dom@18.3.1_react@18.3.1__react@18.3.1/node_modules/next/dist/server/next-server.js:767:9)
    at async NextNodeServer.handleCatchallRenderRequest (/app/node_modules/.pnpm/next@15.4.5_react-dom@18.3.1_react@18.3.1__react@18.3.1/node_modules/next/dist/server/next-server.js:390:37)
    at async NextNodeServer.handleRequestImpl (/app/node_modules/.pnpm/next@15.4.5_react-dom@18.3.1_react@18.3.1__react@18.3.1/node_modules/next/dist/server/base-server.js:925:17)
    at async invokeRender (/app/node_modules/.pnpm/next@15.4.5_react-dom@18.3.1_react@18.3.1__react@18.3.1/node_modules/next/dist/server/lib/router-server.js:239:21)
[2025-08-20T02:45:01.731Z] error: <httpProxy> Error calling http://sonarr.host/api/v3/wanted/missing...
[2025-08-20T02:45:01.732Z] error: <httpProxy> [
  500,
  [Error: getaddrinfo ENOTFOUND sonarr.host] {
    errno: -3008,
    code: 'ENOTFOUND',
    syscall: 'getaddrinfo',
    hostname: 'sonarr.host'
  }
]
[2025-08-20T02:45:01.734Z] error: <httpProxy> Error calling http://sonarr.host.or.ip/api/v3/series...
[2025-08-20T02:45:01.734Z] error: <httpProxy> [
  500,
  [Error: getaddrinfo ENOTFOUND sonarr.host.or.ip] {
    errno: -3008,
    code: 'ENOTFOUND',
    syscall: 'getaddrinfo',
    hostname: 'sonarr.host.or.ip'
  }
]
[2025-08-20T02:45:01.736Z] error: <httpProxy> Error calling http://sonarr.host.or.ip/api/v3/queue/details...
[2025-08-20T02:45:01.737Z] error: <httpProxy> [
  500,
  [Error: getaddrinfo ENOTFOUND sonarr.host.or.ip] {
    errno: -3008,
    code: 'ENOTFOUND',
    syscall: 'getaddrinfo',
    hostname: 'sonarr.host.or.ip'
  }
]
[2025-08-20T02:45:06.601Z] error: <httpProxy> Error calling http://emby.host.or.ip/emby/Items/Counts...
[2025-08-20T02:45:06.602Z] error: <httpProxy> [
  500,
  [Error: getaddrinfo ENOTFOUND emby.host.or.ip] {
    errno: -3008,
    code: 'ENOTFOUND',
    syscall: 'getaddrinfo',
    hostname: 'emby.host.or.ip'
  }
]
[2025-08-20T02:45:06.680Z] error: <dockerStatusService> TypeError: Cannot read properties of null (reading 'my-server')
    at k (/app/.next/server/chunks/1691.js:1:18170)
    at j (/app/.next/server/pages/api/docker/status/[...service].js:1:5714)
    at e7 (/app/node_modules/.pnpm/next@15.4.5_react-dom@18.3.1_react@18.3.1__react@18.3.1/node_modules/next/dist/compiled/next-server/pages-api.runtime.prod.js:1:99632)
    at process.processTicksAndRejections (node:internal/process/task_queues:105:5)
    at async te.render (/app/node_modules/.pnpm/next@15.4.5_react-dom@18.3.1_react@18.3.1__react@18.3.1/node_modules/next/dist/compiled/next-server/pages-api.runtime.prod.js:1:100341)
    at async Module.m (/app/.next/server/pages/api/docker/status/[...service].js:1:3281)
    at async NextNodeServer.runApi (/app/node_modules/.pnpm/next@15.4.5_react-dom@18.3.1_react@18.3.1__react@18.3.1/node_modules/next/dist/server/next-server.js:767:9)
    at async NextNodeServer.handleCatchallRenderRequest (/app/node_modules/.pnpm/next@15.4.5_react-dom@18.3.1_react@18.3.1__react@18.3.1/node_modules/next/dist/server/next-server.js:390:37)
    at async NextNodeServer.handleRequestImpl (/app/node_modules/.pnpm/next@15.4.5_react-dom@18.3.1_react@18.3.1__react@18.3.1/node_modules/next/dist/server/base-server.js:925:17)
    at async invokeRender (/app/node_modules/.pnpm/next@15.4.5_react-dom@18.3.1_react@18.3.1__react@18.3.1/node_modules/next/dist/server/lib/router-server.js:239:21)
[2025-08-20T02:45:06.694Z] error: <httpProxy> Error calling http://emby.host.or.ip2/emby/Sessions...
[2025-08-20T02:45:06.695Z] error: <httpProxy> [
  500,
  [Error: getaddrinfo ENOTFOUND emby.host.or.ip2] {
    errno: -3008,
    code: 'ENOTFOUND',
    syscall: 'getaddrinfo',
    hostname: 'emby.host.or.ip2'
  }
]
[2025-08-20T02:45:06.696Z] error: <httpProxy> Error calling http://radarr.host/api/v3/movie...
[2025-08-20T02:45:06.696Z] error: <httpProxy> [
  500,
  [Error: getaddrinfo ENOTFOUND radarr.host] {
    errno: -3008,
    code: 'ENOTFOUND',
    syscall: 'getaddrinfo',
    hostname: 'radarr.host'
  }
]
[2025-08-20T02:45:06.698Z] error: <httpProxy> Error calling http://sonarr.host.or.ip/api/v3/wanted/missing...
[2025-08-20T02:45:06.698Z] error: <httpProxy> [
  500,
  [Error: getaddrinfo ENOTFOUND sonarr.host.or.ip] {
    errno: -3008,
    code: 'ENOTFOUND',
    syscall: 'getaddrinfo',
    hostname: 'sonarr.host.or.ip'
  }
]
[2025-08-20T02:45:06.699Z] error: <httpProxy> Error calling http://emby.host.or.ip2/emby/Items/Counts...
[2025-08-20T02:45:06.699Z] error: <httpProxy> [
  500,
  [Error: getaddrinfo ENOTFOUND emby.host.or.ip2] {
    errno: -3008,
    code: 'ENOTFOUND',
    syscall: 'getaddrinfo',
    hostname: 'emby.host.or.ip2'
  }
]
[2025-08-20T02:45:06.724Z] error: undefined
[2025-08-20T02:45:07.596Z] error: <dockerStatsService> TypeError: Cannot read properties of null (reading 'other-server')
    at k (/app/.next/server/chunks/1691.js:1:18170)
    at j (/app/.next/server/pages/api/docker/stats/[...service].js:1:1990)
    at e7 (/app/node_modules/.pnpm/next@15.4.5_react-dom@18.3.1_react@18.3.1__react@18.3.1/node_modules/next/dist/compiled/next-server/pages-api.runtime.prod.js:1:99632)
    at process.processTicksAndRejections (node:internal/process/task_queues:105:5)
    at async te.render (/app/node_modules/.pnpm/next@15.4.5_react-dom@18.3.1_react@18.3.1__react@18.3.1/node_modules/next/dist/compiled/next-server/pages-api.runtime.prod.js:1:100341)
    at async Module.m (/app/.next/server/pages/api/docker/stats/[...service].js:1:6306)
    at async NextNodeServer.runApi (/app/node_modules/.pnpm/next@15.4.5_react-dom@18.3.1_react@18.3.1__react@18.3.1/node_modules/next/dist/server/next-server.js:767:9)
    at async NextNodeServer.handleCatchallRenderRequest (/app/node_modules/.pnpm/next@15.4.5_react-dom@18.3.1_react@18.3.1__react@18.3.1/node_modules/next/dist/server/next-server.js:390:37)
    at async NextNodeServer.handleRequestImpl (/app/node_modules/.pnpm/next@15.4.5_react-dom@18.3.1_react@18.3.1__react@18.3.1/node_modules/next/dist/server/base-server.js:925:17)
    at async invokeRender (/app/node_modules/.pnpm/next@15.4.5_react-dom@18.3.1_react@18.3.1__react@18.3.1/node_modules/next/dist/server/lib/router-server.js:239:21)
[2025-08-20T02:45:07.601Z] error: <httpProxy> Error calling http://radarr.host/api/v3/queue/details...
[2025-08-20T02:45:07.601Z] error: <httpProxy> [
  500,
  [Error: getaddrinfo ENOTFOUND radarr.host] {
    errno: -3008,
    code: 'ENOTFOUND',
    syscall: 'getaddrinfo',
    hostname: 'radarr.host'
  }
]
[2025-08-20T02:45:11.653Z] error: <httpProxy> Error calling http://sonarr.host/api/v3/series...
[2025-08-20T02:45:11.654Z] error: <httpProxy> [
  500,
  [Error: getaddrinfo ENOTFOUND sonarr.host] {
    errno: -3008,
    code: 'ENOTFOUND',
    syscall: 'getaddrinfo',
    hostname: 'sonarr.host'
  }
]
[2025-08-20T02:45:11.659Z] error: undefined
[2025-08-20T02:45:11.657Z] error: <httpProxy> Error calling http://sonarr.host/api/v3/queue/details...
[2025-08-20T02:45:11.658Z] error: <httpProxy> [
  500,
  [Error: getaddrinfo ENOTFOUND sonarr.host] {
    errno: -3008,
    code: 'ENOTFOUND',
    syscall: 'getaddrinfo',
    hostname: 'sonarr.host'
  }
]
[2025-08-20T02:45:11.660Z] error: <httpProxy> Error calling http://sonarr.host/api/v3/queue...
[2025-08-20T02:45:11.660Z] error: <httpProxy> [
  500,
  [Error: getaddrinfo ENOTFOUND sonarr.host] {
    errno: -3008,
    code: 'ENOTFOUND',
    syscall: 'getaddrinfo',
    hostname: 'sonarr.host'
  }
]
[2025-08-20T02:45:11.664Z] error: <httpProxy> Error calling http://sonarr.host.or.ip/api/v3/queue...
[2025-08-20T02:45:11.664Z] error: <httpProxy> [
  500,
  [Error: getaddrinfo ENOTFOUND sonarr.host.or.ip] {
    errno: -3008,
    code: 'ENOTFOUND',
    syscall: 'getaddrinfo',
    hostname: 'sonarr.host.or.ip'
  }
]
[2025-08-20T02:45:12.667Z] error: <dockerStatsService> TypeError: Cannot read properties of null (reading 'my-server')
    at k (/app/.next/server/chunks/1691.js:1:18170)
    at j (/app/.next/server/pages/api/docker/stats/[...service].js:1:1990)
    at e7 (/app/node_modules/.pnpm/next@15.4.5_react-dom@18.3.1_react@18.3.1__react@18.3.1/node_modules/next/dist/compiled/next-server/pages-api.runtime.prod.js:1:99632)
    at process.processTicksAndRejections (node:internal/process/task_queues:105:5)
    at async te.render (/app/node_modules/.pnpm/next@15.4.5_react-dom@18.3.1_react@18.3.1__react@18.3.1/node_modules/next/dist/compiled/next-server/pages-api.runtime.prod.js:1:100341)
    at async Module.m (/app/.next/server/pages/api/docker/stats/[...service].js:1:6306)
    at async NextNodeServer.runApi (/app/node_modules/.pnpm/next@15.4.5_react-dom@18.3.1_react@18.3.1__react@18.3.1/node_modules/next/dist/server/next-server.js:767:9)
    at async NextNodeServer.handleCatchallRenderRequest (/app/node_modules/.pnpm/next@15.4.5_react-dom@18.3.1_react@18.3.1__react@18.3.1/node_modules/next/dist/server/next-server.js:390:37)
    at async NextNodeServer.handleRequestImpl (/app/node_modules/.pnpm/next@15.4.5_react-dom@18.3.1_react@18.3.1__react@18.3.1/node_modules/next/dist/server/base-server.js:925:17)
    at async invokeRender (/app/node_modules/.pnpm/next@15.4.5_react-dom@18.3.1_react@18.3.1__react@18.3.1/node_modules/next/dist/server/lib/router-server.js:239:21)
[2025-08-20T02:45:12.673Z] error: <httpProxy> Error calling http://radarr.host/api/v3/queue/status...
[2025-08-20T02:45:12.673Z] error: <httpProxy> [
  500,
  [Error: getaddrinfo ENOTFOUND radarr.host] {
    errno: -3008,
    code: 'ENOTFOUND',
    syscall: 'getaddrinfo',
    hostname: 'radarr.host'
  }
]
[2025-08-20T02:54:05.118Z] error: <httpProxy> Error calling http://emby.host.or.ip2/emby/Sessions...
[2025-08-20T02:54:05.119Z] error: <httpProxy> [
  500,
  [Error: getaddrinfo ENOTFOUND emby.host.or.ip2] {
    errno: -3008,
    code: 'ENOTFOUND',
    syscall: 'getaddrinfo',
    hostname: 'emby.host.or.ip2'
  }
]
[2025-08-20T02:54:05.123Z] error: <httpProxy> Error calling http://emby.host.or.ip2/emby/Items/Counts...
[2025-08-20T02:54:05.124Z] error: <httpProxy> [
  500,
  [Error: getaddrinfo ENOTFOUND emby.host.or.ip2] {
    errno: -3008,
    code: 'ENOTFOUND',
    syscall: 'getaddrinfo',
    hostname: 'emby.host.or.ip2'
  }
]
[2025-08-20T02:54:05.126Z] error: <httpProxy> Error calling http://emby.host.or.ip/emby/Sessions...
[2025-08-20T02:54:05.127Z] error: <httpProxy> [
  500,
  [Error: getaddrinfo ENOTFOUND emby.host.or.ip] {
    errno: -3008,
    code: 'ENOTFOUND',
    syscall: 'getaddrinfo',
    hostname: 'emby.host.or.ip'
  }
]
[2025-08-20T02:54:05.129Z] error: <httpProxy> Error calling http://sonarr.host.or.ip/api/v3/wanted/missing...
[2025-08-20T02:54:05.129Z] error: <httpProxy> [
  500,
  [Error: getaddrinfo ENOTFOUND sonarr.host.or.ip] {
    errno: -3008,
    code: 'ENOTFOUND',
    syscall: 'getaddrinfo',
    hostname: 'sonarr.host.or.ip'
  }
]
[2025-08-20T02:54:05.131Z] error: <httpProxy> Error calling http://emby.host.or.ip/emby/Items/Counts...
[2025-08-20T02:54:05.131Z] error: <httpProxy> [
  500,
  [Error: getaddrinfo ENOTFOUND emby.host.or.ip] {
    errno: -3008,
    code: 'ENOTFOUND',
    syscall: 'getaddrinfo',
    hostname: 'emby.host.or.ip'
  }
]
[2025-08-20T02:54:05.249Z] error: <dockerStatusService> TypeError: Cannot read properties of null (reading 'my-server')
    at k (/app/.next/server/chunks/1691.js:1:18170)
    at j (/app/.next/server/pages/api/docker/status/[...service].js:1:5714)
    at e7 (/app/node_modules/.pnpm/next@15.4.5_react-dom@18.3.1_react@18.3.1__react@18.3.1/node_modules/next/dist/compiled/next-server/pages-api.runtime.prod.js:1:99632)
    at process.processTicksAndRejections (node:internal/process/task_queues:105:5)
    at async te.render (/app/node_modules/.pnpm/next@15.4.5_react-dom@18.3.1_react@18.3.1__react@18.3.1/node_modules/next/dist/compiled/next-server/pages-api.runtime.prod.js:1:100341)
    at async Module.m (/app/.next/server/pages/api/docker/status/[...service].js:1:3281)
    at async NextNodeServer.runApi (/app/node_modules/.pnpm/next@15.4.5_react-dom@18.3.1_react@18.3.1__react@18.3.1/node_modules/next/dist/server/next-server.js:767:9)
    at async NextNodeServer.handleCatchallRenderRequest (/app/node_modules/.pnpm/next@15.4.5_react-dom@18.3.1_react@18.3.1__react@18.3.1/node_modules/next/dist/server/next-server.js:390:37)
    at async NextNodeServer.handleRequestImpl (/app/node_modules/.pnpm/next@15.4.5_react-dom@18.3.1_react@18.3.1__react@18.3.1/node_modules/next/dist/server/base-server.js:925:17)
    at async invokeRender (/app/node_modules/.pnpm/next@15.4.5_react-dom@18.3.1_react@18.3.1__react@18.3.1/node_modules/next/dist/server/lib/router-server.js:239:21)
[2025-08-20T02:54:05.255Z] error: <dockerStatusService> TypeError: Cannot read properties of null (reading 'other-server')
    at k (/app/.next/server/chunks/1691.js:1:18170)
    at j (/app/.next/server/pages/api/docker/status/[...service].js:1:5714)
    at e7 (/app/node_modules/.pnpm/next@15.4.5_react-dom@18.3.1_react@18.3.1__react@18.3.1/node_modules/next/dist/compiled/next-server/pages-api.runtime.prod.js:1:99632)
    at process.processTicksAndRejections (node:internal/process/task_queues:105:5)
    at async te.render (/app/node_modules/.pnpm/next@15.4.5_react-dom@18.3.1_react@18.3.1__react@18.3.1/node_modules/next/dist/compiled/next-server/pages-api.runtime.prod.js:1:100341)
    at async Module.m (/app/.next/server/pages/api/docker/status/[...service].js:1:3281)
    at async NextNodeServer.runApi (/app/node_modules/.pnpm/next@15.4.5_react-dom@18.3.1_react@18.3.1__react@18.3.1/node_modules/next/dist/server/next-server.js:767:9)
    at async NextNodeServer.handleCatchallRenderRequest (/app/node_modules/.pnpm/next@15.4.5_react-dom@18.3.1_react@18.3.1__react@18.3.1/node_modules/next/dist/server/next-server.js:390:37)
    at async NextNodeServer.handleRequestImpl (/app/node_modules/.pnpm/next@15.4.5_react-dom@18.3.1_react@18.3.1__react@18.3.1/node_modules/next/dist/server/base-server.js:925:17)
    at async invokeRender (/app/node_modules/.pnpm/next@15.4.5_react-dom@18.3.1_react@18.3.1__react@18.3.1/node_modules/next/dist/server/lib/router-server.js:239:21)
[2025-08-20T02:54:05.263Z] error: <httpProxy> Error calling http://sonarr.host.or.ip/api/v3/series...
[2025-08-20T02:54:05.264Z] error: <httpProxy> [
  500,
  [Error: getaddrinfo ENOTFOUND sonarr.host.or.ip] {
    errno: -3008,
    code: 'ENOTFOUND',
    syscall: 'getaddrinfo',
    hostname: 'sonarr.host.or.ip'
  }
]
[2025-08-20T02:54:05.266Z] error: <httpProxy> Error calling http://sonarr.host.or.ip/api/v3/queue/details...
[2025-08-20T02:54:05.266Z] error: <httpProxy> [
  500,
  [Error: getaddrinfo ENOTFOUND sonarr.host.or.ip] {
    errno: -3008,
    code: 'ENOTFOUND',
    syscall: 'getaddrinfo',
    hostname: 'sonarr.host.or.ip'
  }
]
[2025-08-20T02:54:05.273Z] error: <httpProxy> Error calling http://sonarr.host/api/v3/wanted/missing...
[2025-08-20T02:54:05.274Z] error: <httpProxy> [
  500,
  [Error: getaddrinfo ENOTFOUND sonarr.host] {
    errno: -3008,
    code: 'ENOTFOUND',
    syscall: 'getaddrinfo',
    hostname: 'sonarr.host'
  }
]
[2025-08-20T02:54:05.377Z] error: <httpProxy> Error calling http://radarr.host/api/v3/movie...
[2025-08-20T02:54:05.378Z] error: <httpProxy> [
  500,
  [Error: getaddrinfo ENOTFOUND radarr.host] {
    errno: -3008,
    code: 'ENOTFOUND',
    syscall: 'getaddrinfo',
    hostname: 'radarr.host'
  }
]
[2025-08-20T02:54:05.400Z] error: <httpProxy> Error calling http://sonarr.host.or.ip/api/v3/queue...
[2025-08-20T02:54:05.401Z] error: <httpProxy> [
  500,
  [Error: getaddrinfo ENOTFOUND sonarr.host.or.ip] {
    errno: -3008,
    code: 'ENOTFOUND',
    syscall: 'getaddrinfo',
    hostname: 'sonarr.host.or.ip'
  }
]
[2025-08-20T02:54:05.413Z] error: <httpProxy> Error calling http://radarr.host/api/v3/queue/status...
[2025-08-20T02:54:05.413Z] error: <httpProxy> [
  500,
  [Error: getaddrinfo ENOTFOUND radarr.host] {
    errno: -3008,
    code: 'ENOTFOUND',
    syscall: 'getaddrinfo',
    hostname: 'radarr.host'
  }
]
[2025-08-20T02:54:05.415Z] error: <httpProxy> Error calling http://radarr.host/api/v3/queue/details...
[2025-08-20T02:54:05.415Z] error: <httpProxy> [
  500,
  [Error: getaddrinfo ENOTFOUND radarr.host] {
    errno: -3008,
    code: 'ENOTFOUND',
    syscall: 'getaddrinfo',
    hostname: 'radarr.host'
  }
]
[2025-08-20T02:54:05.465Z] error: undefined
[2025-08-20T02:54:05.467Z] error: undefined
[2025-08-20T02:54:05.565Z] error: <httpProxy> Error calling http://sonarr.host/api/v3/queue...
[2025-08-20T02:54:05.566Z] error: <httpProxy> [
  500,
  [Error: getaddrinfo ENOTFOUND sonarr.host] {
    errno: -3008,
    code: 'ENOTFOUND',
    syscall: 'getaddrinfo',
    hostname: 'sonarr.host'
  }
]
[2025-08-20T02:54:05.591Z] error: <httpProxy> Error calling http://sonarr.host/api/v3/series...
[2025-08-20T02:54:05.592Z] error: <httpProxy> [
  500,
  [Error: getaddrinfo ENOTFOUND sonarr.host] {
    errno: -3008,
    code: 'ENOTFOUND',
    syscall: 'getaddrinfo',
    hostname: 'sonarr.host'
  }
]
[2025-08-20T02:54:05.593Z] error: <httpProxy> Error calling http://sonarr.host/api/v3/queue/details...
[2025-08-20T02:54:05.593Z] error: <httpProxy> [
  500,
  [Error: getaddrinfo ENOTFOUND sonarr.host] {
    errno: -3008,
    code: 'ENOTFOUND',
    syscall: 'getaddrinfo',
    hostname: 'sonarr.host'
  }
]
[2025-08-20T02:54:05.598Z] error: <dockerStatsService> TypeError: Cannot read properties of null (reading 'my-server')
    at k (/app/.next/server/chunks/1691.js:1:18170)
    at j (/app/.next/server/pages/api/docker/stats/[...service].js:1:1990)
    at e7 (/app/node_modules/.pnpm/next@15.4.5_react-dom@18.3.1_react@18.3.1__react@18.3.1/node_modules/next/dist/compiled/next-server/pages-api.runtime.prod.js:1:99632)
    at process.processTicksAndRejections (node:internal/process/task_queues:105:5)
    at async te.render (/app/node_modules/.pnpm/next@15.4.5_react-dom@18.3.1_react@18.3.1__react@18.3.1/node_modules/next/dist/compiled/next-server/pages-api.runtime.prod.js:1:100341)
    at async Module.m (/app/.next/server/pages/api/docker/stats/[...service].js:1:6306)
    at async NextNodeServer.runApi (/app/node_modules/.pnpm/next@15.4.5_react-dom@18.3.1_react@18.3.1__react@18.3.1/node_modules/next/dist/server/next-server.js:767:9)
    at async NextNodeServer.handleCatchallRenderRequest (/app/node_modules/.pnpm/next@15.4.5_react-dom@18.3.1_react@18.3.1__react@18.3.1/node_modules/next/dist/server/next-server.js:390:37)
    at async NextNodeServer.handleRequestImpl (/app/node_modules/.pnpm/next@15.4.5_react-dom@18.3.1_react@18.3.1__react@18.3.1/node_modules/next/dist/server/base-server.js:925:17)
    at async invokeRender (/app/node_modules/.pnpm/next@15.4.5_react-dom@18.3.1_react@18.3.1__react@18.3.1/node_modules/next/dist/server/lib/router-server.js:239:21)
[2025-08-20T02:54:05.603Z] error: <dockerStatsService> TypeError: Cannot read properties of null (reading 'other-server')
    at k (/app/.next/server/chunks/1691.js:1:18170)
    at j (/app/.next/server/pages/api/docker/stats/[...service].js:1:1990)
    at e7 (/app/node_modules/.pnpm/next@15.4.5_react-dom@18.3.1_react@18.3.1__react@18.3.1/node_modules/next/dist/compiled/next-server/pages-api.runtime.prod.js:1:99632)
    at process.processTicksAndRejections (node:internal/process/task_queues:105:5)
    at async te.render (/app/node_modules/.pnpm/next@15.4.5_react-dom@18.3.1_react@18.3.1__react@18.3.1/node_modules/next/dist/compiled/next-server/pages-api.runtime.prod.js:1:100341)
    at async Module.m (/app/.next/server/pages/api/docker/stats/[...service].js:1:6306)
    at async NextNodeServer.runApi (/app/node_modules/.pnpm/next@15.4.5_react-dom@18.3.1_react@18.3.1__react@18.3.1/node_modules/next/dist/server/next-server.js:767:9)
    at async NextNodeServer.handleCatchallRenderRequest (/app/node_modules/.pnpm/next@15.4.5_react-dom@18.3.1_react@18.3.1__react@18.3.1/node_modules/next/dist/server/next-server.js:390:37)
    at async NextNodeServer.handleRequestImpl (/app/node_modules/.pnpm/next@15.4.5_react-dom@18.3.1_react@18.3.1__react@18.3.1/node_modules/next/dist/server/base-server.js:925:17)
    at async invokeRender (/app/node_modules/.pnpm/next@15.4.5_react-dom@18.3.1_react@18.3.1__react@18.3.1/node_modules/next/dist/server/lib/router-server.js:239:21)
[2025-08-20T02:54:10.805Z] error: <httpProxy> Error calling http://emby.host.or.ip2/emby/Items/Counts...
[2025-08-20T02:54:10.806Z] error: <httpProxy> [
  500,
  [Error: getaddrinfo ENOTFOUND emby.host.or.ip2] {
    errno: -3008,
    code: 'ENOTFOUND',
    syscall: 'getaddrinfo',
    hostname: 'emby.host.or.ip2'
  }
]
[2025-08-20T02:54:10.879Z] error: <dockerStatusService> TypeError: Cannot read properties of null (reading 'my-server')
    at k (/app/.next/server/chunks/1691.js:1:18170)
    at j (/app/.next/server/pages/api/docker/status/[...service].js:1:5714)
    at e7 (/app/node_modules/.pnpm/next@15.4.5_react-dom@18.3.1_react@18.3.1__react@18.3.1/node_modules/next/dist/compiled/next-server/pages-api.runtime.prod.js:1:99632)
    at process.processTicksAndRejections (node:internal/process/task_queues:105:5)
    at async te.render (/app/node_modules/.pnpm/next@15.4.5_react-dom@18.3.1_react@18.3.1__react@18.3.1/node_modules/next/dist/compiled/next-server/pages-api.runtime.prod.js:1:100341)
    at async Module.m (/app/.next/server/pages/api/docker/status/[...service].js:1:3281)
    at async NextNodeServer.runApi (/app/node_modules/.pnpm/next@15.4.5_react-dom@18.3.1_react@18.3.1__react@18.3.1/node_modules/next/dist/server/next-server.js:767:9)
    at async NextNodeServer.handleCatchallRenderRequest (/app/node_modules/.pnpm/next@15.4.5_react-dom@18.3.1_react@18.3.1__react@18.3.1/node_modules/next/dist/server/next-server.js:390:37)
    at async NextNodeServer.handleRequestImpl (/app/node_modules/.pnpm/next@15.4.5_react-dom@18.3.1_react@18.3.1__react@18.3.1/node_modules/next/dist/server/base-server.js:925:17)
    at async invokeRender (/app/node_modules/.pnpm/next@15.4.5_react-dom@18.3.1_react@18.3.1__react@18.3.1/node_modules/next/dist/server/lib/router-server.js:239:21)
[2025-08-20T02:54:10.880Z] error: <httpProxy> Error calling http://emby.host.or.ip/emby/Sessions...
[2025-08-20T02:54:10.880Z] error: <httpProxy> [
  500,
  [Error: getaddrinfo ENOTFOUND emby.host.or.ip] {
    errno: -3008,
    code: 'ENOTFOUND',
    syscall: 'getaddrinfo',
    hostname: 'emby.host.or.ip'
  }
]
[2025-08-20T02:54:10.888Z] error: <dockerStatusService> TypeError: Cannot read properties of null (reading 'other-server')
    at k (/app/.next/server/chunks/1691.js:1:18170)
    at j (/app/.next/server/pages/api/docker/status/[...service].js:1:5714)
    at e7 (/app/node_modules/.pnpm/next@15.4.5_react-dom@18.3.1_react@18.3.1__react@18.3.1/node_modules/next/dist/compiled/next-server/pages-api.runtime.prod.js:1:99632)
    at process.processTicksAndRejections (node:internal/process/task_queues:105:5)
    at async te.render (/app/node_modules/.pnpm/next@15.4.5_react-dom@18.3.1_react@18.3.1__react@18.3.1/node_modules/next/dist/compiled/next-server/pages-api.runtime.prod.js:1:100341)
    at async Module.m (/app/.next/server/pages/api/docker/status/[...service].js:1:3281)
    at async NextNodeServer.runApi (/app/node_modules/.pnpm/next@15.4.5_react-dom@18.3.1_react@18.3.1__react@18.3.1/node_modules/next/dist/server/next-server.js:767:9)
    at async NextNodeServer.handleCatchallRenderRequest (/app/node_modules/.pnpm/next@15.4.5_react-dom@18.3.1_react@18.3.1__react@18.3.1/node_modules/next/dist/server/next-server.js:390:37)
    at async NextNodeServer.handleRequestImpl (/app/node_modules/.pnpm/next@15.4.5_react-dom@18.3.1_react@18.3.1__react@18.3.1/node_modules/next/dist/server/base-server.js:925:17)
    at async invokeRender (/app/node_modules/.pnpm/next@15.4.5_react-dom@18.3.1_react@18.3.1__react@18.3.1/node_modules/next/dist/server/lib/router-server.js:239:21)
[2025-08-20T02:54:10.901Z] error: <httpProxy> Error calling http://sonarr.host.or.ip/api/v3/series...
[2025-08-20T02:54:10.901Z] error: <httpProxy> [
  500,
  [Error: getaddrinfo ENOTFOUND sonarr.host.or.ip] {
    errno: -3008,
    code: 'ENOTFOUND',
    syscall: 'getaddrinfo',
    hostname: 'sonarr.host.or.ip'
  }
]
[2025-08-20T02:54:10.902Z] error: <httpProxy> Error calling http://sonarr.host/api/v3/wanted/missing...
[2025-08-20T02:54:10.903Z] error: <httpProxy> [
  500,
  [Error: getaddrinfo ENOTFOUND sonarr.host] {
    errno: -3008,
    code: 'ENOTFOUND',
    syscall: 'getaddrinfo',
    hostname: 'sonarr.host'
  }
]
[2025-08-20T02:54:10.936Z] error: undefined
[2025-08-20T02:54:10.999Z] error: <dockerStatsService> TypeError: Cannot read properties of null (reading 'my-server')
    at k (/app/.next/server/chunks/1691.js:1:18170)
    at j (/app/.next/server/pages/api/docker/stats/[...service].js:1:1990)
    at e7 (/app/node_modules/.pnpm/next@15.4.5_react-dom@18.3.1_react@18.3.1__react@18.3.1/node_modules/next/dist/compiled/next-server/pages-api.runtime.prod.js:1:99632)
    at process.processTicksAndRejections (node:internal/process/task_queues:105:5)
    at async te.render (/app/node_modules/.pnpm/next@15.4.5_react-dom@18.3.1_react@18.3.1__react@18.3.1/node_modules/next/dist/compiled/next-server/pages-api.runtime.prod.js:1:100341)
    at async Module.m (/app/.next/server/pages/api/docker/stats/[...service].js:1:6306)
    at async NextNodeServer.runApi (/app/node_modules/.pnpm/next@15.4.5_react-dom@18.3.1_react@18.3.1__react@18.3.1/node_modules/next/dist/server/next-server.js:767:9)
    at async NextNodeServer.handleCatchallRenderRequest (/app/node_modules/.pnpm/next@15.4.5_react-dom@18.3.1_react@18.3.1__react@18.3.1/node_modules/next/dist/server/next-server.js:390:37)
    at async NextNodeServer.handleRequestImpl (/app/node_modules/.pnpm/next@15.4.5_react-dom@18.3.1_react@18.3.1__react@18.3.1/node_modules/next/dist/server/base-server.js:925:17)
    at async invokeRender (/app/node_modules/.pnpm/next@15.4.5_react-dom@18.3.1_react@18.3.1__react@18.3.1/node_modules/next/dist/server/lib/router-server.js:239:21)
[2025-08-20T02:54:11.016Z] error: <httpProxy> Error calling http://sonarr.host/api/v3/series...
[2025-08-20T02:54:11.017Z] error: <httpProxy> [
  500,
  [Error: getaddrinfo ENOTFOUND sonarr.host] {
    errno: -3008,
    code: 'ENOTFOUND',
    syscall: 'getaddrinfo',
    hostname: 'sonarr.host'
  }
]
[2025-08-20T02:54:15.653Z] error: <httpProxy> Error calling http://sonarr.host.or.ip/api/v3/wanted/missing...
[2025-08-20T02:54:15.654Z] error: <httpProxy> [
  500,
  [Error: getaddrinfo ENOTFOUND sonarr.host.or.ip] {
    errno: -3008,
    code: 'ENOTFOUND',
    syscall: 'getaddrinfo',
    hostname: 'sonarr.host.or.ip'
  }
]
[2025-08-20T02:54:15.656Z] error: <httpProxy> Error calling http://emby.host.or.ip2/emby/Sessions...
[2025-08-20T02:54:15.657Z] error: <httpProxy> [
  500,
  [Error: getaddrinfo ENOTFOUND emby.host.or.ip2] {
    errno: -3008,
    code: 'ENOTFOUND',
    syscall: 'getaddrinfo',
    hostname: 'emby.host.or.ip2'
  }
]
[2025-08-20T02:54:15.661Z] error: <httpProxy> Error calling http://emby.host.or.ip/emby/Items/Counts...
[2025-08-20T02:54:15.664Z] error: <httpProxy> [
  500,
  [Error: getaddrinfo ENOTFOUND emby.host.or.ip] {
    errno: -3008,
    code: 'ENOTFOUND',
    syscall: 'getaddrinfo',
    hostname: 'emby.host.or.ip'
  }
]
[2025-08-20T02:54:15.675Z] error: <httpProxy> Error calling http://radarr.host/api/v3/movie...
[2025-08-20T02:54:15.676Z] error: <httpProxy> [
  500,
  [Error: getaddrinfo ENOTFOUND radarr.host] {
    errno: -3008,
    code: 'ENOTFOUND',
    syscall: 'getaddrinfo',
    hostname: 'radarr.host'
  }
]
[2025-08-20T02:54:15.682Z] error: <httpProxy> Error calling http://sonarr.host.or.ip/api/v3/queue/details...
[2025-08-20T02:54:15.683Z] error: <httpProxy> [
  500,
  [Error: getaddrinfo ENOTFOUND sonarr.host.or.ip] {
    errno: -3008,
    code: 'ENOTFOUND',
    syscall: 'getaddrinfo',
    hostname: 'sonarr.host.or.ip'
  }
]
[2025-08-20T02:54:15.685Z] error: <httpProxy> Error calling http://sonarr.host.or.ip/api/v3/queue...
[2025-08-20T02:54:15.685Z] error: <httpProxy> [
  500,
  [Error: getaddrinfo ENOTFOUND sonarr.host.or.ip] {
    errno: -3008,
    code: 'ENOTFOUND',
    syscall: 'getaddrinfo',
    hostname: 'sonarr.host.or.ip'
  }
]
[2025-08-20T02:54:15.788Z] error: <httpProxy> Error calling http://radarr.host/api/v3/queue/status...
[2025-08-20T02:54:15.788Z] error: <httpProxy> [
  500,
  [Error: getaddrinfo ENOTFOUND radarr.host] {
    errno: -3008,
    code: 'ENOTFOUND',
    syscall: 'getaddrinfo',
    hostname: 'radarr.host'
  }
]
[2025-08-20T02:54:15.794Z] error: undefined
[2025-08-20T02:54:15.795Z] error: <httpProxy> Error calling http://radarr.host/api/v3/queue/details...
[2025-08-20T02:54:15.796Z] error: <httpProxy> [
  500,
  [Error: getaddrinfo ENOTFOUND radarr.host] {
    errno: -3008,
    code: 'ENOTFOUND',
    syscall: 'getaddrinfo',
    hostname: 'radarr.host'
  }
]
[2025-08-20T02:54:16.612Z] error: <dockerStatsService> TypeError: Cannot read properties of null (reading 'other-server')
    at k (/app/.next/server/chunks/1691.js:1:18170)
    at j (/app/.next/server/pages/api/docker/stats/[...service].js:1:1990)
    at e7 (/app/node_modules/.pnpm/next@15.4.5_react-dom@18.3.1_react@18.3.1__react@18.3.1/node_modules/next/dist/compiled/next-server/pages-api.runtime.prod.js:1:99632)
    at process.processTicksAndRejections (node:internal/process/task_queues:105:5)
    at async te.render (/app/node_modules/.pnpm/next@15.4.5_react-dom@18.3.1_react@18.3.1__react@18.3.1/node_modules/next/dist/compiled/next-server/pages-api.runtime.prod.js:1:100341)
    at async Module.m (/app/.next/server/pages/api/docker/stats/[...service].js:1:6306)
    at async NextNodeServer.runApi (/app/node_modules/.pnpm/next@15.4.5_react-dom@18.3.1_react@18.3.1__react@18.3.1/node_modules/next/dist/server/next-server.js:767:9)
    at async NextNodeServer.handleCatchallRenderRequest (/app/node_modules/.pnpm/next@15.4.5_react-dom@18.3.1_react@18.3.1__react@18.3.1/node_modules/next/dist/server/next-server.js:390:37)
    at async NextNodeServer.handleRequestImpl (/app/node_modules/.pnpm/next@15.4.5_react-dom@18.3.1_react@18.3.1__react@18.3.1/node_modules/next/dist/server/base-server.js:925:17)
    at async invokeRender (/app/node_modules/.pnpm/next@15.4.5_react-dom@18.3.1_react@18.3.1__react@18.3.1/node_modules/next/dist/server/lib/router-server.js:239:21)
[2025-08-20T02:54:16.621Z] error: <httpProxy> Error calling http://sonarr.host/api/v3/queue...
[2025-08-20T02:54:16.622Z] error: <httpProxy> [
  500,
  [Error: getaddrinfo ENOTFOUND sonarr.host] {
    errno: -3008,
    code: 'ENOTFOUND',
    syscall: 'getaddrinfo',
    hostname: 'sonarr.host'
  }
]
[2025-08-20T02:54:16.623Z] error: <httpProxy> Error calling http://sonarr.host/api/v3/queue/details...
[2025-08-20T02:54:16.623Z] error: <httpProxy> [
  500,
  [Error: getaddrinfo ENOTFOUND sonarr.host] {
    errno: -3008,
    code: 'ENOTFOUND',
    syscall: 'getaddrinfo',
    hostname: 'sonarr.host'
  }
]
[2025-08-20T03:33:17.592Z] error: <httpProxy> Error calling http://emby.host.or.ip/emby/Sessions...
[2025-08-20T03:33:17.593Z] error: <httpProxy> [
  500,
  [Error: getaddrinfo ENOTFOUND emby.host.or.ip] {
    errno: -3008,
    code: 'ENOTFOUND',
    syscall: 'getaddrinfo',
    hostname: 'emby.host.or.ip'
  }
]
[2025-08-20T03:33:17.595Z] error: <httpProxy> Error calling http://sonarr.host/api/v3/wanted/missing...
[2025-08-20T03:33:17.595Z] error: <httpProxy> [
  500,
  [Error: getaddrinfo ENOTFOUND sonarr.host] {
    errno: -3008,
    code: 'ENOTFOUND',
    syscall: 'getaddrinfo',
    hostname: 'sonarr.host'
  }
]
[2025-08-20T03:33:17.606Z] error: <httpProxy> Error calling http://sonarr.host/api/v3/queue...
[2025-08-20T03:33:17.606Z] error: <httpProxy> [
  500,
  [Error: getaddrinfo ENOTFOUND sonarr.host] {
    errno: -3008,
    code: 'ENOTFOUND',
    syscall: 'getaddrinfo',
    hostname: 'sonarr.host'
  }
]
[2025-08-20T03:33:17.611Z] error: <httpProxy> Error calling http://sonarr.host/api/v3/series...
[2025-08-20T03:33:17.612Z] error: <httpProxy> [
  500,
  [Error: getaddrinfo ENOTFOUND sonarr.host] {
    errno: -3008,
    code: 'ENOTFOUND',
    syscall: 'getaddrinfo',
    hostname: 'sonarr.host'
  }
]
[2025-08-20T03:33:17.625Z] error: <dockerStatsService> TypeError: Cannot read properties of null (reading 'conn')
    at j (/app/.next/server/pages/api/docker/stats/[...service].js:1:2007)
    at e7 (/app/node_modules/.pnpm/next@15.4.5_react-dom@18.3.1_react@18.3.1__react@18.3.1/node_modules/next/dist/compiled/next-server/pages-api.runtime.prod.js:1:99632)
    at process.processTicksAndRejections (node:internal/process/task_queues:105:5)
    at async te.render (/app/node_modules/.pnpm/next@15.4.5_react-dom@18.3.1_react@18.3.1__react@18.3.1/node_modules/next/dist/compiled/next-server/pages-api.runtime.prod.js:1:100341)
    at async Module.m (/app/.next/server/pages/api/docker/stats/[...service].js:1:6306)
    at async NextNodeServer.runApi (/app/node_modules/.pnpm/next@15.4.5_react-dom@18.3.1_react@18.3.1__react@18.3.1/node_modules/next/dist/server/next-server.js:767:9)
    at async NextNodeServer.handleCatchallRenderRequest (/app/node_modules/.pnpm/next@15.4.5_react-dom@18.3.1_react@18.3.1__react@18.3.1/node_modules/next/dist/server/next-server.js:390:37)
    at async NextNodeServer.handleRequestImpl (/app/node_modules/.pnpm/next@15.4.5_react-dom@18.3.1_react@18.3.1__react@18.3.1/node_modules/next/dist/server/base-server.js:925:17)
    at async invokeRender (/app/node_modules/.pnpm/next@15.4.5_react-dom@18.3.1_react@18.3.1__react@18.3.1/node_modules/next/dist/server/lib/router-server.js:239:21)
    at async handleRequest (/app/node_modules/.pnpm/next@15.4.5_react-dom@18.3.1_react@18.3.1__react@18.3.1/node_modules/next/dist/server/lib/router-server.js:436:24)
[2025-08-20T03:33:17.626Z] error: <httpProxy> Error calling http://sonarr.host/api/v3/queue/details...
[2025-08-20T03:33:17.627Z] error: <httpProxy> [
  500,
  [Error: getaddrinfo ENOTFOUND sonarr.host] {
    errno: -3008,
    code: 'ENOTFOUND',
    syscall: 'getaddrinfo',
    hostname: 'sonarr.host'
  }
]
[2025-08-20T03:33:17.763Z] error: <httpProxy> Error calling http://sonarr.host.or.ip/api/v3/queue/details...
[2025-08-20T03:33:17.764Z] error: <httpProxy> [
  500,
  [Error: getaddrinfo ENOTFOUND sonarr.host.or.ip] {
    errno: -3008,
    code: 'ENOTFOUND',
    syscall: 'getaddrinfo',
    hostname: 'sonarr.host.or.ip'
  }
]
[2025-08-20T03:33:17.788Z] error: <httpProxy> Error calling http://emby.host.or.ip2/emby/Sessions...
[2025-08-20T03:33:17.789Z] error: <httpProxy> [
  500,
  [Error: getaddrinfo ENOTFOUND emby.host.or.ip2] {
    errno: -3008,
    code: 'ENOTFOUND',
    syscall: 'getaddrinfo',
    hostname: 'emby.host.or.ip2'
  }
]
[2025-08-20T03:33:17.791Z] error: <httpProxy> Error calling http://emby.host.or.ip/emby/Items/Counts...
[2025-08-20T03:33:17.791Z] error: <httpProxy> [
  500,
  [Error: getaddrinfo ENOTFOUND emby.host.or.ip] {
    errno: -3008,
    code: 'ENOTFOUND',
    syscall: 'getaddrinfo',
    hostname: 'emby.host.or.ip'
  }
]
[2025-08-20T03:33:17.795Z] error: <httpProxy> Error calling http://emby.host.or.ip2/emby/Items/Counts...
[2025-08-20T03:33:17.795Z] error: <httpProxy> [
  500,
  [Error: getaddrinfo ENOTFOUND emby.host.or.ip2] {
    errno: -3008,
    code: 'ENOTFOUND',
    syscall: 'getaddrinfo',
    hostname: 'emby.host.or.ip2'
  }
]
[2025-08-20T03:33:17.820Z] error: undefined
[2025-08-20T03:33:17.828Z] error: undefined
[2025-08-20T03:33:17.917Z] error: <httpProxy> Error calling http://radarr.host/api/v3/movie...
[2025-08-20T03:33:17.918Z] error: <httpProxy> [
  500,
  [Error: getaddrinfo ENOTFOUND radarr.host] {
    errno: -3008,
    code: 'ENOTFOUND',
    syscall: 'getaddrinfo',
    hostname: 'radarr.host'
  }
]
[2025-08-20T03:33:17.947Z] error: <dockerStatsService> TypeError: Cannot read properties of null (reading 'conn')
    at j (/app/.next/server/pages/api/docker/stats/[...service].js:1:2007)
    at e7 (/app/node_modules/.pnpm/next@15.4.5_react-dom@18.3.1_react@18.3.1__react@18.3.1/node_modules/next/dist/compiled/next-server/pages-api.runtime.prod.js:1:99632)
    at process.processTicksAndRejections (node:internal/process/task_queues:105:5)
    at async te.render (/app/node_modules/.pnpm/next@15.4.5_react-dom@18.3.1_react@18.3.1__react@18.3.1/node_modules/next/dist/compiled/next-server/pages-api.runtime.prod.js:1:100341)
    at async Module.m (/app/.next/server/pages/api/docker/stats/[...service].js:1:6306)
    at async NextNodeServer.runApi (/app/node_modules/.pnpm/next@15.4.5_react-dom@18.3.1_react@18.3.1__react@18.3.1/node_modules/next/dist/server/next-server.js:767:9)
    at async NextNodeServer.handleCatchallRenderRequest (/app/node_modules/.pnpm/next@15.4.5_react-dom@18.3.1_react@18.3.1__react@18.3.1/node_modules/next/dist/server/next-server.js:390:37)
    at async NextNodeServer.handleRequestImpl (/app/node_modules/.pnpm/next@15.4.5_react-dom@18.3.1_react@18.3.1__react@18.3.1/node_modules/next/dist/server/base-server.js:925:17)
    at async invokeRender (/app/node_modules/.pnpm/next@15.4.5_react-dom@18.3.1_react@18.3.1__react@18.3.1/node_modules/next/dist/server/lib/router-server.js:239:21)
    at async handleRequest (/app/node_modules/.pnpm/next@15.4.5_react-dom@18.3.1_react@18.3.1__react@18.3.1/node_modules/next/dist/server/lib/router-server.js:436:24)
[2025-08-20T03:33:17.975Z] error: <httpProxy> Error calling http://radarr.host/api/v3/queue/details...
[2025-08-20T03:33:17.975Z] error: <httpProxy> [
  500,
  [Error: getaddrinfo ENOTFOUND radarr.host] {
    errno: -3008,
    code: 'ENOTFOUND',
    syscall: 'getaddrinfo',
    hostname: 'radarr.host'
  }
]
[2025-08-20T03:33:18.008Z] error: <service-helpers> Error getting services from Docker server 'services': [Error: connect EACCES /var/run/docker.sock] {
  errno: -13,
  code: 'EACCES',
  syscall: 'connect',
  address: '/var/run/docker.sock'
}
[2025-08-20T03:33:18.074Z] error: <dockerStatusService> TypeError: Cannot read properties of null (reading 'conn')
    at j (/app/.next/server/pages/api/docker/status/[...service].js:1:5731)
    at e7 (/app/node_modules/.pnpm/next@15.4.5_react-dom@18.3.1_react@18.3.1__react@18.3.1/node_modules/next/dist/compiled/next-server/pages-api.runtime.prod.js:1:99632)
    at process.processTicksAndRejections (node:internal/process/task_queues:105:5)
    at async te.render (/app/node_modules/.pnpm/next@15.4.5_react-dom@18.3.1_react@18.3.1__react@18.3.1/node_modules/next/dist/compiled/next-server/pages-api.runtime.prod.js:1:100341)
    at async Module.m (/app/.next/server/pages/api/docker/status/[...service].js:1:3281)
    at async NextNodeServer.runApi (/app/node_modules/.pnpm/next@15.4.5_react-dom@18.3.1_react@18.3.1__react@18.3.1/node_modules/next/dist/server/next-server.js:767:9)
    at async NextNodeServer.handleCatchallRenderRequest (/app/node_modules/.pnpm/next@15.4.5_react-dom@18.3.1_react@18.3.1__react@18.3.1/node_modules/next/dist/server/next-server.js:390:37)
    at async NextNodeServer.handleRequestImpl (/app/node_modules/.pnpm/next@15.4.5_react-dom@18.3.1_react@18.3.1__react@18.3.1/node_modules/next/dist/server/base-server.js:925:17)
    at async invokeRender (/app/node_modules/.pnpm/next@15.4.5_react-dom@18.3.1_react@18.3.1__react@18.3.1/node_modules/next/dist/server/lib/router-server.js:239:21)
    at async handleRequest (/app/node_modules/.pnpm/next@15.4.5_react-dom@18.3.1_react@18.3.1__react@18.3.1/node_modules/next/dist/server/lib/router-server.js:436:24)
[2025-08-20T03:33:18.088Z] error: <dockerStatusService> TypeError: Cannot read properties of null (reading 'conn')
    at j (/app/.next/server/pages/api/docker/status/[...service].js:1:5731)
    at e7 (/app/node_modules/.pnpm/next@15.4.5_react-dom@18.3.1_react@18.3.1__react@18.3.1/node_modules/next/dist/compiled/next-server/pages-api.runtime.prod.js:1:99632)
    at process.processTicksAndRejections (node:internal/process/task_queues:105:5)
    at async te.render (/app/node_modules/.pnpm/next@15.4.5_react-dom@18.3.1_react@18.3.1__react@18.3.1/node_modules/next/dist/compiled/next-server/pages-api.runtime.prod.js:1:100341)
    at async Module.m (/app/.next/server/pages/api/docker/status/[...service].js:1:3281)
    at async NextNodeServer.runApi (/app/node_modules/.pnpm/next@15.4.5_react-dom@18.3.1_react@18.3.1__react@18.3.1/node_modules/next/dist/server/next-server.js:767:9)
    at async NextNodeServer.handleCatchallRenderRequest (/app/node_modules/.pnpm/next@15.4.5_react-dom@18.3.1_react@18.3.1__react@18.3.1/node_modules/next/dist/server/next-server.js:390:37)
    at async NextNodeServer.handleRequestImpl (/app/node_modules/.pnpm/next@15.4.5_react-dom@18.3.1_react@18.3.1__react@18.3.1/node_modules/next/dist/server/base-server.js:925:17)
    at async invokeRender (/app/node_modules/.pnpm/next@15.4.5_react-dom@18.3.1_react@18.3.1__react@18.3.1/node_modules/next/dist/server/lib/router-server.js:239:21)
    at async handleRequest (/app/node_modules/.pnpm/next@15.4.5_react-dom@18.3.1_react@18.3.1__react@18.3.1/node_modules/next/dist/server/lib/router-server.js:436:24)
[2025-08-20T03:33:18.117Z] error: <httpProxy> Error calling http://sonarr.host.or.ip/api/v3/queue...
[2025-08-20T03:33:18.119Z] error: <httpProxy> [
  500,
  [Error: getaddrinfo ENOTFOUND sonarr.host.or.ip] {
    errno: -3008,
    code: 'ENOTFOUND',
    syscall: 'getaddrinfo',
    hostname: 'sonarr.host.or.ip'
  }
]
[2025-08-20T03:33:18.136Z] error: <httpProxy> Error calling http://sonarr.host.or.ip/api/v3/series...
[2025-08-20T03:33:18.138Z] error: <httpProxy> [
  500,
  [Error: getaddrinfo ENOTFOUND sonarr.host.or.ip] {
    errno: -3008,
    code: 'ENOTFOUND',
    syscall: 'getaddrinfo',
    hostname: 'sonarr.host.or.ip'
  }
]
[2025-08-20T03:33:18.142Z] error: <httpProxy> Error calling http://sonarr.host.or.ip/api/v3/wanted/missing...
[2025-08-20T03:33:18.144Z] error: <httpProxy> [
  500,
  [Error: getaddrinfo ENOTFOUND sonarr.host.or.ip] {
    errno: -3008,
    code: 'ENOTFOUND',
    syscall: 'getaddrinfo',
    hostname: 'sonarr.host.or.ip'
  }
]
[2025-08-20T03:33:18.256Z] error: <service-helpers> Error getting services from Docker server 'services': [Error: connect EACCES /var/run/docker.sock] {
  errno: -13,
  code: 'EACCES',
  syscall: 'connect',
  address: '/var/run/docker.sock'
}
[2025-08-20T03:33:18.260Z] error: <httpProxy> Error calling http://radarr.host/api/v3/queue/status...
[2025-08-20T03:33:18.261Z] error: <httpProxy> [
  500,
  [Error: getaddrinfo ENOTFOUND radarr.host] {
    errno: -3008,
    code: 'ENOTFOUND',
    syscall: 'getaddrinfo',
    hostname: 'radarr.host'
  }
]
[2025-08-20T03:33:18.588Z] error: <httpProxy> Error calling http://emby.host.or.ip/emby/Items/Counts...
[2025-08-20T03:33:18.588Z] error: <httpProxy> [
  500,
  [Error: getaddrinfo ENOTFOUND emby.host.or.ip] {
    errno: -3008,
    code: 'ENOTFOUND',
    syscall: 'getaddrinfo',
    hostname: 'emby.host.or.ip'
  }
]
[2025-08-20T03:33:18.589Z] error: <httpProxy> Error calling http://emby.host.or.ip/emby/Sessions...
[2025-08-20T03:33:18.590Z] error: <httpProxy> [
  500,
  [Error: getaddrinfo ENOTFOUND emby.host.or.ip] {
    errno: -3008,
    code: 'ENOTFOUND',
    syscall: 'getaddrinfo',
    hostname: 'emby.host.or.ip'
  }
]
[2025-08-20T03:33:18.671Z] error: <httpProxy> Error calling http://emby.host.or.ip2/emby/Sessions...
[2025-08-20T03:33:18.673Z] error: undefined
[2025-08-20T03:33:18.671Z] error: <httpProxy> [
  500,
  [Error: getaddrinfo ENOTFOUND emby.host.or.ip2] {
    errno: -3008,
    code: 'ENOTFOUND',
    syscall: 'getaddrinfo',
    hostname: 'emby.host.or.ip2'
  }
]
[2025-08-20T03:33:18.674Z] error: undefined
[2025-08-20T03:33:18.675Z] error: <httpProxy> Error calling http://emby.host.or.ip2/emby/Items/Counts...
[2025-08-20T03:33:18.676Z] error: <httpProxy> [
  500,
  [Error: getaddrinfo ENOTFOUND emby.host.or.ip2] {
    errno: -3008,
    code: 'ENOTFOUND',
    syscall: 'getaddrinfo',
    hostname: 'emby.host.or.ip2'
  }
]
[2025-08-20T03:33:18.713Z] error: <httpProxy> Error calling http://sonarr.host.or.ip/api/v3/wanted/missing...
[2025-08-20T03:33:18.713Z] error: <httpProxy> [
  500,
  [Error: getaddrinfo ENOTFOUND sonarr.host.or.ip] {
    errno: -3008,
    code: 'ENOTFOUND',
    syscall: 'getaddrinfo',
    hostname: 'sonarr.host.or.ip'
  }
]
[2025-08-20T03:33:18.716Z] error: <httpProxy> Error calling http://sonarr.host.or.ip/api/v3/queue...
[2025-08-20T03:33:18.717Z] error: <httpProxy> [
  500,
  [Error: getaddrinfo ENOTFOUND sonarr.host.or.ip] {
    errno: -3008,
    code: 'ENOTFOUND',
    syscall: 'getaddrinfo',
    hostname: 'sonarr.host.or.ip'
  }
]
[2025-08-20T03:33:18.815Z] error: <httpProxy> Error calling http://sonarr.host.or.ip/api/v3/series...
[2025-08-20T03:33:18.815Z] error: <httpProxy> [
  500,
  [Error: getaddrinfo ENOTFOUND sonarr.host.or.ip] {
    errno: -3008,
    code: 'ENOTFOUND',
    syscall: 'getaddrinfo',
    hostname: 'sonarr.host.or.ip'
  }
]
[2025-08-20T03:33:18.818Z] error: <httpProxy> Error calling http://sonarr.host.or.ip/api/v3/queue/details...
[2025-08-20T03:33:18.818Z] error: <httpProxy> [
  500,
  [Error: getaddrinfo ENOTFOUND sonarr.host.or.ip] {
    errno: -3008,
    code: 'ENOTFOUND',
    syscall: 'getaddrinfo',
    hostname: 'sonarr.host.or.ip'
  }
]
[2025-08-20T03:33:18.840Z] error: <dockerStatusService> TypeError: Cannot read properties of null (reading 'conn')
    at j (/app/.next/server/pages/api/docker/status/[...service].js:1:5731)
    at e7 (/app/node_modules/.pnpm/next@15.4.5_react-dom@18.3.1_react@18.3.1__react@18.3.1/node_modules/next/dist/compiled/next-server/pages-api.runtime.prod.js:1:99632)
    at process.processTicksAndRejections (node:internal/process/task_queues:105:5)
    at async te.render (/app/node_modules/.pnpm/next@15.4.5_react-dom@18.3.1_react@18.3.1__react@18.3.1/node_modules/next/dist/compiled/next-server/pages-api.runtime.prod.js:1:100341)
    at async Module.m (/app/.next/server/pages/api/docker/status/[...service].js:1:3281)
    at async NextNodeServer.runApi (/app/node_modules/.pnpm/next@15.4.5_react-dom@18.3.1_react@18.3.1__react@18.3.1/node_modules/next/dist/server/next-server.js:767:9)
    at async NextNodeServer.handleCatchallRenderRequest (/app/node_modules/.pnpm/next@15.4.5_react-dom@18.3.1_react@18.3.1__react@18.3.1/node_modules/next/dist/server/next-server.js:390:37)
    at async NextNodeServer.handleRequestImpl (/app/node_modules/.pnpm/next@15.4.5_react-dom@18.3.1_react@18.3.1__react@18.3.1/node_modules/next/dist/server/base-server.js:925:17)
    at async invokeRender (/app/node_modules/.pnpm/next@15.4.5_react-dom@18.3.1_react@18.3.1__react@18.3.1/node_modules/next/dist/server/lib/router-server.js:239:21)
    at async handleRequest (/app/node_modules/.pnpm/next@15.4.5_react-dom@18.3.1_react@18.3.1__react@18.3.1/node_modules/next/dist/server/lib/router-server.js:436:24)
[2025-08-20T03:33:18.845Z] error: <dockerStatusService> TypeError: Cannot read properties of null (reading 'conn')
    at j (/app/.next/server/pages/api/docker/status/[...service].js:1:5731)
    at e7 (/app/node_modules/.pnpm/next@15.4.5_react-dom@18.3.1_react@18.3.1__react@18.3.1/node_modules/next/dist/compiled/next-server/pages-api.runtime.prod.js:1:99632)
    at process.processTicksAndRejections (node:internal/process/task_queues:105:5)
    at async te.render (/app/node_modules/.pnpm/next@15.4.5_react-dom@18.3.1_react@18.3.1__react@18.3.1/node_modules/next/dist/compiled/next-server/pages-api.runtime.prod.js:1:100341)
    at async Module.m (/app/.next/server/pages/api/docker/status/[...service].js:1:3281)
    at async NextNodeServer.runApi (/app/node_modules/.pnpm/next@15.4.5_react-dom@18.3.1_react@18.3.1__react@18.3.1/node_modules/next/dist/server/next-server.js:767:9)
    at async NextNodeServer.handleCatchallRenderRequest (/app/node_modules/.pnpm/next@15.4.5_react-dom@18.3.1_react@18.3.1__react@18.3.1/node_modules/next/dist/server/next-server.js:390:37)
    at async NextNodeServer.handleRequestImpl (/app/node_modules/.pnpm/next@15.4.5_react-dom@18.3.1_react@18.3.1__react@18.3.1/node_modules/next/dist/server/base-server.js:925:17)
    at async invokeRender (/app/node_modules/.pnpm/next@15.4.5_react-dom@18.3.1_react@18.3.1__react@18.3.1/node_modules/next/dist/server/lib/router-server.js:239:21)
    at async handleRequest (/app/node_modules/.pnpm/next@15.4.5_react-dom@18.3.1_react@18.3.1__react@18.3.1/node_modules/next/dist/server/lib/router-server.js:436:24)
[2025-08-20T03:33:18.877Z] error: <httpProxy> Error calling http://sonarr.host/api/v3/queue...
[2025-08-20T03:33:18.878Z] error: <httpProxy> [
  500,
  [Error: getaddrinfo ENOTFOUND sonarr.host] {
    errno: -3008,
    code: 'ENOTFOUND',
    syscall: 'getaddrinfo',
    hostname: 'sonarr.host'
  }
]
[2025-08-20T03:33:18.945Z] error: <httpProxy> Error calling http://sonarr.host/api/v3/series...
[2025-08-20T03:33:18.945Z] error: <httpProxy> [
  500,
  [Error: getaddrinfo ENOTFOUND sonarr.host] {
    errno: -3008,
    code: 'ENOTFOUND',
    syscall: 'getaddrinfo',
    hostname: 'sonarr.host'
  }
]
[2025-08-20T03:33:18.950Z] error: <httpProxy> Error calling http://sonarr.host/api/v3/queue/details...
[2025-08-20T03:33:18.951Z] error: <httpProxy> [
  500,
  [Error: getaddrinfo ENOTFOUND sonarr.host] {
    errno: -3008,
    code: 'ENOTFOUND',
    syscall: 'getaddrinfo',
    hostname: 'sonarr.host'
  }
]
[2025-08-20T03:33:18.969Z] error: <httpProxy> Error calling http://radarr.host/api/v3/movie...
[2025-08-20T03:33:18.969Z] error: <httpProxy> [
  500,
  [Error: getaddrinfo ENOTFOUND radarr.host] {
    errno: -3008,
    code: 'ENOTFOUND',
    syscall: 'getaddrinfo',
    hostname: 'radarr.host'
  }
]
[2025-08-20T03:33:18.981Z] error: <httpProxy> Error calling http://radarr.host/api/v3/queue/status...
[2025-08-20T03:33:18.981Z] error: <httpProxy> [
  500,
  [Error: getaddrinfo ENOTFOUND radarr.host] {
    errno: -3008,
    code: 'ENOTFOUND',
    syscall: 'getaddrinfo',
    hostname: 'radarr.host'
  }
]
[2025-08-20T03:33:19.016Z] error: <httpProxy> Error calling http://radarr.host/api/v3/queue/details...
[2025-08-20T03:33:19.017Z] error: <httpProxy> [
  500,
  [Error: getaddrinfo ENOTFOUND radarr.host] {
    errno: -3008,
    code: 'ENOTFOUND',
    syscall: 'getaddrinfo',
    hostname: 'radarr.host'
  }
]
[2025-08-20T03:33:19.103Z] error: <service-helpers> Error getting services from Docker server 'services': [Error: connect EACCES /var/run/docker.sock] {
  errno: -13,
  code: 'EACCES',
  syscall: 'connect',
  address: '/var/run/docker.sock'
}
[2025-08-20T03:33:19.121Z] error: <dockerStatsService> TypeError: Cannot read properties of null (reading 'conn')
    at j (/app/.next/server/pages/api/docker/stats/[...service].js:1:2007)
    at e7 (/app/node_modules/.pnpm/next@15.4.5_react-dom@18.3.1_react@18.3.1__react@18.3.1/node_modules/next/dist/compiled/next-server/pages-api.runtime.prod.js:1:99632)
    at process.processTicksAndRejections (node:internal/process/task_queues:105:5)
    at async te.render (/app/node_modules/.pnpm/next@15.4.5_react-dom@18.3.1_react@18.3.1__react@18.3.1/node_modules/next/dist/compiled/next-server/pages-api.runtime.prod.js:1:100341)
    at async Module.m (/app/.next/server/pages/api/docker/stats/[...service].js:1:6306)
    at async NextNodeServer.runApi (/app/node_modules/.pnpm/next@15.4.5_react-dom@18.3.1_react@18.3.1__react@18.3.1/node_modules/next/dist/server/next-server.js:767:9)
    at async NextNodeServer.handleCatchallRenderRequest (/app/node_modules/.pnpm/next@15.4.5_react-dom@18.3.1_react@18.3.1__react@18.3.1/node_modules/next/dist/server/next-server.js:390:37)
    at async NextNodeServer.handleRequestImpl (/app/node_modules/.pnpm/next@15.4.5_react-dom@18.3.1_react@18.3.1__react@18.3.1/node_modules/next/dist/server/base-server.js:925:17)
    at async invokeRender (/app/node_modules/.pnpm/next@15.4.5_react-dom@18.3.1_react@18.3.1__react@18.3.1/node_modules/next/dist/server/lib/router-server.js:239:21)
    at async handleRequest (/app/node_modules/.pnpm/next@15.4.5_react-dom@18.3.1_react@18.3.1__react@18.3.1/node_modules/next/dist/server/lib/router-server.js:436:24)
[2025-08-20T03:33:19.134Z] error: <dockerStatsService> TypeError: Cannot read properties of null (reading 'conn')
    at j (/app/.next/server/pages/api/docker/stats/[...service].js:1:2007)
    at e7 (/app/node_modules/.pnpm/next@15.4.5_react-dom@18.3.1_react@18.3.1__react@18.3.1/node_modules/next/dist/compiled/next-server/pages-api.runtime.prod.js:1:99632)
    at process.processTicksAndRejections (node:internal/process/task_queues:105:5)
    at async te.render (/app/node_modules/.pnpm/next@15.4.5_react-dom@18.3.1_react@18.3.1__react@18.3.1/node_modules/next/dist/compiled/next-server/pages-api.runtime.prod.js:1:100341)
    at async Module.m (/app/.next/server/pages/api/docker/stats/[...service].js:1:6306)
    at async NextNodeServer.runApi (/app/node_modules/.pnpm/next@15.4.5_react-dom@18.3.1_react@18.3.1__react@18.3.1/node_modules/next/dist/server/next-server.js:767:9)
    at async NextNodeServer.handleCatchallRenderRequest (/app/node_modules/.pnpm/next@15.4.5_react-dom@18.3.1_react@18.3.1__react@18.3.1/node_modules/next/dist/server/next-server.js:390:37)
    at async NextNodeServer.handleRequestImpl (/app/node_modules/.pnpm/next@15.4.5_react-dom@18.3.1_react@18.3.1__react@18.3.1/node_modules/next/dist/server/base-server.js:925:17)
    at async invokeRender (/app/node_modules/.pnpm/next@15.4.5_react-dom@18.3.1_react@18.3.1__react@18.3.1/node_modules/next/dist/server/lib/router-server.js:239:21)
    at async handleRequest (/app/node_modules/.pnpm/next@15.4.5_react-dom@18.3.1_react@18.3.1__react@18.3.1/node_modules/next/dist/server/lib/router-server.js:436:24)
[2025-08-20T03:33:19.148Z] error: <httpProxy> Error calling http://sonarr.host/api/v3/wanted/missing...
[2025-08-20T03:33:19.149Z] error: <httpProxy> [
  500,
  [Error: getaddrinfo ENOTFOUND sonarr.host] {
    errno: -3008,
    code: 'ENOTFOUND',
    syscall: 'getaddrinfo',
    hostname: 'sonarr.host'
  }
]
[2025-08-20T03:33:24.781Z] error: <dockerStatusService> TypeError: Cannot read properties of null (reading 'conn')
    at j (/app/.next/server/pages/api/docker/status/[...service].js:1:5731)
    at e7 (/app/node_modules/.pnpm/next@15.4.5_react-dom@18.3.1_react@18.3.1__react@18.3.1/node_modules/next/dist/compiled/next-server/pages-api.runtime.prod.js:1:99632)
    at process.processTicksAndRejections (node:internal/process/task_queues:105:5)
    at async te.render (/app/node_modules/.pnpm/next@15.4.5_react-dom@18.3.1_react@18.3.1__react@18.3.1/node_modules/next/dist/compiled/next-server/pages-api.runtime.prod.js:1:100341)
    at async Module.m (/app/.next/server/pages/api/docker/status/[...service].js:1:3281)
    at async NextNodeServer.runApi (/app/node_modules/.pnpm/next@15.4.5_react-dom@18.3.1_react@18.3.1__react@18.3.1/node_modules/next/dist/server/next-server.js:767:9)
    at async NextNodeServer.handleCatchallRenderRequest (/app/node_modules/.pnpm/next@15.4.5_react-dom@18.3.1_react@18.3.1__react@18.3.1/node_modules/next/dist/server/next-server.js:390:37)
    at async NextNodeServer.handleRequestImpl (/app/node_modules/.pnpm/next@15.4.5_react-dom@18.3.1_react@18.3.1__react@18.3.1/node_modules/next/dist/server/base-server.js:925:17)
    at async invokeRender (/app/node_modules/.pnpm/next@15.4.5_react-dom@18.3.1_react@18.3.1__react@18.3.1/node_modules/next/dist/server/lib/router-server.js:239:21)
    at async handleRequest (/app/node_modules/.pnpm/next@15.4.5_react-dom@18.3.1_react@18.3.1__react@18.3.1/node_modules/next/dist/server/lib/router-server.js:436:24)
[2025-08-20T03:33:24.787Z] error: undefined
[2025-08-20T03:33:24.793Z] error: <httpProxy> Error calling http://sonarr.host.or.ip/api/v3/wanted/missing...
[2025-08-20T03:33:24.793Z] error: <httpProxy> [
  500,
  [Error: getaddrinfo ENOTFOUND sonarr.host.or.ip] {
    errno: -3008,
    code: 'ENOTFOUND',
    syscall: 'getaddrinfo',
    hostname: 'sonarr.host.or.ip'
  }
]
[2025-08-20T03:33:24.795Z] error: <httpProxy> Error calling http://sonarr.host.or.ip/api/v3/queue...
[2025-08-20T03:33:24.795Z] error: <httpProxy> [
  500,
  [Error: getaddrinfo ENOTFOUND sonarr.host.or.ip] {
    errno: -3008,
    code: 'ENOTFOUND',
    syscall: 'getaddrinfo',
    hostname: 'sonarr.host.or.ip'
  }
]
[2025-08-20T03:33:24.864Z] error: <httpProxy> Error calling http://sonarr.host/api/v3/wanted/missing...
[2025-08-20T03:33:24.864Z] error: <httpProxy> [
  500,
  [Error: getaddrinfo ENOTFOUND sonarr.host] {
    errno: -3008,
    code: 'ENOTFOUND',
    syscall: 'getaddrinfo',
    hostname: 'sonarr.host'
  }
]
[2025-08-20T03:33:24.865Z] error: <httpProxy> Error calling http://sonarr.host/api/v3/queue...
[2025-08-20T03:33:24.866Z] error: <httpProxy> [
  500,
  [Error: getaddrinfo ENOTFOUND sonarr.host] {
    errno: -3008,
    code: 'ENOTFOUND',
    syscall: 'getaddrinfo',
    hostname: 'sonarr.host'
  }
]
[2025-08-20T03:33:28.958Z] error: <httpProxy> Error calling http://emby.host.or.ip/emby/Items/Counts...
[2025-08-20T03:33:28.961Z] error: undefined
[2025-08-20T03:33:28.959Z] error: <httpProxy> [
  500,
  [Error: getaddrinfo ENOTFOUND emby.host.or.ip] {
    errno: -3008,
    code: 'ENOTFOUND',
    syscall: 'getaddrinfo',
    hostname: 'emby.host.or.ip'
  }
]
[2025-08-20T03:33:28.962Z] error: <httpProxy> Error calling http://emby.host.or.ip/emby/Sessions...
[2025-08-20T03:33:28.963Z] error: <httpProxy> [
  500,
  [Error: getaddrinfo ENOTFOUND emby.host.or.ip] {
    errno: -3008,
    code: 'ENOTFOUND',
    syscall: 'getaddrinfo',
    hostname: 'emby.host.or.ip'
  }
]
[2025-08-20T03:33:28.964Z] error: <httpProxy> Error calling http://emby.host.or.ip2/emby/Sessions...
[2025-08-20T03:33:28.964Z] error: <httpProxy> [
  500,
  [Error: getaddrinfo ENOTFOUND emby.host.or.ip2] {
    errno: -3008,
    code: 'ENOTFOUND',
    syscall: 'getaddrinfo',
    hostname: 'emby.host.or.ip2'
  }
]
[2025-08-20T03:33:28.967Z] error: <httpProxy> Error calling http://emby.host.or.ip2/emby/Items/Counts...
[2025-08-20T03:33:28.968Z] error: <httpProxy> [
  500,
  [Error: getaddrinfo ENOTFOUND emby.host.or.ip2] {
    errno: -3008,
    code: 'ENOTFOUND',
    syscall: 'getaddrinfo',
    hostname: 'emby.host.or.ip2'
  }
]
[2025-08-20T03:33:29.649Z] error: <dockerStatusService> TypeError: Cannot read properties of null (reading 'conn')
    at j (/app/.next/server/pages/api/docker/status/[...service].js:1:5731)
    at e7 (/app/node_modules/.pnpm/next@15.4.5_react-dom@18.3.1_react@18.3.1__react@18.3.1/node_modules/next/dist/compiled/next-server/pages-api.runtime.prod.js:1:99632)
    at process.processTicksAndRejections (node:internal/process/task_queues:105:5)
    at async te.render (/app/node_modules/.pnpm/next@15.4.5_react-dom@18.3.1_react@18.3.1__react@18.3.1/node_modules/next/dist/compiled/next-server/pages-api.runtime.prod.js:1:100341)
    at async Module.m (/app/.next/server/pages/api/docker/status/[...service].js:1:3281)
    at async NextNodeServer.runApi (/app/node_modules/.pnpm/next@15.4.5_react-dom@18.3.1_react@18.3.1__react@18.3.1/node_modules/next/dist/server/next-server.js:767:9)
    at async NextNodeServer.handleCatchallRenderRequest (/app/node_modules/.pnpm/next@15.4.5_react-dom@18.3.1_react@18.3.1__react@18.3.1/node_modules/next/dist/server/next-server.js:390:37)
    at async NextNodeServer.handleRequestImpl (/app/node_modules/.pnpm/next@15.4.5_react-dom@18.3.1_react@18.3.1__react@18.3.1/node_modules/next/dist/server/base-server.js:925:17)
    at async invokeRender (/app/node_modules/.pnpm/next@15.4.5_react-dom@18.3.1_react@18.3.1__react@18.3.1/node_modules/next/dist/server/lib/router-server.js:239:21)
    at async handleRequest (/app/node_modules/.pnpm/next@15.4.5_react-dom@18.3.1_react@18.3.1__react@18.3.1/node_modules/next/dist/server/lib/router-server.js:436:24)
[2025-08-20T03:33:29.665Z] error: <httpProxy> Error calling http://sonarr.host.or.ip/api/v3/series...
[2025-08-20T03:33:29.666Z] error: <httpProxy> [
  500,
  [Error: getaddrinfo ENOTFOUND sonarr.host.or.ip] {
    errno: -3008,
    code: 'ENOTFOUND',
    syscall: 'getaddrinfo',
    hostname: 'sonarr.host.or.ip'
  }
]
[2025-08-20T03:33:29.667Z] error: <httpProxy> Error calling http://sonarr.host.or.ip/api/v3/queue/details...
[2025-08-20T03:33:29.667Z] error: <httpProxy> [
  500,
  [Error: getaddrinfo ENOTFOUND sonarr.host.or.ip] {
    errno: -3008,
    code: 'ENOTFOUND',
    syscall: 'getaddrinfo',
    hostname: 'sonarr.host.or.ip'
  }
]
[2025-08-20T03:33:29.668Z] error: <httpProxy> Error calling http://sonarr.host/api/v3/series...
[2025-08-20T03:33:29.669Z] error: <httpProxy> [
  500,
  [Error: getaddrinfo ENOTFOUND sonarr.host] {
    errno: -3008,
    code: 'ENOTFOUND',
    syscall: 'getaddrinfo',
    hostname: 'sonarr.host'
  }
]
[2025-08-20T03:33:29.673Z] error: <httpProxy> Error calling http://sonarr.host/api/v3/queue/details...
[2025-08-20T03:33:29.673Z] error: <httpProxy> [
  500,
  [Error: getaddrinfo ENOTFOUND sonarr.host] {
    errno: -3008,
    code: 'ENOTFOUND',
    syscall: 'getaddrinfo',
    hostname: 'sonarr.host'
  }
]
[2025-08-20T03:33:29.677Z] error: <httpProxy> Error calling http://radarr.host/api/v3/movie...
[2025-08-20T03:33:29.677Z] error: <httpProxy> [
  500,
  [Error: getaddrinfo ENOTFOUND radarr.host] {
    errno: -3008,
    code: 'ENOTFOUND',
    syscall: 'getaddrinfo',
    hostname: 'radarr.host'
  }
]
[2025-08-20T03:33:29.778Z] error: <httpProxy> Error calling http://radarr.host/api/v3/queue/status...
[2025-08-20T03:33:29.779Z] error: <httpProxy> [
  500,
  [Error: getaddrinfo ENOTFOUND radarr.host] {
    errno: -3008,
    code: 'ENOTFOUND',
    syscall: 'getaddrinfo',
    hostname: 'radarr.host'
  }
]
[2025-08-20T03:33:29.792Z] error: <dockerStatsService> TypeError: Cannot read properties of null (reading 'conn')
    at j (/app/.next/server/pages/api/docker/stats/[...service].js:1:2007)
    at e7 (/app/node_modules/.pnpm/next@15.4.5_react-dom@18.3.1_react@18.3.1__react@18.3.1/node_modules/next/dist/compiled/next-server/pages-api.runtime.prod.js:1:99632)
    at process.processTicksAndRejections (node:internal/process/task_queues:105:5)
    at async te.render (/app/node_modules/.pnpm/next@15.4.5_react-dom@18.3.1_react@18.3.1__react@18.3.1/node_modules/next/dist/compiled/next-server/pages-api.runtime.prod.js:1:100341)
    at async Module.m (/app/.next/server/pages/api/docker/stats/[...service].js:1:6306)
    at async NextNodeServer.runApi (/app/node_modules/.pnpm/next@15.4.5_react-dom@18.3.1_react@18.3.1__react@18.3.1/node_modules/next/dist/server/next-server.js:767:9)
    at async NextNodeServer.handleCatchallRenderRequest (/app/node_modules/.pnpm/next@15.4.5_react-dom@18.3.1_react@18.3.1__react@18.3.1/node_modules/next/dist/server/next-server.js:390:37)
    at async NextNodeServer.handleRequestImpl (/app/node_modules/.pnpm/next@15.4.5_react-dom@18.3.1_react@18.3.1__react@18.3.1/node_modules/next/dist/server/base-server.js:925:17)
    at async invokeRender (/app/node_modules/.pnpm/next@15.4.5_react-dom@18.3.1_react@18.3.1__react@18.3.1/node_modules/next/dist/server/lib/router-server.js:239:21)
    at async handleRequest (/app/node_modules/.pnpm/next@15.4.5_react-dom@18.3.1_react@18.3.1__react@18.3.1/node_modules/next/dist/server/lib/router-server.js:436:24)
[2025-08-20T03:33:29.797Z] error: <dockerStatsService> TypeError: Cannot read properties of null (reading 'conn')
    at j (/app/.next/server/pages/api/docker/stats/[...service].js:1:2007)
    at e7 (/app/node_modules/.pnpm/next@15.4.5_react-dom@18.3.1_react@18.3.1__react@18.3.1/node_modules/next/dist/compiled/next-server/pages-api.runtime.prod.js:1:99632)
    at process.processTicksAndRejections (node:internal/process/task_queues:105:5)
    at async te.render (/app/node_modules/.pnpm/next@15.4.5_react-dom@18.3.1_react@18.3.1__react@18.3.1/node_modules/next/dist/compiled/next-server/pages-api.runtime.prod.js:1:100341)
    at async Module.m (/app/.next/server/pages/api/docker/stats/[...service].js:1:6306)
    at async NextNodeServer.runApi (/app/node_modules/.pnpm/next@15.4.5_react-dom@18.3.1_react@18.3.1__react@18.3.1/node_modules/next/dist/server/next-server.js:767:9)
    at async NextNodeServer.handleCatchallRenderRequest (/app/node_modules/.pnpm/next@15.4.5_react-dom@18.3.1_react@18.3.1__react@18.3.1/node_modules/next/dist/server/next-server.js:390:37)
    at async NextNodeServer.handleRequestImpl (/app/node_modules/.pnpm/next@15.4.5_react-dom@18.3.1_react@18.3.1__react@18.3.1/node_modules/next/dist/server/base-server.js:925:17)
    at async invokeRender (/app/node_modules/.pnpm/next@15.4.5_react-dom@18.3.1_react@18.3.1__react@18.3.1/node_modules/next/dist/server/lib/router-server.js:239:21)
    at async handleRequest (/app/node_modules/.pnpm/next@15.4.5_react-dom@18.3.1_react@18.3.1__react@18.3.1/node_modules/next/dist/server/lib/router-server.js:436:24)
[2025-08-20T03:33:29.800Z] error: <httpProxy> Error calling http://radarr.host/api/v3/queue/details...
[2025-08-20T03:33:29.801Z] error: <httpProxy> [
  500,
  [Error: getaddrinfo ENOTFOUND radarr.host] {
    errno: -3008,
    code: 'ENOTFOUND',
    syscall: 'getaddrinfo',
    hostname: 'radarr.host'
  }
]
[2025-08-20T04:23:53.289Z] error: Host validation failed for: 38.22.95.121:3030. Hint: Set the HOMEPAGE_ALLOWED_HOSTS environment variable to allow requests from this host / port.
[2025-08-20T04:23:55.923Z] error: Host validation failed for: 38.22.95.121:3030. Hint: Set the HOMEPAGE_ALLOWED_HOSTS environment variable to allow requests from this host / port.
[2025-08-20T04:23:56.116Z] error: Host validation failed for: 38.22.95.121:3030. Hint: Set the HOMEPAGE_ALLOWED_HOSTS environment variable to allow requests from this host / port.
[2025-08-20T04:23:58.093Z] error: Host validation failed for: 38.22.95.121:3030. Hint: Set the HOMEPAGE_ALLOWED_HOSTS environment variable to allow requests from this host / port.
[2025-08-20T04:24:00.528Z] error: Host validation failed for: 38.22.95.121:3030. Hint: Set the HOMEPAGE_ALLOWED_HOSTS environment variable to allow requests from this host / port.
[2025-08-20T04:24:01.036Z] error: Host validation failed for: 38.22.95.121:3030. Hint: Set the HOMEPAGE_ALLOWED_HOSTS environment variable to allow requests from this host / port.
[2025-08-20T04:24:01.889Z] error: Host validation failed for: 38.22.95.121:3030. Hint: Set the HOMEPAGE_ALLOWED_HOSTS environment variable to allow requests from this host / port.
[2025-08-20T04:24:08.487Z] error: Host validation failed for: 38.22.95.121:3030. Hint: Set the HOMEPAGE_ALLOWED_HOSTS environment variable to allow requests from this host / port.
[2025-08-20T04:24:08.584Z] error: Host validation failed for: 38.22.95.121:3030. Hint: Set the HOMEPAGE_ALLOWED_HOSTS environment variable to allow requests from this host / port.
[2025-08-20T04:24:09.449Z] error: Host validation failed for: 38.22.95.121:3030. Hint: Set the HOMEPAGE_ALLOWED_HOSTS environment variable to allow requests from this host / port.
[2025-08-20T04:24:11.097Z] error: Host validation failed for: 38.22.95.121:3030. Hint: Set the HOMEPAGE_ALLOWED_HOSTS environment variable to allow requests from this host / port.
[2025-08-20T04:24:15.133Z] error: Host validation failed for: 38.22.95.121:3030. Hint: Set the HOMEPAGE_ALLOWED_HOSTS environment variable to allow requests from this host / port.
[2025-08-20T04:24:19.553Z] error: Host validation failed for: 38.22.95.121:3030. Hint: Set the HOMEPAGE_ALLOWED_HOSTS environment variable to allow requests from this host / port.
[2025-08-20T04:24:19.986Z] error: Host validation failed for: 38.22.95.121:3030. Hint: Set the HOMEPAGE_ALLOWED_HOSTS environment variable to allow requests from this host / port.
[2025-08-20T04:24:21.493Z] error: Host validation failed for: 38.22.95.121:3030. Hint: Set the HOMEPAGE_ALLOWED_HOSTS environment variable to allow requests from this host / port.
[2025-08-20T04:24:21.625Z] error: Host validation failed for: 38.22.95.121:3030. Hint: Set the HOMEPAGE_ALLOWED_HOSTS environment variable to allow requests from this host / port.
[2025-08-20T04:24:21.833Z] error: Host validation failed for: 38.22.95.121:3030. Hint: Set the HOMEPAGE_ALLOWED_HOSTS environment variable to allow requests from this host / port.
[2025-08-20T04:24:23.553Z] error: Host validation failed for: 38.22.95.121:3030. Hint: Set the HOMEPAGE_ALLOWED_HOSTS environment variable to allow requests from this host / port.
[2025-08-20T04:24:25.965Z] error: Host validation failed for: 38.22.95.121:3030. Hint: Set the HOMEPAGE_ALLOWED_HOSTS environment variable to allow requests from this host / port.
[2025-08-20T04:24:25.985Z] error: Host validation failed for: 38.22.95.121:3030. Hint: Set the HOMEPAGE_ALLOWED_HOSTS environment variable to allow requests from this host / port.
[2025-08-20T04:24:26.282Z] error: Host validation failed for: 38.22.95.121:3030. Hint: Set the HOMEPAGE_ALLOWED_HOSTS environment variable to allow requests from this host / port.
[2025-08-20T04:24:26.956Z] error: Host validation failed for: 38.22.95.121:3030. Hint: Set the HOMEPAGE_ALLOWED_HOSTS environment variable to allow requests from this host / port.
[2025-08-20T04:24:27.792Z] error: Host validation failed for: 38.22.95.121:3030. Hint: Set the HOMEPAGE_ALLOWED_HOSTS environment variable to allow requests from this host / port.
[2025-08-20T04:24:28.300Z] error: Host validation failed for: 38.22.95.121:3030. Hint: Set the HOMEPAGE_ALLOWED_HOSTS environment variable to allow requests from this host / port.
[2025-08-20T04:24:28.628Z] error: Host validation failed for: 38.22.95.121:3030. Hint: Set the HOMEPAGE_ALLOWED_HOSTS environment variable to allow requests from this host / port.
[2025-08-20T04:24:28.960Z] error: Host validation failed for: 38.22.95.121:3030. Hint: Set the HOMEPAGE_ALLOWED_HOSTS environment variable to allow requests from this host / port.
[2025-08-20T04:24:31.927Z] error: Host validation failed for: 38.22.95.121:3030. Hint: Set the HOMEPAGE_ALLOWED_HOSTS environment variable to allow requests from this host / port.
[2025-08-20T04:24:32.237Z] error: Host validation failed for: 38.22.95.121:3030. Hint: Set the HOMEPAGE_ALLOWED_HOSTS environment variable to allow requests from this host / port.
[2025-08-20T04:24:32.608Z] error: Host validation failed for: 38.22.95.121:3030. Hint: Set the HOMEPAGE_ALLOWED_HOSTS environment variable to allow requests from this host / port.
[2025-08-20T04:24:32.668Z] error: Host validation failed for: 38.22.95.121:3030. Hint: Set the HOMEPAGE_ALLOWED_HOSTS environment variable to allow requests from this host / port.
[2025-08-20T04:24:34.569Z] error: Host validation failed for: 38.22.95.121:3030. Hint: Set the HOMEPAGE_ALLOWED_HOSTS environment variable to allow requests from this host / port.
[2025-08-20T04:24:37.532Z] error: Host validation failed for: 38.22.95.121:3030. Hint: Set the HOMEPAGE_ALLOWED_HOSTS environment variable to allow requests from this host / port.
[2025-08-20T04:24:37.835Z] error: Host validation failed for: 38.22.95.121:3030. Hint: Set the HOMEPAGE_ALLOWED_HOSTS environment variable to allow requests from this host / port.
[2025-08-20T04:24:39.134Z] error: Host validation failed for: 38.22.95.121:3030. Hint: Set the HOMEPAGE_ALLOWED_HOSTS environment variable to allow requests from this host / port.
[2025-08-20T04:24:41.766Z] error: Host validation failed for: 38.22.95.121:3030. Hint: Set the HOMEPAGE_ALLOWED_HOSTS environment variable to allow requests from this host / port.
[2025-08-20T04:24:42.757Z] error: Host validation failed for: 38.22.95.121:3030. Hint: Set the HOMEPAGE_ALLOWED_HOSTS environment variable to allow requests from this host / port.
[2025-08-20T04:24:42.952Z] error: Host validation failed for: 38.22.95.121:3030. Hint: Set the HOMEPAGE_ALLOWED_HOSTS environment variable to allow requests from this host / port.
[2025-08-20T04:24:46.104Z] error: Host validation failed for: 38.22.95.121:3030. Hint: Set the HOMEPAGE_ALLOWED_HOSTS environment variable to allow requests from this host / port.
[2025-08-20T04:24:46.228Z] error: Host validation failed for: 38.22.95.121:3030. Hint: Set the HOMEPAGE_ALLOWED_HOSTS environment variable to allow requests from this host / port.
[2025-08-20T04:24:49.432Z] error: Host validation failed for: 38.22.95.121:3030. Hint: Set the HOMEPAGE_ALLOWED_HOSTS environment variable to allow requests from this host / port.
[2025-08-20T04:24:52.139Z] error: Host validation failed for: 38.22.95.121:3030. Hint: Set the HOMEPAGE_ALLOWED_HOSTS environment variable to allow requests from this host / port.
[2025-08-20T04:24:53.075Z] error: Host validation failed for: 38.22.95.121:3030. Hint: Set the HOMEPAGE_ALLOWED_HOSTS environment variable to allow requests from this host / port.
[2025-08-20T04:24:56.650Z] error: Host validation failed for: 38.22.95.121:3030. Hint: Set the HOMEPAGE_ALLOWED_HOSTS environment variable to allow requests from this host / port.
[2025-08-20T04:24:57.625Z] error: Host validation failed for: 38.22.95.121:3030. Hint: Set the HOMEPAGE_ALLOWED_HOSTS environment variable to allow requests from this host / port.
[2025-08-20T04:24:57.704Z] error: Host validation failed for: 38.22.95.121:3030. Hint: Set the HOMEPAGE_ALLOWED_HOSTS environment variable to allow requests from this host / port.
[2025-08-20T04:24:58.713Z] error: Host validation failed for: 38.22.95.121:3030. Hint: Set the HOMEPAGE_ALLOWED_HOSTS environment variable to allow requests from this host / port.
[2025-08-20T04:25:00.432Z] error: Host validation failed for: 38.22.95.121:3030. Hint: Set the HOMEPAGE_ALLOWED_HOSTS environment variable to allow requests from this host / port.
[2025-08-20T05:38:26.517Z] info: services.yaml was copied to the config folder
[2025-08-20T05:38:26.535Z] info: docker.yaml was copied to the config folder
[2025-08-20T05:38:26.547Z] info: settings.yaml was copied to the config folder
[2025-08-20T05:38:26.548Z] info: kubernetes.yaml was copied to the config folder
[2025-08-20T05:38:26.599Z] info: bookmarks.yaml was copied to the config folder
[2025-08-20T05:38:26.603Z] info: widgets.yaml was copied to the config folder
[2025-08-20T05:38:26.608Z] info: custom.css was copied to the config folder
[2025-08-20T05:38:26.608Z] info: custom.js was copied to the config folder
[2025-08-20T05:38:26.743Z] error: <dockerStatusService> TypeError: Cannot read properties of null (reading 'my-server')
    at k (/app/.next/server/chunks/1691.js:1:18170)
    at j (/app/.next/server/pages/api/docker/status/[...service].js:1:5714)
    at e7 (/app/node_modules/.pnpm/next@15.4.5_react-dom@18.3.1_react@18.3.1__react@18.3.1/node_modules/next/dist/compiled/next-server/pages-api.runtime.prod.js:1:99632)
    at process.processTicksAndRejections (node:internal/process/task_queues:105:5)
    at async te.render (/app/node_modules/.pnpm/next@15.4.5_react-dom@18.3.1_react@18.3.1__react@18.3.1/node_modules/next/dist/compiled/next-server/pages-api.runtime.prod.js:1:100341)
    at async Module.m (/app/.next/server/pages/api/docker/status/[...service].js:1:3281)
    at async NextNodeServer.runApi (/app/node_modules/.pnpm/next@15.4.5_react-dom@18.3.1_react@18.3.1__react@18.3.1/node_modules/next/dist/server/next-server.js:767:9)
    at async NextNodeServer.handleCatchallRenderRequest (/app/node_modules/.pnpm/next@15.4.5_react-dom@18.3.1_react@18.3.1__react@18.3.1/node_modules/next/dist/server/next-server.js:390:37)
    at async NextNodeServer.handleRequestImpl (/app/node_modules/.pnpm/next@15.4.5_react-dom@18.3.1_react@18.3.1__react@18.3.1/node_modules/next/dist/server/base-server.js:925:17)
    at async invokeRender (/app/node_modules/.pnpm/next@15.4.5_react-dom@18.3.1_react@18.3.1__react@18.3.1/node_modules/next/dist/server/lib/router-server.js:239:21)
[2025-08-20T05:38:26.758Z] error: <dockerStatusService> TypeError: Cannot read properties of null (reading 'other-server')
    at k (/app/.next/server/chunks/1691.js:1:18170)
    at j (/app/.next/server/pages/api/docker/status/[...service].js:1:5714)
    at e7 (/app/node_modules/.pnpm/next@15.4.5_react-dom@18.3.1_react@18.3.1__react@18.3.1/node_modules/next/dist/compiled/next-server/pages-api.runtime.prod.js:1:99632)
    at process.processTicksAndRejections (node:internal/process/task_queues:105:5)
    at async te.render (/app/node_modules/.pnpm/next@15.4.5_react-dom@18.3.1_react@18.3.1__react@18.3.1/node_modules/next/dist/compiled/next-server/pages-api.runtime.prod.js:1:100341)
    at async Module.m (/app/.next/server/pages/api/docker/status/[...service].js:1:3281)
    at async NextNodeServer.runApi (/app/node_modules/.pnpm/next@15.4.5_react-dom@18.3.1_react@18.3.1__react@18.3.1/node_modules/next/dist/server/next-server.js:767:9)
    at async NextNodeServer.handleCatchallRenderRequest (/app/node_modules/.pnpm/next@15.4.5_react-dom@18.3.1_react@18.3.1__react@18.3.1/node_modules/next/dist/server/next-server.js:390:37)
    at async NextNodeServer.handleRequestImpl (/app/node_modules/.pnpm/next@15.4.5_react-dom@18.3.1_react@18.3.1__react@18.3.1/node_modules/next/dist/server/base-server.js:925:17)
    at async invokeRender (/app/node_modules/.pnpm/next@15.4.5_react-dom@18.3.1_react@18.3.1__react@18.3.1/node_modules/next/dist/server/lib/router-server.js:239:21)
[2025-08-20T05:38:26.769Z] error: <dockerStatsService> TypeError: Cannot read properties of null (reading 'my-server')
    at k (/app/.next/server/chunks/1691.js:1:18170)
    at j (/app/.next/server/pages/api/docker/stats/[...service].js:1:1990)
    at e7 (/app/node_modules/.pnpm/next@15.4.5_react-dom@18.3.1_react@18.3.1__react@18.3.1/node_modules/next/dist/compiled/next-server/pages-api.runtime.prod.js:1:99632)
    at process.processTicksAndRejections (node:internal/process/task_queues:105:5)
    at async te.render (/app/node_modules/.pnpm/next@15.4.5_react-dom@18.3.1_react@18.3.1__react@18.3.1/node_modules/next/dist/compiled/next-server/pages-api.runtime.prod.js:1:100341)
    at async Module.m (/app/.next/server/pages/api/docker/stats/[...service].js:1:6306)
    at async NextNodeServer.runApi (/app/node_modules/.pnpm/next@15.4.5_react-dom@18.3.1_react@18.3.1__react@18.3.1/node_modules/next/dist/server/next-server.js:767:9)
    at async NextNodeServer.handleCatchallRenderRequest (/app/node_modules/.pnpm/next@15.4.5_react-dom@18.3.1_react@18.3.1__react@18.3.1/node_modules/next/dist/server/next-server.js:390:37)
    at async NextNodeServer.handleRequestImpl (/app/node_modules/.pnpm/next@15.4.5_react-dom@18.3.1_react@18.3.1__react@18.3.1/node_modules/next/dist/server/base-server.js:925:17)
    at async invokeRender (/app/node_modules/.pnpm/next@15.4.5_react-dom@18.3.1_react@18.3.1__react@18.3.1/node_modules/next/dist/server/lib/router-server.js:239:21)
[2025-08-20T05:38:26.776Z] info: proxmox.yaml was copied to the config folder
[2025-08-20T05:38:26.785Z] error: <dockerStatsService> TypeError: Cannot read properties of null (reading 'other-server')
    at k (/app/.next/server/chunks/1691.js:1:18170)
    at j (/app/.next/server/pages/api/docker/stats/[...service].js:1:1990)
    at e7 (/app/node_modules/.pnpm/next@15.4.5_react-dom@18.3.1_react@18.3.1__react@18.3.1/node_modules/next/dist/compiled/next-server/pages-api.runtime.prod.js:1:99632)
    at process.processTicksAndRejections (node:internal/process/task_queues:105:5)
    at async te.render (/app/node_modules/.pnpm/next@15.4.5_react-dom@18.3.1_react@18.3.1__react@18.3.1/node_modules/next/dist/compiled/next-server/pages-api.runtime.prod.js:1:100341)
    at async Module.m (/app/.next/server/pages/api/docker/stats/[...service].js:1:6306)
    at async NextNodeServer.runApi (/app/node_modules/.pnpm/next@15.4.5_react-dom@18.3.1_react@18.3.1__react@18.3.1/node_modules/next/dist/server/next-server.js:767:9)
    at async NextNodeServer.handleCatchallRenderRequest (/app/node_modules/.pnpm/next@15.4.5_react-dom@18.3.1_react@18.3.1__react@18.3.1/node_modules/next/dist/server/next-server.js:390:37)
    at async NextNodeServer.handleRequestImpl (/app/node_modules/.pnpm/next@15.4.5_react-dom@18.3.1_react@18.3.1__react@18.3.1/node_modules/next/dist/server/base-server.js:925:17)
    at async invokeRender (/app/node_modules/.pnpm/next@15.4.5_react-dom@18.3.1_react@18.3.1__react@18.3.1/node_modules/next/dist/server/lib/router-server.js:239:21)
[2025-08-20T09:53:50.094Z] error: <httpProxy> Error calling http://sonarr.host/api/v3/wanted/missing...
[2025-08-20T09:53:50.095Z] error: <httpProxy> [
  500,
  [Error: getaddrinfo ENOTFOUND sonarr.host] {
    errno: -3008,
    code: 'ENOTFOUND',
    syscall: 'getaddrinfo',
    hostname: 'sonarr.host'
  }
]
[2025-08-20T09:53:50.112Z] error: <httpProxy> Error calling http://sonarr.host/api/v3/queue...
[2025-08-20T09:53:50.113Z] error: <httpProxy> [
  500,
  [Error: getaddrinfo ENOTFOUND sonarr.host] {
    errno: -3008,
    code: 'ENOTFOUND',
    syscall: 'getaddrinfo',
    hostname: 'sonarr.host'
  }
]
[2025-08-20T09:53:50.138Z] error: <httpProxy> Error calling http://sonarr.host/api/v3/queue/details...
[2025-08-20T09:53:50.138Z] error: <httpProxy> [
  500,
  [Error: getaddrinfo ENOTFOUND sonarr.host] {
    errno: -3008,
    code: 'ENOTFOUND',
    syscall: 'getaddrinfo',
    hostname: 'sonarr.host'
  }
]
[2025-08-20T09:53:50.370Z] error: <httpProxy> Error calling http://sonarr.host/api/v3/series...
[2025-08-20T09:53:50.371Z] error: <httpProxy> [
  500,
  [Error: getaddrinfo ENOTFOUND sonarr.host] {
    errno: -3008,
    code: 'ENOTFOUND',
    syscall: 'getaddrinfo',
    hostname: 'sonarr.host'
  }
]
[2025-08-20T09:53:55.543Z] error: <httpProxy> Error calling http://sonarr.host/api/v3/series...
[2025-08-20T09:53:55.544Z] error: <httpProxy> [
  500,
  [Error: getaddrinfo ENOTFOUND sonarr.host] {
    errno: -3008,
    code: 'ENOTFOUND',
    syscall: 'getaddrinfo',
    hostname: 'sonarr.host'
  }
]
[2025-08-20T09:53:55.546Z] error: <httpProxy> Error calling http://sonarr.host/api/v3/queue...
[2025-08-20T09:53:55.547Z] error: <httpProxy> [
  500,
  [Error: getaddrinfo ENOTFOUND sonarr.host] {
    errno: -3008,
    code: 'ENOTFOUND',
    syscall: 'getaddrinfo',
    hostname: 'sonarr.host'
  }
]
[2025-08-20T09:53:55.549Z] error: <httpProxy> Error calling http://sonarr.host/api/v3/wanted/missing...
[2025-08-20T09:53:55.550Z] error: <httpProxy> [
  500,
  [Error: getaddrinfo ENOTFOUND sonarr.host] {
    errno: -3008,
    code: 'ENOTFOUND',
    syscall: 'getaddrinfo',
    hostname: 'sonarr.host'
  }
]
[2025-08-20T09:54:00.828Z] error: <httpProxy> Error calling http://sonarr.host/api/v3/queue/details...
[2025-08-20T09:54:00.829Z] error: <httpProxy> [
  500,
  [Error: getaddrinfo ENOTFOUND sonarr.host] {
    errno: -3008,
    code: 'ENOTFOUND',
    syscall: 'getaddrinfo',
    hostname: 'sonarr.host'
  }
]
[2025-08-20T11:30:56.814Z] error: Failed to load widgets, please check widgets.yaml for errors or remove example entries.
[2025-08-20T11:30:56.814Z] error: can not read an implicit mapping pair; a colon is missed (22:36)

 19 |     # 设置语言地区，如
 20 |     locale: <可选，单独 locale 字符串>
 21 |     format:
 22 |     <任何 Intl.DateTimeFormat 支持的键值对>
-----------------------------------------^
 23 | 
 24 | 
[2025-08-20T11:30:56.957Z] error: Failed to load widgets, please check widgets.yaml for errors or remove example entries.
[2025-08-20T11:30:56.957Z] error: can not read an implicit mapping pair; a colon is missed (22:36)

 19 |     # 设置语言地区，如
 20 |     locale: <可选，单独 locale 字符串>
 21 |     format:
 22 |     <任何 Intl.DateTimeFormat 支持的键值对>
-----------------------------------------^
 23 | 
 24 | 
[2025-08-20T11:30:57.224Z] error: Failed to load widgets, please check widgets.yaml for errors or remove example entries.
[2025-08-20T11:30:57.224Z] error: can not read an implicit mapping pair; a colon is missed (22:36)

 19 |     # 设置语言地区，如
 20 |     locale: <可选，单独 locale 字符串>
 21 |     format:
 22 |     <任何 Intl.DateTimeFormat 支持的键值对>
-----------------------------------------^
 23 | 
 24 | 
[2025-08-20T11:31:14.167Z] error: Failed to load widgets, please check widgets.yaml for errors or remove example entries.
[2025-08-20T11:31:14.167Z] error: can not read an implicit mapping pair; a colon is missed (22:36)

 19 |     # 设置语言地区，如
 20 |     locale: zh
 21 |     format:
 22 |     <任何 Intl.DateTimeFormat 支持的键值对>
-----------------------------------------^
 23 | 
 24 | 
[2025-08-20T11:31:14.261Z] error: Failed to load widgets, please check widgets.yaml for errors or remove example entries.
[2025-08-20T11:31:14.262Z] error: can not read an implicit mapping pair; a colon is missed (22:36)

 19 |     # 设置语言地区，如
 20 |     locale: zh
 21 |     format:
 22 |     <任何 Intl.DateTimeFormat 支持的键值对>
-----------------------------------------^
 23 | 
 24 | 
[2025-08-20T11:31:14.510Z] error: Failed to load widgets, please check widgets.yaml for errors or remove example entries.
[2025-08-20T11:31:14.510Z] error: can not read an implicit mapping pair; a colon is missed (22:36)

 19 |     # 设置语言地区，如
 20 |     locale: zh
 21 |     format:
 22 |     <任何 Intl.DateTimeFormat 支持的键值对>
-----------------------------------------^
 23 | 
 24 | 
[2025-08-20T11:32:39.548Z] error: Failed to load widgets, please check widgets.yaml for errors or remove example entries.
[2025-08-20T11:32:39.548Z] error: can not read an implicit mapping pair; a colon is missed (22:36)

 19 |     # 设置语言地区，如
 20 |     locale: zh
 21 |     format:
 22 |     <任何 Intl.DateTimeFormat 支持的键值对>
-----------------------------------------^
 23 | 
 24 | 
[2025-08-20T11:32:39.642Z] error: Failed to load widgets, please check widgets.yaml for errors or remove example entries.
[2025-08-20T11:32:39.642Z] error: can not read an implicit mapping pair; a colon is missed (22:36)

 19 |     # 设置语言地区，如
 20 |     locale: zh
 21 |     format:
 22 |     <任何 Intl.DateTimeFormat 支持的键值对>
-----------------------------------------^
 23 | 
 24 | 
[2025-08-20T11:32:39.864Z] error: Failed to load widgets, please check widgets.yaml for errors or remove example entries.
[2025-08-20T11:32:39.864Z] error: can not read an implicit mapping pair; a colon is missed (22:36)

 19 |     # 设置语言地区，如
 20 |     locale: zh
 21 |     format:
 22 |     <任何 Intl.DateTimeFormat 支持的键值对>
-----------------------------------------^
 23 | 
 24 | 
[2025-08-20T11:33:44.529Z] error: Failed to load widgets, please check widgets.yaml for errors or remove example entries.
[2025-08-20T11:33:44.529Z] error: can not read an implicit mapping pair; a colon is missed (13:36)

 10 |     # 设置语言地区，如
 11 |     locale: zh
 12 |     format:
 13 |     <任何 Intl.DateTimeFormat 支持的键值对>
-----------------------------------------^
 14 | 
 15 | 
[2025-08-20T11:33:44.616Z] error: Failed to load widgets, please check widgets.yaml for errors or remove example entries.
[2025-08-20T11:33:44.617Z] error: can not read an implicit mapping pair; a colon is missed (13:36)

 10 |     # 设置语言地区，如
 11 |     locale: zh
 12 |     format:
 13 |     <任何 Intl.DateTimeFormat 支持的键值对>
-----------------------------------------^
 14 | 
 15 | 
[2025-08-20T11:33:44.869Z] error: Failed to load widgets, please check widgets.yaml for errors or remove example entries.
[2025-08-20T11:33:44.870Z] error: can not read an implicit mapping pair; a colon is missed (13:36)

 10 |     # 设置语言地区，如
 11 |     locale: zh
 12 |     format:
 13 |     <任何 Intl.DateTimeFormat 支持的键值对>
-----------------------------------------^
 14 | 
 15 | 
[2025-08-20T12:26:59.835Z] error: undefined
[2025-08-20T12:28:38.219Z] error: undefined
[2025-08-20T12:34:08.795Z] error: undefined
[2025-08-22T06:12:59.627Z] error: Failed to load services.yaml, please check for errors
[2025-08-22T06:12:59.628Z] error: YAMLException: bad indentation of a sequence entry (34:9)

 31 | 
 32 | - 公司
 33 |     - OpenGrok
 34 |     href: http://192.168.6.247:8080/source/
--------------^
[2025-08-22T06:12:59.720Z] error: Failed to load services.yaml, please check for errors
[2025-08-22T06:12:59.721Z] error: YAMLException: bad indentation of a sequence entry (34:9)

 31 | 
 32 | - 公司
 33 |     - OpenGrok
 34 |     href: http://192.168.6.247:8080/source/
--------------^
[2025-08-22T06:13:00.089Z] error: Failed to load services.yaml, please check for errors
[2025-08-22T06:13:00.089Z] error: YAMLException: bad indentation of a sequence entry (34:9)

 31 | 
 32 | - 公司
 33 |     - OpenGrok
 34 |     href: http://192.168.6.247:8080/source/
--------------^
[2025-08-22T06:13:06.342Z] error: Failed to load services.yaml, please check for errors
[2025-08-22T06:13:06.342Z] error: YAMLException: bad indentation of a sequence entry (34:13)

 31 | 
 32 | - 公司
 33 |     - OpenGrok
 34 |         href: http://192.168.6.247:8080/source/
------------------^
[2025-08-22T06:13:06.666Z] error: Failed to load services.yaml, please check for errors
[2025-08-22T06:13:06.666Z] error: YAMLException: bad indentation of a sequence entry (34:13)

 31 | 
 32 | - 公司
 33 |     - OpenGrok
 34 |         href: http://192.168.6.247:8080/source/
------------------^
[2025-08-22T06:13:06.982Z] error: <httpProxy> Error calling https://api.open-meteo.com/v1/forecast...
[2025-08-22T06:13:06.983Z] error: <httpProxy> [ 500, [AggregateError: ] { code: 'ETIMEDOUT' } ]
[2025-08-22T06:19:49.753Z] error: <httpProxy> Error calling https://api.open-meteo.com/v1/forecast...
[2025-08-22T06:19:49.754Z] error: <httpProxy> [ 500, [AggregateError: ] { code: 'ETIMEDOUT' } ]
[2025-08-22T07:06:16.154Z] error: <httpProxy> Error calling https://api.open-meteo.com/v1/forecast...
[2025-08-22T07:06:16.160Z] error: <httpProxy> [ 500, [AggregateError: ] { code: 'ETIMEDOUT' } ]
[2025-08-22T09:37:27.884Z] error: undefined
[2025-08-22T09:37:27.889Z] error: undefined
[2025-08-22T09:37:27.909Z] error: undefined
[2025-08-22T09:37:27.910Z] error: undefined
[2025-08-22T09:37:27.912Z] error: undefined
[2025-08-22T09:37:27.933Z] error: undefined
[2025-08-22T09:37:28.044Z] error: undefined
[2025-08-22T09:37:28.093Z] error: Failed to load services.yaml, please check for errors
[2025-08-22T09:37:28.093Z] error: TypeError: Cannot convert undefined or null to object
[2025-08-22T09:37:28.146Z] error: Failed to load services.yaml, please check for errors
[2025-08-22T09:37:28.147Z] error: TypeError: Cannot convert undefined or null to object
[2025-08-22T09:37:28.486Z] error: Failed to load services.yaml, please check for errors
[2025-08-22T09:37:28.487Z] error: TypeError: Cannot convert undefined or null to object
[2025-08-22T09:37:53.289Z] error: Failed to load services.yaml, please check for errors
[2025-08-22T09:37:53.289Z] error: TypeError: Cannot convert undefined or null to object
[2025-08-22T09:44:15.300Z] error: <httpProxy> Error calling https://api.open-meteo.com/v1/forecast...
[2025-08-22T09:44:15.305Z] error: <httpProxy> [ 500, [AggregateError: ] { code: 'ETIMEDOUT' } ]
[2025-08-26T11:40:43.446Z] error: <httpProxy> Error calling https://api.open-meteo.com/v1/forecast...
[2025-08-26T11:40:43.455Z] error: <httpProxy> [ 500, [AggregateError: ] { code: 'ETIMEDOUT' } ]
[2025-08-26T14:59:51.626Z] error: Host validation failed for: 38.22.95.121:3030. Hint: Set the HOMEPAGE_ALLOWED_HOSTS environment variable to allow requests from this host / port.
[2025-08-26T14:59:57.304Z] error: Host validation failed for: 38.22.95.121:3030. Hint: Set the HOMEPAGE_ALLOWED_HOSTS environment variable to allow requests from this host / port.
[2025-08-26T14:59:57.553Z] error: Host validation failed for: 38.22.95.121:3030. Hint: Set the HOMEPAGE_ALLOWED_HOSTS environment variable to allow requests from this host / port.
[2025-08-26T14:59:57.634Z] error: Host validation failed for: 38.22.95.121:3030. Hint: Set the HOMEPAGE_ALLOWED_HOSTS environment variable to allow requests from this host / port.
[2025-08-26T14:59:57.637Z] error: Host validation failed for: 38.22.95.121:3030. Hint: Set the HOMEPAGE_ALLOWED_HOSTS environment variable to allow requests from this host / port.
[2025-08-26T14:59:57.724Z] error: Host validation failed for: 38.22.95.121:3030. Hint: Set the HOMEPAGE_ALLOWED_HOSTS environment variable to allow requests from this host / port.
[2025-08-26T14:59:58.043Z] error: Host validation failed for: 38.22.95.121:3030. Hint: Set the HOMEPAGE_ALLOWED_HOSTS environment variable to allow requests from this host / port.
[2025-08-26T14:59:58.329Z] error: Host validation failed for: 38.22.95.121:3030. Hint: Set the HOMEPAGE_ALLOWED_HOSTS environment variable to allow requests from this host / port.
[2025-08-26T14:59:58.502Z] error: Host validation failed for: 38.22.95.121:3030. Hint: Set the HOMEPAGE_ALLOWED_HOSTS environment variable to allow requests from this host / port.
[2025-08-26T14:59:58.583Z] error: Host validation failed for: 38.22.95.121:3030. Hint: Set the HOMEPAGE_ALLOWED_HOSTS environment variable to allow requests from this host / port.
[2025-08-26T14:59:58.617Z] error: Host validation failed for: 38.22.95.121:3030. Hint: Set the HOMEPAGE_ALLOWED_HOSTS environment variable to allow requests from this host / port.
[2025-08-26T14:59:58.714Z] error: Host validation failed for: 38.22.95.121:3030. Hint: Set the HOMEPAGE_ALLOWED_HOSTS environment variable to allow requests from this host / port.
[2025-08-26T14:59:59.011Z] error: Host validation failed for: 38.22.95.121:3030. Hint: Set the HOMEPAGE_ALLOWED_HOSTS environment variable to allow requests from this host / port.
[2025-08-26T14:59:59.322Z] error: Host validation failed for: 38.22.95.121:3030. Hint: Set the HOMEPAGE_ALLOWED_HOSTS environment variable to allow requests from this host / port.
[2025-08-26T14:59:59.491Z] error: Host validation failed for: 38.22.95.121:3030. Hint: Set the HOMEPAGE_ALLOWED_HOSTS environment variable to allow requests from this host / port.
[2025-08-26T14:59:59.577Z] error: Host validation failed for: 38.22.95.121:3030. Hint: Set the HOMEPAGE_ALLOWED_HOSTS environment variable to allow requests from this host / port.
[2025-08-26T14:59:59.581Z] error: Host validation failed for: 38.22.95.121:3030. Hint: Set the HOMEPAGE_ALLOWED_HOSTS environment variable to allow requests from this host / port.
[2025-08-26T14:59:59.693Z] error: Host validation failed for: 38.22.95.121:3030. Hint: Set the HOMEPAGE_ALLOWED_HOSTS environment variable to allow requests from this host / port.
[2025-08-26T15:00:00.038Z] error: Host validation failed for: 38.22.95.121:3030. Hint: Set the HOMEPAGE_ALLOWED_HOSTS environment variable to allow requests from this host / port.
[2025-08-26T15:00:00.557Z] error: Host validation failed for: 38.22.95.121:3030. Hint: Set the HOMEPAGE_ALLOWED_HOSTS environment variable to allow requests from this host / port.
[2025-08-26T15:00:00.733Z] error: Host validation failed for: 38.22.95.121:3030. Hint: Set the HOMEPAGE_ALLOWED_HOSTS environment variable to allow requests from this host / port.
[2025-08-26T15:00:00.872Z] error: Host validation failed for: 38.22.95.121:3030. Hint: Set the HOMEPAGE_ALLOWED_HOSTS environment variable to allow requests from this host / port.
[2025-08-26T15:00:01.839Z] error: Host validation failed for: 38.22.95.121:3030. Hint: Set the HOMEPAGE_ALLOWED_HOSTS environment variable to allow requests from this host / port.
[2025-08-28T02:46:47.817Z] warn: <service-helpers> Error parsing service "Anime" from config. Ensure required fields are present.
[2025-08-28T02:46:47.823Z] warn: <service-helpers> Error parsing service "Anime" from config. Ensure required fields are present.
[2025-08-28T02:46:47.872Z] warn: <service-helpers> Error parsing service "Anime" from config. Ensure required fields are present.
[2025-08-28T02:46:47.932Z] warn: <service-helpers> Error parsing service "Anime" from config. Ensure required fields are present.
[2025-08-28T02:46:47.994Z] warn: <service-helpers> Error parsing service "Anime" from config. Ensure required fields are present.
[2025-08-28T02:46:48.149Z] warn: <service-helpers> Error parsing service "Anime" from config. Ensure required fields are present.
[2025-08-28T02:46:48.287Z] warn: <service-helpers> Error parsing service "Anime" from config. Ensure required fields are present.
[2025-08-28T02:46:48.345Z] warn: <service-helpers> Error parsing service "Anime" from config. Ensure required fields are present.
[2025-08-28T02:46:48.401Z] warn: <service-helpers> Error parsing service "Anime" from config. Ensure required fields are present.
[2025-08-28T02:46:48.481Z] warn: <service-helpers> Error parsing service "Anime" from config. Ensure required fields are present.
[2025-08-28T02:46:48.625Z] warn: <service-helpers> Error parsing service "Anime" from config. Ensure required fields are present.
[2025-08-28T02:46:48.681Z] warn: <service-helpers> Error parsing service "Anime" from config. Ensure required fields are present.
[2025-08-28T02:46:48.698Z] warn: <service-helpers> Error parsing service "Anime" from config. Ensure required fields are present.
[2025-08-28T02:46:48.742Z] warn: <service-helpers> Error parsing service "Anime" from config. Ensure required fields are present.
[2025-08-28T02:46:48.778Z] warn: <service-helpers> Error parsing service "Anime" from config. Ensure required fields are present.
[2025-08-28T02:46:48.935Z] warn: <service-helpers> Error parsing service "Anime" from config. Ensure required fields are present.
[2025-08-28T02:46:48.999Z] warn: <service-helpers> Error parsing service "Anime" from config. Ensure required fields are present.
[2025-08-28T02:46:49.798Z] warn: <service-helpers> Error parsing service "Anime" from config. Ensure required fields are present.
[2025-08-28T02:46:49.803Z] warn: <service-helpers> Error parsing service "Anime" from config. Ensure required fields are present.
[2025-08-28T02:46:49.811Z] warn: <service-helpers> Error parsing service "Anime" from config. Ensure required fields are present.
[2025-08-28T02:46:50.041Z] warn: <service-helpers> Error parsing service "Anime" from config. Ensure required fields are present.
[2025-08-28T02:47:28.332Z] error: incomplete explicit mapping pair; a key node is missed; or followed by a non-tabulated empty line (62:3)

 59 |         href: https://ituhdo1hkk. ...
 60 |         ping: ituhdo1hkk.feishu.cn
 61 | 
 62 | - :
--------^
 63 |     - 资讯:
 64 |         - 新番表:
[2025-08-28T02:47:28.349Z] error: incomplete explicit mapping pair; a key node is missed; or followed by a non-tabulated empty line (62:3)

 59 |         href: https://ituhdo1hkk. ...
 60 |         ping: ituhdo1hkk.feishu.cn
 61 | 
 62 | - :
--------^
 63 |     - 资讯:
 64 |         - 新番表:
[2025-08-28T02:47:28.361Z] error: incomplete explicit mapping pair; a key node is missed; or followed by a non-tabulated empty line (62:3)

 59 |         href: https://ituhdo1hkk. ...
 60 |         ping: ituhdo1hkk.feishu.cn
 61 | 
 62 | - :
--------^
 63 |     - 资讯:
 64 |         - 新番表:
[2025-08-28T02:47:28.389Z] error: incomplete explicit mapping pair; a key node is missed; or followed by a non-tabulated empty line (62:3)

 59 |         href: https://ituhdo1hkk. ...
 60 |         ping: ituhdo1hkk.feishu.cn
 61 | 
 62 | - :
--------^
 63 |     - 资讯:
 64 |         - 新番表:
[2025-08-28T02:47:28.398Z] error: incomplete explicit mapping pair; a key node is missed; or followed by a non-tabulated empty line (62:3)

 59 |         href: https://ituhdo1hkk. ...
 60 |         ping: ituhdo1hkk.feishu.cn
 61 | 
 62 | - :
--------^
 63 |     - 资讯:
 64 |         - 新番表:
[2025-08-28T02:47:28.431Z] error: incomplete explicit mapping pair; a key node is missed; or followed by a non-tabulated empty line (62:3)

 59 |         href: https://ituhdo1hkk. ...
 60 |         ping: ituhdo1hkk.feishu.cn
 61 | 
 62 | - :
--------^
 63 |     - 资讯:
 64 |         - 新番表:
[2025-08-28T02:47:28.474Z] error: incomplete explicit mapping pair; a key node is missed; or followed by a non-tabulated empty line (62:3)

 59 |         href: https://ituhdo1hkk. ...
 60 |         ping: ituhdo1hkk.feishu.cn
 61 | 
 62 | - :
--------^
 63 |     - 资讯:
 64 |         - 新番表:
[2025-08-28T02:47:28.500Z] error: incomplete explicit mapping pair; a key node is missed; or followed by a non-tabulated empty line (62:3)

 59 |         href: https://ituhdo1hkk. ...
 60 |         ping: ituhdo1hkk.feishu.cn
 61 | 
 62 | - :
--------^
 63 |     - 资讯:
 64 |         - 新番表:
[2025-08-28T02:47:28.512Z] error: incomplete explicit mapping pair; a key node is missed; or followed by a non-tabulated empty line (62:3)

 59 |         href: https://ituhdo1hkk. ...
 60 |         ping: ituhdo1hkk.feishu.cn
 61 | 
 62 | - :
--------^
 63 |     - 资讯:
 64 |         - 新番表:
[2025-08-28T02:47:28.538Z] error: incomplete explicit mapping pair; a key node is missed; or followed by a non-tabulated empty line (62:3)

 59 |         href: https://ituhdo1hkk. ...
 60 |         ping: ituhdo1hkk.feishu.cn
 61 | 
 62 | - :
--------^
 63 |     - 资讯:
 64 |         - 新番表:
[2025-08-28T02:47:28.554Z] error: incomplete explicit mapping pair; a key node is missed; or followed by a non-tabulated empty line (62:3)

 59 |         href: https://ituhdo1hkk. ...
 60 |         ping: ituhdo1hkk.feishu.cn
 61 | 
 62 | - :
--------^
 63 |     - 资讯:
 64 |         - 新番表:
[2025-08-28T02:47:28.594Z] error: incomplete explicit mapping pair; a key node is missed; or followed by a non-tabulated empty line (62:3)

 59 |         href: https://ituhdo1hkk. ...
 60 |         ping: ituhdo1hkk.feishu.cn
 61 | 
 62 | - :
--------^
 63 |     - 资讯:
 64 |         - 新番表:
[2025-08-28T02:47:28.628Z] error: incomplete explicit mapping pair; a key node is missed; or followed by a non-tabulated empty line (62:3)

 59 |         href: https://ituhdo1hkk. ...
 60 |         ping: ituhdo1hkk.feishu.cn
 61 | 
 62 | - :
--------^
 63 |     - 资讯:
 64 |         - 新番表:
[2025-08-28T02:47:28.662Z] error: incomplete explicit mapping pair; a key node is missed; or followed by a non-tabulated empty line (62:3)

 59 |         href: https://ituhdo1hkk. ...
 60 |         ping: ituhdo1hkk.feishu.cn
 61 | 
 62 | - :
--------^
 63 |     - 资讯:
 64 |         - 新番表:
[2025-08-28T02:47:28.713Z] error: incomplete explicit mapping pair; a key node is missed; or followed by a non-tabulated empty line (62:3)

 59 |         href: https://ituhdo1hkk. ...
 60 |         ping: ituhdo1hkk.feishu.cn
 61 | 
 62 | - :
--------^
 63 |     - 资讯:
 64 |         - 新番表:
[2025-08-28T02:47:28.781Z] error: incomplete explicit mapping pair; a key node is missed; or followed by a non-tabulated empty line (62:3)

 59 |         href: https://ituhdo1hkk. ...
 60 |         ping: ituhdo1hkk.feishu.cn
 61 | 
 62 | - :
--------^
 63 |     - 资讯:
 64 |         - 新番表:
[2025-08-28T02:47:28.811Z] error: incomplete explicit mapping pair; a key node is missed; or followed by a non-tabulated empty line (62:3)

 59 |         href: https://ituhdo1hkk. ...
 60 |         ping: ituhdo1hkk.feishu.cn
 61 | 
 62 | - :
--------^
 63 |     - 资讯:
 64 |         - 新番表:
[2025-08-28T02:47:28.907Z] error: incomplete explicit mapping pair; a key node is missed; or followed by a non-tabulated empty line (62:3)

 59 |         href: https://ituhdo1hkk. ...
 60 |         ping: ituhdo1hkk.feishu.cn
 61 | 
 62 | - :
--------^
 63 |     - 资讯:
 64 |         - 新番表:
[2025-08-28T02:47:28.912Z] error: incomplete explicit mapping pair; a key node is missed; or followed by a non-tabulated empty line (62:3)

 59 |         href: https://ituhdo1hkk. ...
 60 |         ping: ituhdo1hkk.feishu.cn
 61 | 
 62 | - :
--------^
 63 |     - 资讯:
 64 |         - 新番表:
[2025-08-28T02:47:28.928Z] error: incomplete explicit mapping pair; a key node is missed; or followed by a non-tabulated empty line (62:3)

 59 |         href: https://ituhdo1hkk. ...
 60 |         ping: ituhdo1hkk.feishu.cn
 61 | 
 62 | - :
--------^
 63 |     - 资讯:
 64 |         - 新番表:
[2025-08-28T02:47:29.027Z] error: incomplete explicit mapping pair; a key node is missed; or followed by a non-tabulated empty line (62:3)

 59 |         href: https://ituhdo1hkk. ...
 60 |         ping: ituhdo1hkk.feishu.cn
 61 | 
 62 | - :
--------^
 63 |     - 资讯:
 64 |         - 新番表:
[2025-08-28T02:47:29.052Z] error: Failed to load services.yaml, please check for errors
[2025-08-28T02:47:29.052Z] error: YAMLException: incomplete explicit mapping pair; a key node is missed; or followed by a non-tabulated empty line (62:3)

 59 |         href: https://ituhdo1hkk. ...
 60 |         ping: ituhdo1hkk.feishu.cn
 61 | 
 62 | - :
--------^
 63 |     - 资讯:
 64 |         - 新番表:
[2025-08-28T02:47:29.074Z] error: incomplete explicit mapping pair; a key node is missed; or followed by a non-tabulated empty line (62:3)

 59 |         href: https://ituhdo1hkk. ...
 60 |         ping: ituhdo1hkk.feishu.cn
 61 | 
 62 | - :
--------^
 63 |     - 资讯:
 64 |         - 新番表:
[2025-08-28T02:47:29.144Z] error: Failed to load services.yaml, please check for errors
[2025-08-28T02:47:29.145Z] error: YAMLException: incomplete explicit mapping pair; a key node is missed; or followed by a non-tabulated empty line (62:3)

 59 |         href: https://ituhdo1hkk. ...
 60 |         ping: ituhdo1hkk.feishu.cn
 61 | 
 62 | - :
--------^
 63 |     - 资讯:
 64 |         - 新番表:
[2025-08-28T02:47:29.505Z] error: Failed to load services.yaml, please check for errors
[2025-08-28T02:47:29.505Z] error: YAMLException: incomplete explicit mapping pair; a key node is missed; or followed by a non-tabulated empty line (62:3)

 59 |         href: https://ituhdo1hkk. ...
 60 |         ping: ituhdo1hkk.feishu.cn
 61 | 
 62 | - :
--------^
 63 |     - 资讯:
 64 |         - 新番表:
[2025-09-01T15:14:09.916Z] error: <httpProxy> Error calling https://api.open-meteo.com/v1/forecast...
[2025-09-01T15:14:09.927Z] error: <httpProxy> [ 500, [AggregateError: ] { code: 'ETIMEDOUT' } ]
[2025-09-06T19:19:57.980Z] error: Host validation failed for: 38.22.95.121:3030. Hint: Set the HOMEPAGE_ALLOWED_HOSTS environment variable to allow requests from this host / port.
[2025-09-06T19:19:57.997Z] error: Host validation failed for: 38.22.95.121:3030. Hint: Set the HOMEPAGE_ALLOWED_HOSTS environment variable to allow requests from this host / port.
[2025-09-06T19:19:58.003Z] error: Host validation failed for: 38.22.95.121:3030. Hint: Set the HOMEPAGE_ALLOWED_HOSTS environment variable to allow requests from this host / port.
[2025-09-06T19:19:58.007Z] error: Host validation failed for: 38.22.95.121:3030. Hint: Set the HOMEPAGE_ALLOWED_HOSTS environment variable to allow requests from this host / port.
[2025-09-06T19:19:58.012Z] error: Host validation failed for: 38.22.95.121:3030. Hint: Set the HOMEPAGE_ALLOWED_HOSTS environment variable to allow requests from this host / port.
[2025-09-06T19:19:58.016Z] error: Host validation failed for: 38.22.95.121:3030. Hint: Set the HOMEPAGE_ALLOWED_HOSTS environment variable to allow requests from this host / port.
[2025-09-06T19:19:58.020Z] error: Host validation failed for: 38.22.95.121:3030. Hint: Set the HOMEPAGE_ALLOWED_HOSTS environment variable to allow requests from this host / port.
[2025-09-06T19:19:58.025Z] error: Host validation failed for: 38.22.95.121:3030. Hint: Set the HOMEPAGE_ALLOWED_HOSTS environment variable to allow requests from this host / port.
[2025-09-06T19:19:58.032Z] error: Host validation failed for: 38.22.95.121:3030. Hint: Set the HOMEPAGE_ALLOWED_HOSTS environment variable to allow requests from this host / port.
[2025-09-06T19:19:58.038Z] error: Host validation failed for: 38.22.95.121:3030. Hint: Set the HOMEPAGE_ALLOWED_HOSTS environment variable to allow requests from this host / port.
[2025-09-06T19:19:58.042Z] error: Host validation failed for: 38.22.95.121:3030. Hint: Set the HOMEPAGE_ALLOWED_HOSTS environment variable to allow requests from this host / port.
[2025-09-06T19:19:58.045Z] error: Host validation failed for: 38.22.95.121:3030. Hint: Set the HOMEPAGE_ALLOWED_HOSTS environment variable to allow requests from this host / port.
[2025-09-06T19:19:58.049Z] error: Host validation failed for: 38.22.95.121:3030. Hint: Set the HOMEPAGE_ALLOWED_HOSTS environment variable to allow requests from this host / port.
[2025-09-06T19:19:58.051Z] error: Host validation failed for: 38.22.95.121:3030. Hint: Set the HOMEPAGE_ALLOWED_HOSTS environment variable to allow requests from this host / port.
[2025-09-06T19:19:58.053Z] error: Host validation failed for: 38.22.95.121:3030. Hint: Set the HOMEPAGE_ALLOWED_HOSTS environment variable to allow requests from this host / port.
[2025-09-06T19:19:58.056Z] error: Host validation failed for: 38.22.95.121:3030. Hint: Set the HOMEPAGE_ALLOWED_HOSTS environment variable to allow requests from this host / port.
[2025-09-06T19:19:58.060Z] error: Host validation failed for: 38.22.95.121:3030. Hint: Set the HOMEPAGE_ALLOWED_HOSTS environment variable to allow requests from this host / port.
[2025-09-06T19:19:58.062Z] error: Host validation failed for: 38.22.95.121:3030. Hint: Set the HOMEPAGE_ALLOWED_HOSTS environment variable to allow requests from this host / port.
[2025-09-06T19:19:58.064Z] error: Host validation failed for: 38.22.95.121:3030. Hint: Set the HOMEPAGE_ALLOWED_HOSTS environment variable to allow requests from this host / port.
[2025-09-06T19:19:58.067Z] error: Host validation failed for: 38.22.95.121:3030. Hint: Set the HOMEPAGE_ALLOWED_HOSTS environment variable to allow requests from this host / port.
[2025-09-06T19:19:58.071Z] error: Host validation failed for: 38.22.95.121:3030. Hint: Set the HOMEPAGE_ALLOWED_HOSTS environment variable to allow requests from this host / port.
[2025-09-06T19:19:58.074Z] error: Host validation failed for: 38.22.95.121:3030. Hint: Set the HOMEPAGE_ALLOWED_HOSTS environment variable to allow requests from this host / port.
[2025-09-06T19:19:58.077Z] error: Host validation failed for: 38.22.95.121:3030. Hint: Set the HOMEPAGE_ALLOWED_HOSTS environment variable to allow requests from this host / port.
[2025-09-06T19:19:58.080Z] error: Host validation failed for: 38.22.95.121:3030. Hint: Set the HOMEPAGE_ALLOWED_HOSTS environment variable to allow requests from this host / port.
[2025-09-06T19:19:58.083Z] error: Host validation failed for: 38.22.95.121:3030. Hint: Set the HOMEPAGE_ALLOWED_HOSTS environment variable to allow requests from this host / port.
[2025-09-06T19:19:58.086Z] error: Host validation failed for: 38.22.95.121:3030. Hint: Set the HOMEPAGE_ALLOWED_HOSTS environment variable to allow requests from this host / port.
[2025-09-06T19:19:58.088Z] error: Host validation failed for: 38.22.95.121:3030. Hint: Set the HOMEPAGE_ALLOWED_HOSTS environment variable to allow requests from this host / port.
[2025-09-06T19:19:58.090Z] error: Host validation failed for: 38.22.95.121:3030. Hint: Set the HOMEPAGE_ALLOWED_HOSTS environment variable to allow requests from this host / port.
[2025-09-06T19:19:58.094Z] error: Host validation failed for: 38.22.95.121:3030. Hint: Set the HOMEPAGE_ALLOWED_HOSTS environment variable to allow requests from this host / port.
[2025-09-06T19:19:58.096Z] error: Host validation failed for: 38.22.95.121:3030. Hint: Set the HOMEPAGE_ALLOWED_HOSTS environment variable to allow requests from this host / port.
[2025-09-06T19:19:58.099Z] error: Host validation failed for: 38.22.95.121:3030. Hint: Set the HOMEPAGE_ALLOWED_HOSTS environment variable to allow requests from this host / port.
[2025-09-06T19:19:58.101Z] error: Host validation failed for: 38.22.95.121:3030. Hint: Set the HOMEPAGE_ALLOWED_HOSTS environment variable to allow requests from this host / port.
[2025-09-06T19:19:58.105Z] error: Host validation failed for: 38.22.95.121:3030. Hint: Set the HOMEPAGE_ALLOWED_HOSTS environment variable to allow requests from this host / port.
[2025-09-06T19:19:58.108Z] error: Host validation failed for: 38.22.95.121:3030. Hint: Set the HOMEPAGE_ALLOWED_HOSTS environment variable to allow requests from this host / port.
[2025-09-06T19:19:58.110Z] error: Host validation failed for: 38.22.95.121:3030. Hint: Set the HOMEPAGE_ALLOWED_HOSTS environment variable to allow requests from this host / port.
[2025-09-06T19:19:58.112Z] error: Host validation failed for: 38.22.95.121:3030. Hint: Set the HOMEPAGE_ALLOWED_HOSTS environment variable to allow requests from this host / port.
[2025-09-06T19:19:58.116Z] error: Host validation failed for: 38.22.95.121:3030. Hint: Set the HOMEPAGE_ALLOWED_HOSTS environment variable to allow requests from this host / port.
[2025-09-06T19:19:58.119Z] error: Host validation failed for: 38.22.95.121:3030. Hint: Set the HOMEPAGE_ALLOWED_HOSTS environment variable to allow requests from this host / port.
[2025-09-06T19:19:58.122Z] error: Host validation failed for: 38.22.95.121:3030. Hint: Set the HOMEPAGE_ALLOWED_HOSTS environment variable to allow requests from this host / port.
[2025-09-06T19:19:58.126Z] error: Host validation failed for: 38.22.95.121:3030. Hint: Set the HOMEPAGE_ALLOWED_HOSTS environment variable to allow requests from this host / port.
[2025-09-06T19:19:58.132Z] error: Host validation failed for: 38.22.95.121:3030. Hint: Set the HOMEPAGE_ALLOWED_HOSTS environment variable to allow requests from this host / port.
[2025-09-06T19:19:58.138Z] error: Host validation failed for: 38.22.95.121:3030. Hint: Set the HOMEPAGE_ALLOWED_HOSTS environment variable to allow requests from this host / port.
[2025-09-06T19:19:58.143Z] error: Host validation failed for: 38.22.95.121:3030. Hint: Set the HOMEPAGE_ALLOWED_HOSTS environment variable to allow requests from this host / port.
[2025-09-06T19:20:04.524Z] error: Host validation failed for: cadvisor.vaciller.top:3030. Hint: Set the HOMEPAGE_ALLOWED_HOSTS environment variable to allow requests from this host / port.
[2025-09-06T19:20:04.529Z] error: Host validation failed for: cadvisor.vaciller.top:3030. Hint: Set the HOMEPAGE_ALLOWED_HOSTS environment variable to allow requests from this host / port.
[2025-09-06T19:20:04.535Z] error: Host validation failed for: cadvisor.vaciller.top:3030. Hint: Set the HOMEPAGE_ALLOWED_HOSTS environment variable to allow requests from this host / port.
[2025-09-06T19:20:04.538Z] error: Host validation failed for: cadvisor.vaciller.top:3030. Hint: Set the HOMEPAGE_ALLOWED_HOSTS environment variable to allow requests from this host / port.
[2025-09-06T19:20:04.541Z] error: Host validation failed for: cadvisor.vaciller.top:3030. Hint: Set the HOMEPAGE_ALLOWED_HOSTS environment variable to allow requests from this host / port.
[2025-09-06T19:20:04.543Z] error: Host validation failed for: cadvisor.vaciller.top:3030. Hint: Set the HOMEPAGE_ALLOWED_HOSTS environment variable to allow requests from this host / port.
[2025-09-06T19:20:04.547Z] error: Host validation failed for: cadvisor.vaciller.top:3030. Hint: Set the HOMEPAGE_ALLOWED_HOSTS environment variable to allow requests from this host / port.
[2025-09-06T19:20:04.548Z] error: Host validation failed for: cadvisor.vaciller.top:3030. Hint: Set the HOMEPAGE_ALLOWED_HOSTS environment variable to allow requests from this host / port.
[2025-09-06T19:20:04.550Z] error: Host validation failed for: cadvisor.vaciller.top:3030. Hint: Set the HOMEPAGE_ALLOWED_HOSTS environment variable to allow requests from this host / port.
[2025-09-06T19:20:04.552Z] error: Host validation failed for: cadvisor.vaciller.top:3030. Hint: Set the HOMEPAGE_ALLOWED_HOSTS environment variable to allow requests from this host / port.
[2025-09-06T19:20:04.554Z] error: Host validation failed for: cadvisor.vaciller.top:3030. Hint: Set the HOMEPAGE_ALLOWED_HOSTS environment variable to allow requests from this host / port.
[2025-09-06T19:20:04.557Z] error: Host validation failed for: cadvisor.vaciller.top:3030. Hint: Set the HOMEPAGE_ALLOWED_HOSTS environment variable to allow requests from this host / port.
[2025-09-06T19:20:04.567Z] error: Host validation failed for: cadvisor.vaciller.top:3030. Hint: Set the HOMEPAGE_ALLOWED_HOSTS environment variable to allow requests from this host / port.
[2025-09-06T19:20:04.572Z] error: Host validation failed for: cadvisor.vaciller.top:3030. Hint: Set the HOMEPAGE_ALLOWED_HOSTS environment variable to allow requests from this host / port.
[2025-09-06T19:20:04.584Z] error: Host validation failed for: cadvisor.vaciller.top:3030. Hint: Set the HOMEPAGE_ALLOWED_HOSTS environment variable to allow requests from this host / port.
[2025-09-06T19:20:04.593Z] error: Host validation failed for: cadvisor.vaciller.top:3030. Hint: Set the HOMEPAGE_ALLOWED_HOSTS environment variable to allow requests from this host / port.
[2025-09-06T19:20:04.598Z] error: Host validation failed for: cadvisor.vaciller.top:3030. Hint: Set the HOMEPAGE_ALLOWED_HOSTS environment variable to allow requests from this host / port.
[2025-09-06T19:20:04.610Z] error: Host validation failed for: cadvisor.vaciller.top:3030. Hint: Set the HOMEPAGE_ALLOWED_HOSTS environment variable to allow requests from this host / port.
[2025-09-06T19:20:04.626Z] error: Host validation failed for: cadvisor.vaciller.top:3030. Hint: Set the HOMEPAGE_ALLOWED_HOSTS environment variable to allow requests from this host / port.
[2025-09-06T19:20:04.634Z] error: Host validation failed for: cadvisor.vaciller.top:3030. Hint: Set the HOMEPAGE_ALLOWED_HOSTS environment variable to allow requests from this host / port.
[2025-09-06T19:20:04.642Z] error: Host validation failed for: cadvisor.vaciller.top:3030. Hint: Set the HOMEPAGE_ALLOWED_HOSTS environment variable to allow requests from this host / port.
[2025-09-06T19:20:04.647Z] error: Host validation failed for: cadvisor.vaciller.top:3030. Hint: Set the HOMEPAGE_ALLOWED_HOSTS environment variable to allow requests from this host / port.
[2025-09-06T19:20:04.653Z] error: Host validation failed for: cadvisor.vaciller.top:3030. Hint: Set the HOMEPAGE_ALLOWED_HOSTS environment variable to allow requests from this host / port.
[2025-09-06T19:20:04.666Z] error: Host validation failed for: cadvisor.vaciller.top:3030. Hint: Set the HOMEPAGE_ALLOWED_HOSTS environment variable to allow requests from this host / port.
[2025-09-06T19:20:04.671Z] error: Host validation failed for: cadvisor.vaciller.top:3030. Hint: Set the HOMEPAGE_ALLOWED_HOSTS environment variable to allow requests from this host / port.
[2025-09-06T19:20:04.674Z] error: Host validation failed for: cadvisor.vaciller.top:3030. Hint: Set the HOMEPAGE_ALLOWED_HOSTS environment variable to allow requests from this host / port.
[2025-09-06T19:20:04.676Z] error: Host validation failed for: cadvisor.vaciller.top:3030. Hint: Set the HOMEPAGE_ALLOWED_HOSTS environment variable to allow requests from this host / port.
[2025-09-06T19:20:04.678Z] error: Host validation failed for: cadvisor.vaciller.top:3030. Hint: Set the HOMEPAGE_ALLOWED_HOSTS environment variable to allow requests from this host / port.
[2025-09-06T19:20:04.679Z] error: Host validation failed for: cadvisor.vaciller.top:3030. Hint: Set the HOMEPAGE_ALLOWED_HOSTS environment variable to allow requests from this host / port.
[2025-09-06T19:20:04.681Z] error: Host validation failed for: cadvisor.vaciller.top:3030. Hint: Set the HOMEPAGE_ALLOWED_HOSTS environment variable to allow requests from this host / port.
[2025-09-06T19:20:04.683Z] error: Host validation failed for: cadvisor.vaciller.top:3030. Hint: Set the HOMEPAGE_ALLOWED_HOSTS environment variable to allow requests from this host / port.
[2025-09-06T19:20:04.686Z] error: Host validation failed for: cadvisor.vaciller.top:3030. Hint: Set the HOMEPAGE_ALLOWED_HOSTS environment variable to allow requests from this host / port.
[2025-09-06T19:20:04.688Z] error: Host validation failed for: cadvisor.vaciller.top:3030. Hint: Set the HOMEPAGE_ALLOWED_HOSTS environment variable to allow requests from this host / port.
[2025-09-06T19:20:04.691Z] error: Host validation failed for: cadvisor.vaciller.top:3030. Hint: Set the HOMEPAGE_ALLOWED_HOSTS environment variable to allow requests from this host / port.
[2025-09-06T19:20:04.693Z] error: Host validation failed for: cadvisor.vaciller.top:3030. Hint: Set the HOMEPAGE_ALLOWED_HOSTS environment variable to allow requests from this host / port.
[2025-09-06T19:20:04.695Z] error: Host validation failed for: cadvisor.vaciller.top:3030. Hint: Set the HOMEPAGE_ALLOWED_HOSTS environment variable to allow requests from this host / port.
[2025-09-06T19:20:04.697Z] error: Host validation failed for: cadvisor.vaciller.top:3030. Hint: Set the HOMEPAGE_ALLOWED_HOSTS environment variable to allow requests from this host / port.
[2025-09-06T19:20:04.700Z] error: Host validation failed for: cadvisor.vaciller.top:3030. Hint: Set the HOMEPAGE_ALLOWED_HOSTS environment variable to allow requests from this host / port.
[2025-09-06T19:20:04.707Z] error: Host validation failed for: cadvisor.vaciller.top:3030. Hint: Set the HOMEPAGE_ALLOWED_HOSTS environment variable to allow requests from this host / port.
[2025-09-06T19:20:04.714Z] error: Host validation failed for: cadvisor.vaciller.top:3030. Hint: Set the HOMEPAGE_ALLOWED_HOSTS environment variable to allow requests from this host / port.
[2025-09-06T19:20:04.941Z] error: Host validation failed for: cadvisor.vaciller.top:3030. Hint: Set the HOMEPAGE_ALLOWED_HOSTS environment variable to allow requests from this host / port.
[2025-09-06T19:20:04.944Z] error: Host validation failed for: cadvisor.vaciller.top:3030. Hint: Set the HOMEPAGE_ALLOWED_HOSTS environment variable to allow requests from this host / port.
[2025-09-06T19:20:04.946Z] error: Host validation failed for: cadvisor.vaciller.top:3030. Hint: Set the HOMEPAGE_ALLOWED_HOSTS environment variable to allow requests from this host / port.
[2025-09-06T19:20:23.753Z] error: Host validation failed for: rustdesk.vaciller.top:3030. Hint: Set the HOMEPAGE_ALLOWED_HOSTS environment variable to allow requests from this host / port.
[2025-09-06T19:20:23.764Z] error: Host validation failed for: rustdesk.vaciller.top:3030. Hint: Set the HOMEPAGE_ALLOWED_HOSTS environment variable to allow requests from this host / port.
[2025-09-06T19:20:23.770Z] error: Host validation failed for: rustdesk.vaciller.top:3030. Hint: Set the HOMEPAGE_ALLOWED_HOSTS environment variable to allow requests from this host / port.
[2025-09-06T19:20:23.786Z] error: Host validation failed for: rustdesk.vaciller.top:3030. Hint: Set the HOMEPAGE_ALLOWED_HOSTS environment variable to allow requests from this host / port.
[2025-09-06T19:20:23.788Z] error: Host validation failed for: rustdesk.vaciller.top:3030. Hint: Set the HOMEPAGE_ALLOWED_HOSTS environment variable to allow requests from this host / port.
[2025-09-06T19:20:23.800Z] error: Host validation failed for: rustdesk.vaciller.top:3030. Hint: Set the HOMEPAGE_ALLOWED_HOSTS environment variable to allow requests from this host / port.
[2025-09-06T19:20:23.804Z] error: Host validation failed for: rustdesk.vaciller.top:3030. Hint: Set the HOMEPAGE_ALLOWED_HOSTS environment variable to allow requests from this host / port.
[2025-09-06T19:20:23.820Z] error: Host validation failed for: rustdesk.vaciller.top:3030. Hint: Set the HOMEPAGE_ALLOWED_HOSTS environment variable to allow requests from this host / port.
[2025-09-06T19:20:23.823Z] error: Host validation failed for: rustdesk.vaciller.top:3030. Hint: Set the HOMEPAGE_ALLOWED_HOSTS environment variable to allow requests from this host / port.
[2025-09-06T19:20:23.827Z] error: Host validation failed for: rustdesk.vaciller.top:3030. Hint: Set the HOMEPAGE_ALLOWED_HOSTS environment variable to allow requests from this host / port.
[2025-09-06T19:20:23.829Z] error: Host validation failed for: rustdesk.vaciller.top:3030. Hint: Set the HOMEPAGE_ALLOWED_HOSTS environment variable to allow requests from this host / port.
[2025-09-06T19:20:23.832Z] error: Host validation failed for: rustdesk.vaciller.top:3030. Hint: Set the HOMEPAGE_ALLOWED_HOSTS environment variable to allow requests from this host / port.
[2025-09-06T19:20:23.835Z] error: Host validation failed for: rustdesk.vaciller.top:3030. Hint: Set the HOMEPAGE_ALLOWED_HOSTS environment variable to allow requests from this host / port.
[2025-09-06T19:20:23.841Z] error: Host validation failed for: rustdesk.vaciller.top:3030. Hint: Set the HOMEPAGE_ALLOWED_HOSTS environment variable to allow requests from this host / port.
[2025-09-06T19:20:23.848Z] error: Host validation failed for: rustdesk.vaciller.top:3030. Hint: Set the HOMEPAGE_ALLOWED_HOSTS environment variable to allow requests from this host / port.
[2025-09-06T19:20:23.852Z] error: Host validation failed for: rustdesk.vaciller.top:3030. Hint: Set the HOMEPAGE_ALLOWED_HOSTS environment variable to allow requests from this host / port.
[2025-09-06T19:20:23.855Z] error: Host validation failed for: rustdesk.vaciller.top:3030. Hint: Set the HOMEPAGE_ALLOWED_HOSTS environment variable to allow requests from this host / port.
[2025-09-06T19:20:23.860Z] error: Host validation failed for: rustdesk.vaciller.top:3030. Hint: Set the HOMEPAGE_ALLOWED_HOSTS environment variable to allow requests from this host / port.
[2025-09-06T19:20:23.862Z] error: Host validation failed for: rustdesk.vaciller.top:3030. Hint: Set the HOMEPAGE_ALLOWED_HOSTS environment variable to allow requests from this host / port.
[2025-09-06T19:20:23.864Z] error: Host validation failed for: rustdesk.vaciller.top:3030. Hint: Set the HOMEPAGE_ALLOWED_HOSTS environment variable to allow requests from this host / port.
[2025-09-06T19:20:23.867Z] error: Host validation failed for: rustdesk.vaciller.top:3030. Hint: Set the HOMEPAGE_ALLOWED_HOSTS environment variable to allow requests from this host / port.
[2025-09-06T19:20:23.870Z] error: Host validation failed for: rustdesk.vaciller.top:3030. Hint: Set the HOMEPAGE_ALLOWED_HOSTS environment variable to allow requests from this host / port.
[2025-09-06T19:20:23.873Z] error: Host validation failed for: rustdesk.vaciller.top:3030. Hint: Set the HOMEPAGE_ALLOWED_HOSTS environment variable to allow requests from this host / port.
[2025-09-06T19:20:23.875Z] error: Host validation failed for: rustdesk.vaciller.top:3030. Hint: Set the HOMEPAGE_ALLOWED_HOSTS environment variable to allow requests from this host / port.
[2025-09-06T19:20:23.877Z] error: Host validation failed for: rustdesk.vaciller.top:3030. Hint: Set the HOMEPAGE_ALLOWED_HOSTS environment variable to allow requests from this host / port.
[2025-09-06T19:20:23.881Z] error: Host validation failed for: rustdesk.vaciller.top:3030. Hint: Set the HOMEPAGE_ALLOWED_HOSTS environment variable to allow requests from this host / port.
[2025-09-06T19:20:23.883Z] error: Host validation failed for: rustdesk.vaciller.top:3030. Hint: Set the HOMEPAGE_ALLOWED_HOSTS environment variable to allow requests from this host / port.
[2025-09-06T19:20:23.885Z] error: Host validation failed for: rustdesk.vaciller.top:3030. Hint: Set the HOMEPAGE_ALLOWED_HOSTS environment variable to allow requests from this host / port.
[2025-09-06T19:20:23.889Z] error: Host validation failed for: rustdesk.vaciller.top:3030. Hint: Set the HOMEPAGE_ALLOWED_HOSTS environment variable to allow requests from this host / port.
[2025-09-06T19:20:23.891Z] error: Host validation failed for: rustdesk.vaciller.top:3030. Hint: Set the HOMEPAGE_ALLOWED_HOSTS environment variable to allow requests from this host / port.
[2025-09-06T19:20:23.893Z] error: Host validation failed for: rustdesk.vaciller.top:3030. Hint: Set the HOMEPAGE_ALLOWED_HOSTS environment variable to allow requests from this host / port.
[2025-09-06T19:20:23.896Z] error: Host validation failed for: rustdesk.vaciller.top:3030. Hint: Set the HOMEPAGE_ALLOWED_HOSTS environment variable to allow requests from this host / port.
[2025-09-06T19:20:23.899Z] error: Host validation failed for: rustdesk.vaciller.top:3030. Hint: Set the HOMEPAGE_ALLOWED_HOSTS environment variable to allow requests from this host / port.
[2025-09-06T19:20:23.902Z] error: Host validation failed for: rustdesk.vaciller.top:3030. Hint: Set the HOMEPAGE_ALLOWED_HOSTS environment variable to allow requests from this host / port.
[2025-09-06T19:20:23.906Z] error: Host validation failed for: rustdesk.vaciller.top:3030. Hint: Set the HOMEPAGE_ALLOWED_HOSTS environment variable to allow requests from this host / port.
[2025-09-06T19:20:23.923Z] error: Host validation failed for: rustdesk.vaciller.top:3030. Hint: Set the HOMEPAGE_ALLOWED_HOSTS environment variable to allow requests from this host / port.
[2025-09-06T19:20:23.931Z] error: Host validation failed for: rustdesk.vaciller.top:3030. Hint: Set the HOMEPAGE_ALLOWED_HOSTS environment variable to allow requests from this host / port.
[2025-09-06T19:20:23.935Z] error: Host validation failed for: rustdesk.vaciller.top:3030. Hint: Set the HOMEPAGE_ALLOWED_HOSTS environment variable to allow requests from this host / port.
[2025-09-06T19:20:23.939Z] error: Host validation failed for: rustdesk.vaciller.top:3030. Hint: Set the HOMEPAGE_ALLOWED_HOSTS environment variable to allow requests from this host / port.
[2025-09-06T19:20:23.953Z] error: Host validation failed for: rustdesk.vaciller.top:3030. Hint: Set the HOMEPAGE_ALLOWED_HOSTS environment variable to allow requests from this host / port.
[2025-09-06T19:20:23.957Z] error: Host validation failed for: rustdesk.vaciller.top:3030. Hint: Set the HOMEPAGE_ALLOWED_HOSTS environment variable to allow requests from this host / port.
[2025-09-06T19:20:23.960Z] error: Host validation failed for: rustdesk.vaciller.top:3030. Hint: Set the HOMEPAGE_ALLOWED_HOSTS environment variable to allow requests from this host / port.
[2025-09-06T19:20:23.963Z] error: Host validation failed for: rustdesk.vaciller.top:3030. Hint: Set the HOMEPAGE_ALLOWED_HOSTS environment variable to allow requests from this host / port.
[2025-09-11T07:01:22.518Z] error: <httpProxy> Error calling https://api.open-meteo.com/v1/forecast...
[2025-09-11T07:01:22.524Z] error: <httpProxy> [ 500, [AggregateError: ] { code: 'ETIMEDOUT' } ]
[2025-09-22T10:00:29.964Z] error: Host validation failed for: 38.22.95.121:3030. Hint: Set the HOMEPAGE_ALLOWED_HOSTS environment variable to allow requests from this host / port.
[2025-09-22T10:00:29.975Z] error: Host validation failed for: 38.22.95.121:3030. Hint: Set the HOMEPAGE_ALLOWED_HOSTS environment variable to allow requests from this host / port.
[2025-09-22T10:00:29.980Z] error: Host validation failed for: 38.22.95.121:3030. Hint: Set the HOMEPAGE_ALLOWED_HOSTS environment variable to allow requests from this host / port.
[2025-09-22T10:00:29.983Z] error: Host validation failed for: 38.22.95.121:3030. Hint: Set the HOMEPAGE_ALLOWED_HOSTS environment variable to allow requests from this host / port.
[2025-09-22T10:00:29.986Z] error: Host validation failed for: 38.22.95.121:3030. Hint: Set the HOMEPAGE_ALLOWED_HOSTS environment variable to allow requests from this host / port.
[2025-09-22T10:00:29.989Z] error: Host validation failed for: 38.22.95.121:3030. Hint: Set the HOMEPAGE_ALLOWED_HOSTS environment variable to allow requests from this host / port.
[2025-09-22T10:00:29.992Z] error: Host validation failed for: 38.22.95.121:3030. Hint: Set the HOMEPAGE_ALLOWED_HOSTS environment variable to allow requests from this host / port.
[2025-09-22T10:00:29.994Z] error: Host validation failed for: 38.22.95.121:3030. Hint: Set the HOMEPAGE_ALLOWED_HOSTS environment variable to allow requests from this host / port.
[2025-09-22T10:00:29.997Z] error: Host validation failed for: 38.22.95.121:3030. Hint: Set the HOMEPAGE_ALLOWED_HOSTS environment variable to allow requests from this host / port.
[2025-09-22T10:00:30.004Z] error: Host validation failed for: 38.22.95.121:3030. Hint: Set the HOMEPAGE_ALLOWED_HOSTS environment variable to allow requests from this host / port.
[2025-09-22T10:00:30.008Z] error: Host validation failed for: 38.22.95.121:3030. Hint: Set the HOMEPAGE_ALLOWED_HOSTS environment variable to allow requests from this host / port.
[2025-09-22T10:00:30.011Z] error: Host validation failed for: 38.22.95.121:3030. Hint: Set the HOMEPAGE_ALLOWED_HOSTS environment variable to allow requests from this host / port.
[2025-09-22T10:00:30.015Z] error: Host validation failed for: 38.22.95.121:3030. Hint: Set the HOMEPAGE_ALLOWED_HOSTS environment variable to allow requests from this host / port.
[2025-09-22T10:00:30.020Z] error: Host validation failed for: 38.22.95.121:3030. Hint: Set the HOMEPAGE_ALLOWED_HOSTS environment variable to allow requests from this host / port.
[2025-09-22T10:00:30.024Z] error: Host validation failed for: 38.22.95.121:3030. Hint: Set the HOMEPAGE_ALLOWED_HOSTS environment variable to allow requests from this host / port.
[2025-09-22T10:00:30.027Z] error: Host validation failed for: 38.22.95.121:3030. Hint: Set the HOMEPAGE_ALLOWED_HOSTS environment variable to allow requests from this host / port.
[2025-09-22T10:00:30.029Z] error: Host validation failed for: 38.22.95.121:3030. Hint: Set the HOMEPAGE_ALLOWED_HOSTS environment variable to allow requests from this host / port.
[2025-09-22T10:00:30.033Z] error: Host validation failed for: 38.22.95.121:3030. Hint: Set the HOMEPAGE_ALLOWED_HOSTS environment variable to allow requests from this host / port.
[2025-09-22T10:00:30.036Z] error: Host validation failed for: 38.22.95.121:3030. Hint: Set the HOMEPAGE_ALLOWED_HOSTS environment variable to allow requests from this host / port.
[2025-09-22T10:00:30.039Z] error: Host validation failed for: 38.22.95.121:3030. Hint: Set the HOMEPAGE_ALLOWED_HOSTS environment variable to allow requests from this host / port.
[2025-09-22T10:00:30.042Z] error: Host validation failed for: 38.22.95.121:3030. Hint: Set the HOMEPAGE_ALLOWED_HOSTS environment variable to allow requests from this host / port.
[2025-09-22T10:00:30.050Z] error: Host validation failed for: 38.22.95.121:3030. Hint: Set the HOMEPAGE_ALLOWED_HOSTS environment variable to allow requests from this host / port.
[2025-09-22T10:00:30.055Z] error: Host validation failed for: 38.22.95.121:3030. Hint: Set the HOMEPAGE_ALLOWED_HOSTS environment variable to allow requests from this host / port.
[2025-09-22T10:00:30.060Z] error: Host validation failed for: 38.22.95.121:3030. Hint: Set the HOMEPAGE_ALLOWED_HOSTS environment variable to allow requests from this host / port.
[2025-09-22T10:00:30.063Z] error: Host validation failed for: 38.22.95.121:3030. Hint: Set the HOMEPAGE_ALLOWED_HOSTS environment variable to allow requests from this host / port.
[2025-09-22T10:00:30.067Z] error: Host validation failed for: 38.22.95.121:3030. Hint: Set the HOMEPAGE_ALLOWED_HOSTS environment variable to allow requests from this host / port.
[2025-09-22T10:00:30.070Z] error: Host validation failed for: 38.22.95.121:3030. Hint: Set the HOMEPAGE_ALLOWED_HOSTS environment variable to allow requests from this host / port.
[2025-09-22T10:00:30.072Z] error: Host validation failed for: 38.22.95.121:3030. Hint: Set the HOMEPAGE_ALLOWED_HOSTS environment variable to allow requests from this host / port.
[2025-09-22T10:00:30.075Z] error: Host validation failed for: 38.22.95.121:3030. Hint: Set the HOMEPAGE_ALLOWED_HOSTS environment variable to allow requests from this host / port.
[2025-09-22T10:00:30.081Z] error: Host validation failed for: 38.22.95.121:3030. Hint: Set the HOMEPAGE_ALLOWED_HOSTS environment variable to allow requests from this host / port.
[2025-09-22T10:00:30.085Z] error: Host validation failed for: 38.22.95.121:3030. Hint: Set the HOMEPAGE_ALLOWED_HOSTS environment variable to allow requests from this host / port.
[2025-09-22T10:00:30.090Z] error: Host validation failed for: 38.22.95.121:3030. Hint: Set the HOMEPAGE_ALLOWED_HOSTS environment variable to allow requests from this host / port.
[2025-09-22T10:00:30.093Z] error: Host validation failed for: 38.22.95.121:3030. Hint: Set the HOMEPAGE_ALLOWED_HOSTS environment variable to allow requests from this host / port.
[2025-09-22T10:00:30.099Z] error: Host validation failed for: 38.22.95.121:3030. Hint: Set the HOMEPAGE_ALLOWED_HOSTS environment variable to allow requests from this host / port.
[2025-09-22T10:00:30.103Z] error: Host validation failed for: 38.22.95.121:3030. Hint: Set the HOMEPAGE_ALLOWED_HOSTS environment variable to allow requests from this host / port.
[2025-09-22T10:00:30.107Z] error: Host validation failed for: 38.22.95.121:3030. Hint: Set the HOMEPAGE_ALLOWED_HOSTS environment variable to allow requests from this host / port.
[2025-09-22T10:00:30.111Z] error: Host validation failed for: 38.22.95.121:3030. Hint: Set the HOMEPAGE_ALLOWED_HOSTS environment variable to allow requests from this host / port.
[2025-09-22T10:00:30.116Z] error: Host validation failed for: 38.22.95.121:3030. Hint: Set the HOMEPAGE_ALLOWED_HOSTS environment variable to allow requests from this host / port.
[2025-09-22T10:00:30.189Z] error: Host validation failed for: 38.22.95.121:3030. Hint: Set the HOMEPAGE_ALLOWED_HOSTS environment variable to allow requests from this host / port.
[2025-10-09T15:17:32.434Z] error: <httpProxy> Error calling https://api.open-meteo.com/v1/forecast...
[2025-10-09T15:17:32.445Z] error: <httpProxy> [ 500, [AggregateError: ] { code: 'ETIMEDOUT' } ]
[2025-10-23T12:43:18.616Z] error: Host validation failed for: wangzhe.cfd:3030. Hint: Set the HOMEPAGE_ALLOWED_HOSTS environment variable to allow requests from this host / port.
[2025-10-23T12:43:18.630Z] error: Host validation failed for: wangzhe.cfd:3030. Hint: Set the HOMEPAGE_ALLOWED_HOSTS environment variable to allow requests from this host / port.
[2025-10-23T12:43:18.639Z] error: Host validation failed for: wangzhe.cfd:3030. Hint: Set the HOMEPAGE_ALLOWED_HOSTS environment variable to allow requests from this host / port.
[2025-10-23T12:43:18.643Z] error: Host validation failed for: wangzhe.cfd:3030. Hint: Set the HOMEPAGE_ALLOWED_HOSTS environment variable to allow requests from this host / port.
[2025-10-23T12:43:18.655Z] error: Host validation failed for: wangzhe.cfd:3030. Hint: Set the HOMEPAGE_ALLOWED_HOSTS environment variable to allow requests from this host / port.
[2025-10-23T12:43:18.665Z] error: Host validation failed for: wangzhe.cfd:3030. Hint: Set the HOMEPAGE_ALLOWED_HOSTS environment variable to allow requests from this host / port.
[2025-10-23T12:43:18.683Z] error: Host validation failed for: wangzhe.cfd:3030. Hint: Set the HOMEPAGE_ALLOWED_HOSTS environment variable to allow requests from this host / port.
[2025-10-23T12:43:18.714Z] error: Host validation failed for: wangzhe.cfd:3030. Hint: Set the HOMEPAGE_ALLOWED_HOSTS environment variable to allow requests from this host / port.
[2025-10-23T12:43:18.717Z] error: Host validation failed for: wangzhe.cfd:3030. Hint: Set the HOMEPAGE_ALLOWED_HOSTS environment variable to allow requests from this host / port.
[2025-10-23T12:43:18.723Z] error: Host validation failed for: wangzhe.cfd:3030. Hint: Set the HOMEPAGE_ALLOWED_HOSTS environment variable to allow requests from this host / port.
[2025-10-23T12:43:18.728Z] error: Host validation failed for: wangzhe.cfd:3030. Hint: Set the HOMEPAGE_ALLOWED_HOSTS environment variable to allow requests from this host / port.
[2025-10-23T12:43:18.731Z] error: Host validation failed for: wangzhe.cfd:3030. Hint: Set the HOMEPAGE_ALLOWED_HOSTS environment variable to allow requests from this host / port.
[2025-10-23T12:43:18.733Z] error: Host validation failed for: wangzhe.cfd:3030. Hint: Set the HOMEPAGE_ALLOWED_HOSTS environment variable to allow requests from this host / port.
[2025-10-23T12:43:18.737Z] error: Host validation failed for: wangzhe.cfd:3030. Hint: Set the HOMEPAGE_ALLOWED_HOSTS environment variable to allow requests from this host / port.
[2025-10-23T12:43:18.748Z] error: Host validation failed for: wangzhe.cfd:3030. Hint: Set the HOMEPAGE_ALLOWED_HOSTS environment variable to allow requests from this host / port.
[2025-10-23T12:43:18.751Z] error: Host validation failed for: wangzhe.cfd:3030. Hint: Set the HOMEPAGE_ALLOWED_HOSTS environment variable to allow requests from this host / port.
[2025-10-23T12:43:18.753Z] error: Host validation failed for: wangzhe.cfd:3030. Hint: Set the HOMEPAGE_ALLOWED_HOSTS environment variable to allow requests from this host / port.
[2025-10-23T12:43:18.755Z] error: Host validation failed for: wangzhe.cfd:3030. Hint: Set the HOMEPAGE_ALLOWED_HOSTS environment variable to allow requests from this host / port.
[2025-10-23T12:43:18.759Z] error: Host validation failed for: wangzhe.cfd:3030. Hint: Set the HOMEPAGE_ALLOWED_HOSTS environment variable to allow requests from this host / port.
[2025-10-23T12:43:18.761Z] error: Host validation failed for: wangzhe.cfd:3030. Hint: Set the HOMEPAGE_ALLOWED_HOSTS environment variable to allow requests from this host / port.
[2025-10-23T12:43:18.766Z] error: Host validation failed for: wangzhe.cfd:3030. Hint: Set the HOMEPAGE_ALLOWED_HOSTS environment variable to allow requests from this host / port.
[2025-10-23T12:43:18.768Z] error: Host validation failed for: wangzhe.cfd:3030. Hint: Set the HOMEPAGE_ALLOWED_HOSTS environment variable to allow requests from this host / port.
[2025-10-23T12:43:18.773Z] error: Host validation failed for: wangzhe.cfd:3030. Hint: Set the HOMEPAGE_ALLOWED_HOSTS environment variable to allow requests from this host / port.
[2025-10-23T12:43:18.776Z] error: Host validation failed for: wangzhe.cfd:3030. Hint: Set the HOMEPAGE_ALLOWED_HOSTS environment variable to allow requests from this host / port.
[2025-10-23T12:43:18.778Z] error: Host validation failed for: wangzhe.cfd:3030. Hint: Set the HOMEPAGE_ALLOWED_HOSTS environment variable to allow requests from this host / port.
[2025-10-23T12:43:18.783Z] error: Host validation failed for: wangzhe.cfd:3030. Hint: Set the HOMEPAGE_ALLOWED_HOSTS environment variable to allow requests from this host / port.
[2025-10-23T12:43:18.785Z] error: Host validation failed for: wangzhe.cfd:3030. Hint: Set the HOMEPAGE_ALLOWED_HOSTS environment variable to allow requests from this host / port.
[2025-10-23T12:43:18.800Z] error: Host validation failed for: wangzhe.cfd:3030. Hint: Set the HOMEPAGE_ALLOWED_HOSTS environment variable to allow requests from this host / port.
[2025-10-23T12:43:19.832Z] error: Host validation failed for: wangzhe.cfd:3030. Hint: Set the HOMEPAGE_ALLOWED_HOSTS environment variable to allow requests from this host / port.
[2025-10-23T12:43:19.844Z] error: Host validation failed for: wangzhe.cfd:3030. Hint: Set the HOMEPAGE_ALLOWED_HOSTS environment variable to allow requests from this host / port.
[2025-10-23T12:43:19.892Z] error: Host validation failed for: wangzhe.cfd:3030. Hint: Set the HOMEPAGE_ALLOWED_HOSTS environment variable to allow requests from this host / port.
[2025-10-23T12:43:19.995Z] error: Host validation failed for: wangzhe.cfd:3030. Hint: Set the HOMEPAGE_ALLOWED_HOSTS environment variable to allow requests from this host / port.
[2025-10-23T12:43:20.002Z] error: Host validation failed for: wangzhe.cfd:3030. Hint: Set the HOMEPAGE_ALLOWED_HOSTS environment variable to allow requests from this host / port.
[2025-10-23T12:43:20.650Z] error: Host validation failed for: wangzhe.cfd:3030. Hint: Set the HOMEPAGE_ALLOWED_HOSTS environment variable to allow requests from this host / port.
[2025-10-23T12:43:20.733Z] error: Host validation failed for: wangzhe.cfd:3030. Hint: Set the HOMEPAGE_ALLOWED_HOSTS environment variable to allow requests from this host / port.
[2025-10-23T12:43:21.951Z] error: Host validation failed for: cadvisor.vaciller.top:3030. Hint: Set the HOMEPAGE_ALLOWED_HOSTS environment variable to allow requests from this host / port.
[2025-10-23T12:43:21.956Z] error: Host validation failed for: cadvisor.vaciller.top:3030. Hint: Set the HOMEPAGE_ALLOWED_HOSTS environment variable to allow requests from this host / port.
[2025-10-23T12:43:21.960Z] error: Host validation failed for: cadvisor.vaciller.top:3030. Hint: Set the HOMEPAGE_ALLOWED_HOSTS environment variable to allow requests from this host / port.
[2025-10-23T12:43:21.964Z] error: Host validation failed for: cadvisor.vaciller.top:3030. Hint: Set the HOMEPAGE_ALLOWED_HOSTS environment variable to allow requests from this host / port.
[2025-10-23T12:43:21.971Z] error: Host validation failed for: cadvisor.vaciller.top:3030. Hint: Set the HOMEPAGE_ALLOWED_HOSTS environment variable to allow requests from this host / port.
[2025-10-23T12:43:21.974Z] error: Host validation failed for: cadvisor.vaciller.top:3030. Hint: Set the HOMEPAGE_ALLOWED_HOSTS environment variable to allow requests from this host / port.
[2025-10-23T12:43:21.978Z] error: Host validation failed for: cadvisor.vaciller.top:3030. Hint: Set the HOMEPAGE_ALLOWED_HOSTS environment variable to allow requests from this host / port.
[2025-10-23T12:43:21.981Z] error: Host validation failed for: cadvisor.vaciller.top:3030. Hint: Set the HOMEPAGE_ALLOWED_HOSTS environment variable to allow requests from this host / port.
[2025-10-23T12:43:21.988Z] error: Host validation failed for: cadvisor.vaciller.top:3030. Hint: Set the HOMEPAGE_ALLOWED_HOSTS environment variable to allow requests from this host / port.
[2025-10-23T12:43:21.992Z] error: Host validation failed for: cadvisor.vaciller.top:3030. Hint: Set the HOMEPAGE_ALLOWED_HOSTS environment variable to allow requests from this host / port.
[2025-10-23T12:43:21.997Z] error: Host validation failed for: cadvisor.vaciller.top:3030. Hint: Set the HOMEPAGE_ALLOWED_HOSTS environment variable to allow requests from this host / port.
[2025-10-23T12:43:22.000Z] error: Host validation failed for: cadvisor.vaciller.top:3030. Hint: Set the HOMEPAGE_ALLOWED_HOSTS environment variable to allow requests from this host / port.
[2025-10-23T12:43:22.168Z] error: Host validation failed for: cadvisor.vaciller.top:3030. Hint: Set the HOMEPAGE_ALLOWED_HOSTS environment variable to allow requests from this host / port.
[2025-10-23T12:43:22.175Z] error: Host validation failed for: cadvisor.vaciller.top:3030. Hint: Set the HOMEPAGE_ALLOWED_HOSTS environment variable to allow requests from this host / port.
[2025-10-23T12:43:22.178Z] error: Host validation failed for: cadvisor.vaciller.top:3030. Hint: Set the HOMEPAGE_ALLOWED_HOSTS environment variable to allow requests from this host / port.
[2025-10-23T12:43:22.201Z] error: Host validation failed for: cadvisor.vaciller.top:3030. Hint: Set the HOMEPAGE_ALLOWED_HOSTS environment variable to allow requests from this host / port.
[2025-10-23T12:43:22.208Z] error: Host validation failed for: cadvisor.vaciller.top:3030. Hint: Set the HOMEPAGE_ALLOWED_HOSTS environment variable to allow requests from this host / port.
[2025-10-23T12:43:22.211Z] error: Host validation failed for: cadvisor.vaciller.top:3030. Hint: Set the HOMEPAGE_ALLOWED_HOSTS environment variable to allow requests from this host / port.
[2025-10-23T12:43:22.214Z] error: Host validation failed for: cadvisor.vaciller.top:3030. Hint: Set the HOMEPAGE_ALLOWED_HOSTS environment variable to allow requests from this host / port.
[2025-10-23T12:43:22.218Z] error: Host validation failed for: cadvisor.vaciller.top:3030. Hint: Set the HOMEPAGE_ALLOWED_HOSTS environment variable to allow requests from this host / port.
[2025-10-23T12:43:22.226Z] error: Host validation failed for: cadvisor.vaciller.top:3030. Hint: Set the HOMEPAGE_ALLOWED_HOSTS environment variable to allow requests from this host / port.
[2025-10-23T12:43:22.230Z] error: Host validation failed for: cadvisor.vaciller.top:3030. Hint: Set the HOMEPAGE_ALLOWED_HOSTS environment variable to allow requests from this host / port.
[2025-10-23T12:43:22.236Z] error: Host validation failed for: cadvisor.vaciller.top:3030. Hint: Set the HOMEPAGE_ALLOWED_HOSTS environment variable to allow requests from this host / port.
[2025-10-23T12:43:22.249Z] error: Host validation failed for: cadvisor.vaciller.top:3030. Hint: Set the HOMEPAGE_ALLOWED_HOSTS environment variable to allow requests from this host / port.
[2025-10-23T12:43:22.253Z] error: Host validation failed for: cadvisor.vaciller.top:3030. Hint: Set the HOMEPAGE_ALLOWED_HOSTS environment variable to allow requests from this host / port.
[2025-10-23T12:43:22.285Z] error: Host validation failed for: cadvisor.vaciller.top:3030. Hint: Set the HOMEPAGE_ALLOWED_HOSTS environment variable to allow requests from this host / port.
[2025-10-23T12:43:22.495Z] error: Host validation failed for: cadvisor.vaciller.top:3030. Hint: Set the HOMEPAGE_ALLOWED_HOSTS environment variable to allow requests from this host / port.
[2025-10-23T12:43:22.760Z] error: Host validation failed for: cadvisor.vaciller.top:3030. Hint: Set the HOMEPAGE_ALLOWED_HOSTS environment variable to allow requests from this host / port.
[2025-10-23T12:43:22.838Z] error: Host validation failed for: cadvisor.vaciller.top:3030. Hint: Set the HOMEPAGE_ALLOWED_HOSTS environment variable to allow requests from this host / port.
[2025-10-23T12:43:22.933Z] error: Host validation failed for: cadvisor.vaciller.top:3030. Hint: Set the HOMEPAGE_ALLOWED_HOSTS environment variable to allow requests from this host / port.
[2025-10-23T12:43:22.938Z] error: Host validation failed for: cadvisor.vaciller.top:3030. Hint: Set the HOMEPAGE_ALLOWED_HOSTS environment variable to allow requests from this host / port.
[2025-10-23T12:43:22.985Z] error: Host validation failed for: cadvisor.vaciller.top:3030. Hint: Set the HOMEPAGE_ALLOWED_HOSTS environment variable to allow requests from this host / port.
[2025-10-23T12:43:22.990Z] error: Host validation failed for: cadvisor.vaciller.top:3030. Hint: Set the HOMEPAGE_ALLOWED_HOSTS environment variable to allow requests from this host / port.
[2025-10-23T12:43:23.748Z] error: Host validation failed for: cadvisor.vaciller.top:3030. Hint: Set the HOMEPAGE_ALLOWED_HOSTS environment variable to allow requests from this host / port.
[2025-10-23T12:43:23.955Z] error: Host validation failed for: cadvisor.vaciller.top:3030. Hint: Set the HOMEPAGE_ALLOWED_HOSTS environment variable to allow requests from this host / port.
[2025-10-23T12:43:24.046Z] error: Host validation failed for: cadvisor.vaciller.top:3030. Hint: Set the HOMEPAGE_ALLOWED_HOSTS environment variable to allow requests from this host / port.
[2025-10-23T12:43:25.253Z] error: Host validation failed for: cadvisor.vaciller.top:3030. Hint: Set the HOMEPAGE_ALLOWED_HOSTS environment variable to allow requests from this host / port.
[2025-10-23T12:43:31.799Z] error: Host validation failed for: 38.22.95.121:3030. Hint: Set the HOMEPAGE_ALLOWED_HOSTS environment variable to allow requests from this host / port.
[2025-10-23T12:43:31.803Z] error: Host validation failed for: 38.22.95.121:3030. Hint: Set the HOMEPAGE_ALLOWED_HOSTS environment variable to allow requests from this host / port.
[2025-10-23T12:43:31.806Z] error: Host validation failed for: 38.22.95.121:3030. Hint: Set the HOMEPAGE_ALLOWED_HOSTS environment variable to allow requests from this host / port.
[2025-10-23T12:43:31.813Z] error: Host validation failed for: 38.22.95.121:3030. Hint: Set the HOMEPAGE_ALLOWED_HOSTS environment variable to allow requests from this host / port.
[2025-10-23T12:43:31.818Z] error: Host validation failed for: 38.22.95.121:3030. Hint: Set the HOMEPAGE_ALLOWED_HOSTS environment variable to allow requests from this host / port.
[2025-10-23T12:43:31.822Z] error: Host validation failed for: 38.22.95.121:3030. Hint: Set the HOMEPAGE_ALLOWED_HOSTS environment variable to allow requests from this host / port.
[2025-10-23T12:43:31.828Z] error: Host validation failed for: 38.22.95.121:3030. Hint: Set the HOMEPAGE_ALLOWED_HOSTS environment variable to allow requests from this host / port.
[2025-10-23T12:43:31.832Z] error: Host validation failed for: 38.22.95.121:3030. Hint: Set the HOMEPAGE_ALLOWED_HOSTS environment variable to allow requests from this host / port.
[2025-10-23T12:43:31.866Z] error: Host validation failed for: 38.22.95.121:3030. Hint: Set the HOMEPAGE_ALLOWED_HOSTS environment variable to allow requests from this host / port.
[2025-10-23T12:43:31.870Z] error: Host validation failed for: 38.22.95.121:3030. Hint: Set the HOMEPAGE_ALLOWED_HOSTS environment variable to allow requests from this host / port.
[2025-10-23T12:43:31.874Z] error: Host validation failed for: 38.22.95.121:3030. Hint: Set the HOMEPAGE_ALLOWED_HOSTS environment variable to allow requests from this host / port.
[2025-10-23T12:43:31.877Z] error: Host validation failed for: 38.22.95.121:3030. Hint: Set the HOMEPAGE_ALLOWED_HOSTS environment variable to allow requests from this host / port.
[2025-10-23T12:43:31.880Z] error: Host validation failed for: 38.22.95.121:3030. Hint: Set the HOMEPAGE_ALLOWED_HOSTS environment variable to allow requests from this host / port.
[2025-10-23T12:43:31.884Z] error: Host validation failed for: 38.22.95.121:3030. Hint: Set the HOMEPAGE_ALLOWED_HOSTS environment variable to allow requests from this host / port.
[2025-10-23T12:43:31.888Z] error: Host validation failed for: 38.22.95.121:3030. Hint: Set the HOMEPAGE_ALLOWED_HOSTS environment variable to allow requests from this host / port.
[2025-10-23T12:43:31.890Z] error: Host validation failed for: 38.22.95.121:3030. Hint: Set the HOMEPAGE_ALLOWED_HOSTS environment variable to allow requests from this host / port.
[2025-10-23T12:43:31.894Z] error: Host validation failed for: 38.22.95.121:3030. Hint: Set the HOMEPAGE_ALLOWED_HOSTS environment variable to allow requests from this host / port.
[2025-10-23T12:43:31.899Z] error: Host validation failed for: 38.22.95.121:3030. Hint: Set the HOMEPAGE_ALLOWED_HOSTS environment variable to allow requests from this host / port.
[2025-10-23T12:43:31.903Z] error: Host validation failed for: 38.22.95.121:3030. Hint: Set the HOMEPAGE_ALLOWED_HOSTS environment variable to allow requests from this host / port.
[2025-10-23T12:43:31.909Z] error: Host validation failed for: 38.22.95.121:3030. Hint: Set the HOMEPAGE_ALLOWED_HOSTS environment variable to allow requests from this host / port.
[2025-10-23T12:43:31.914Z] error: Host validation failed for: 38.22.95.121:3030. Hint: Set the HOMEPAGE_ALLOWED_HOSTS environment variable to allow requests from this host / port.
[2025-10-23T12:43:31.919Z] error: Host validation failed for: 38.22.95.121:3030. Hint: Set the HOMEPAGE_ALLOWED_HOSTS environment variable to allow requests from this host / port.
[2025-10-23T12:43:31.923Z] error: Host validation failed for: 38.22.95.121:3030. Hint: Set the HOMEPAGE_ALLOWED_HOSTS environment variable to allow requests from this host / port.
[2025-10-23T12:43:31.926Z] error: Host validation failed for: 38.22.95.121:3030. Hint: Set the HOMEPAGE_ALLOWED_HOSTS environment variable to allow requests from this host / port.
[2025-10-23T12:43:31.929Z] error: Host validation failed for: 38.22.95.121:3030. Hint: Set the HOMEPAGE_ALLOWED_HOSTS environment variable to allow requests from this host / port.
[2025-10-23T12:43:31.933Z] error: Host validation failed for: 38.22.95.121:3030. Hint: Set the HOMEPAGE_ALLOWED_HOSTS environment variable to allow requests from this host / port.
[2025-10-23T12:43:31.936Z] error: Host validation failed for: 38.22.95.121:3030. Hint: Set the HOMEPAGE_ALLOWED_HOSTS environment variable to allow requests from this host / port.
[2025-10-23T12:43:31.939Z] error: Host validation failed for: 38.22.95.121:3030. Hint: Set the HOMEPAGE_ALLOWED_HOSTS environment variable to allow requests from this host / port.
[2025-10-23T12:43:31.941Z] error: Host validation failed for: 38.22.95.121:3030. Hint: Set the HOMEPAGE_ALLOWED_HOSTS environment variable to allow requests from this host / port.
[2025-10-23T12:43:31.945Z] error: Host validation failed for: 38.22.95.121:3030. Hint: Set the HOMEPAGE_ALLOWED_HOSTS environment variable to allow requests from this host / port.
[2025-10-23T12:43:31.947Z] error: Host validation failed for: 38.22.95.121:3030. Hint: Set the HOMEPAGE_ALLOWED_HOSTS environment variable to allow requests from this host / port.
[2025-10-23T12:43:31.951Z] error: Host validation failed for: 38.22.95.121:3030. Hint: Set the HOMEPAGE_ALLOWED_HOSTS environment variable to allow requests from this host / port.
[2025-10-23T12:43:31.953Z] error: Host validation failed for: 38.22.95.121:3030. Hint: Set the HOMEPAGE_ALLOWED_HOSTS environment variable to allow requests from this host / port.
[2025-10-23T12:43:31.955Z] error: Host validation failed for: 38.22.95.121:3030. Hint: Set the HOMEPAGE_ALLOWED_HOSTS environment variable to allow requests from this host / port.
[2025-10-23T12:43:31.957Z] error: Host validation failed for: 38.22.95.121:3030. Hint: Set the HOMEPAGE_ALLOWED_HOSTS environment variable to allow requests from this host / port.
[2025-10-23T12:43:31.960Z] error: Host validation failed for: 38.22.95.121:3030. Hint: Set the HOMEPAGE_ALLOWED_HOSTS environment variable to allow requests from this host / port.
[2025-10-23T12:43:31.963Z] error: Host validation failed for: 38.22.95.121:3030. Hint: Set the HOMEPAGE_ALLOWED_HOSTS environment variable to allow requests from this host / port.
[2025-10-23T12:43:31.968Z] error: Host validation failed for: 38.22.95.121:3030. Hint: Set the HOMEPAGE_ALLOWED_HOSTS environment variable to allow requests from this host / port.
[2025-10-23T12:43:31.975Z] error: Host validation failed for: 38.22.95.121:3030. Hint: Set the HOMEPAGE_ALLOWED_HOSTS environment variable to allow requests from this host / port.
[2025-10-23T12:43:31.979Z] error: Host validation failed for: 38.22.95.121:3030. Hint: Set the HOMEPAGE_ALLOWED_HOSTS environment variable to allow requests from this host / port.
[2025-10-23T12:43:31.984Z] error: Host validation failed for: 38.22.95.121:3030. Hint: Set the HOMEPAGE_ALLOWED_HOSTS environment variable to allow requests from this host / port.
[2025-10-23T12:43:32.035Z] error: Host validation failed for: 38.22.95.121:3030. Hint: Set the HOMEPAGE_ALLOWED_HOSTS environment variable to allow requests from this host / port.
[2025-10-23T12:43:32.038Z] error: Host validation failed for: 38.22.95.121:3030. Hint: Set the HOMEPAGE_ALLOWED_HOSTS environment variable to allow requests from this host / port.
[2025-11-01T10:55:19.341Z] error: Host validation failed for: 38.22.95.121:3030. Hint: Set the HOMEPAGE_ALLOWED_HOSTS environment variable to allow requests from this host / port.
[2025-11-01T10:55:20.114Z] error: Host validation failed for: 38.22.95.121:3030. Hint: Set the HOMEPAGE_ALLOWED_HOSTS environment variable to allow requests from this host / port.
[2025-11-01T10:55:20.118Z] error: Host validation failed for: 38.22.95.121:3030. Hint: Set the HOMEPAGE_ALLOWED_HOSTS environment variable to allow requests from this host / port.
[2025-11-01T10:55:20.133Z] error: Host validation failed for: 38.22.95.121:3030. Hint: Set the HOMEPAGE_ALLOWED_HOSTS environment variable to allow requests from this host / port.
[2025-11-01T10:55:20.138Z] error: Host validation failed for: 38.22.95.121:3030. Hint: Set the HOMEPAGE_ALLOWED_HOSTS environment variable to allow requests from this host / port.
[2025-11-01T10:55:20.149Z] error: Host validation failed for: 38.22.95.121:3030. Hint: Set the HOMEPAGE_ALLOWED_HOSTS environment variable to allow requests from this host / port.
[2025-11-01T10:55:20.169Z] error: Host validation failed for: 38.22.95.121:3030. Hint: Set the HOMEPAGE_ALLOWED_HOSTS environment variable to allow requests from this host / port.
[2025-11-01T10:55:20.174Z] error: Host validation failed for: 38.22.95.121:3030. Hint: Set the HOMEPAGE_ALLOWED_HOSTS environment variable to allow requests from this host / port.
[2025-11-01T10:55:20.186Z] error: Host validation failed for: 38.22.95.121:3030. Hint: Set the HOMEPAGE_ALLOWED_HOSTS environment variable to allow requests from this host / port.
[2025-11-01T10:55:20.189Z] error: Host validation failed for: 38.22.95.121:3030. Hint: Set the HOMEPAGE_ALLOWED_HOSTS environment variable to allow requests from this host / port.
[2025-11-01T10:55:20.193Z] error: Host validation failed for: 38.22.95.121:3030. Hint: Set the HOMEPAGE_ALLOWED_HOSTS environment variable to allow requests from this host / port.
[2025-11-01T10:55:20.204Z] error: Host validation failed for: 38.22.95.121:3030. Hint: Set the HOMEPAGE_ALLOWED_HOSTS environment variable to allow requests from this host / port.
[2025-11-01T10:55:20.220Z] error: Host validation failed for: 38.22.95.121:3030. Hint: Set the HOMEPAGE_ALLOWED_HOSTS environment variable to allow requests from this host / port.
[2025-11-01T10:55:20.251Z] error: Host validation failed for: 38.22.95.121:3030. Hint: Set the HOMEPAGE_ALLOWED_HOSTS environment variable to allow requests from this host / port.
[2025-11-01T10:55:20.256Z] error: Host validation failed for: 38.22.95.121:3030. Hint: Set the HOMEPAGE_ALLOWED_HOSTS environment variable to allow requests from this host / port.
[2025-11-01T10:55:20.259Z] error: Host validation failed for: 38.22.95.121:3030. Hint: Set the HOMEPAGE_ALLOWED_HOSTS environment variable to allow requests from this host / port.
[2025-11-01T10:55:20.262Z] error: Host validation failed for: 38.22.95.121:3030. Hint: Set the HOMEPAGE_ALLOWED_HOSTS environment variable to allow requests from this host / port.
[2025-11-01T10:55:20.269Z] error: Host validation failed for: 38.22.95.121:3030. Hint: Set the HOMEPAGE_ALLOWED_HOSTS environment variable to allow requests from this host / port.
[2025-11-01T10:55:20.294Z] error: Host validation failed for: 38.22.95.121:3030. Hint: Set the HOMEPAGE_ALLOWED_HOSTS environment variable to allow requests from this host / port.
[2025-11-01T10:55:20.313Z] error: Host validation failed for: 38.22.95.121:3030. Hint: Set the HOMEPAGE_ALLOWED_HOSTS environment variable to allow requests from this host / port.
[2025-11-01T10:55:20.318Z] error: Host validation failed for: 38.22.95.121:3030. Hint: Set the HOMEPAGE_ALLOWED_HOSTS environment variable to allow requests from this host / port.
[2025-11-01T10:55:20.320Z] error: Host validation failed for: 38.22.95.121:3030. Hint: Set the HOMEPAGE_ALLOWED_HOSTS environment variable to allow requests from this host / port.
[2025-11-01T10:55:20.325Z] error: Host validation failed for: 38.22.95.121:3030. Hint: Set the HOMEPAGE_ALLOWED_HOSTS environment variable to allow requests from this host / port.
[2025-11-01T10:55:20.328Z] error: Host validation failed for: 38.22.95.121:3030. Hint: Set the HOMEPAGE_ALLOWED_HOSTS environment variable to allow requests from this host / port.
[2025-11-01T10:55:20.409Z] error: Host validation failed for: 38.22.95.121:3030. Hint: Set the HOMEPAGE_ALLOWED_HOSTS environment variable to allow requests from this host / port.
[2025-11-01T10:55:20.412Z] error: Host validation failed for: 38.22.95.121:3030. Hint: Set the HOMEPAGE_ALLOWED_HOSTS environment variable to allow requests from this host / port.
[2025-11-01T10:55:20.416Z] error: Host validation failed for: 38.22.95.121:3030. Hint: Set the HOMEPAGE_ALLOWED_HOSTS environment variable to allow requests from this host / port.
[2025-11-01T10:55:20.418Z] error: Host validation failed for: 38.22.95.121:3030. Hint: Set the HOMEPAGE_ALLOWED_HOSTS environment variable to allow requests from this host / port.
[2025-11-01T10:55:20.422Z] error: Host validation failed for: 38.22.95.121:3030. Hint: Set the HOMEPAGE_ALLOWED_HOSTS environment variable to allow requests from this host / port.
[2025-11-01T10:55:20.425Z] error: Host validation failed for: 38.22.95.121:3030. Hint: Set the HOMEPAGE_ALLOWED_HOSTS environment variable to allow requests from this host / port.
[2025-11-01T10:55:20.483Z] error: Host validation failed for: 38.22.95.121:3030. Hint: Set the HOMEPAGE_ALLOWED_HOSTS environment variable to allow requests from this host / port.
[2025-11-01T10:55:20.485Z] error: Host validation failed for: 38.22.95.121:3030. Hint: Set the HOMEPAGE_ALLOWED_HOSTS environment variable to allow requests from this host / port.
[2025-11-01T10:55:20.487Z] error: Host validation failed for: 38.22.95.121:3030. Hint: Set the HOMEPAGE_ALLOWED_HOSTS environment variable to allow requests from this host / port.
[2025-11-01T10:55:20.492Z] error: Host validation failed for: 38.22.95.121:3030. Hint: Set the HOMEPAGE_ALLOWED_HOSTS environment variable to allow requests from this host / port.
[2025-11-01T10:55:20.494Z] error: Host validation failed for: 38.22.95.121:3030. Hint: Set the HOMEPAGE_ALLOWED_HOSTS environment variable to allow requests from this host / port.
[2025-11-01T10:55:20.498Z] error: Host validation failed for: 38.22.95.121:3030. Hint: Set the HOMEPAGE_ALLOWED_HOSTS environment variable to allow requests from this host / port.
[2025-11-01T10:55:20.538Z] error: Host validation failed for: 38.22.95.121:3030. Hint: Set the HOMEPAGE_ALLOWED_HOSTS environment variable to allow requests from this host / port.
[2025-11-01T10:55:20.545Z] error: Host validation failed for: 38.22.95.121:3030. Hint: Set the HOMEPAGE_ALLOWED_HOSTS environment variable to allow requests from this host / port.
[2025-11-01T10:55:20.548Z] error: Host validation failed for: 38.22.95.121:3030. Hint: Set the HOMEPAGE_ALLOWED_HOSTS environment variable to allow requests from this host / port.
[2025-11-01T10:55:20.555Z] error: Host validation failed for: 38.22.95.121:3030. Hint: Set the HOMEPAGE_ALLOWED_HOSTS environment variable to allow requests from this host / port.
[2025-11-01T10:55:20.557Z] error: Host validation failed for: 38.22.95.121:3030. Hint: Set the HOMEPAGE_ALLOWED_HOSTS environment variable to allow requests from this host / port.
[2025-11-01T10:55:20.572Z] error: Host validation failed for: 38.22.95.121:3030. Hint: Set the HOMEPAGE_ALLOWED_HOSTS environment variable to allow requests from this host / port.
[2025-11-01T10:55:20.597Z] error: Host validation failed for: 38.22.95.121:3030. Hint: Set the HOMEPAGE_ALLOWED_HOSTS environment variable to allow requests from this host / port.
[2025-11-01T10:55:21.009Z] error: Host validation failed for: 38.22.95.121:3030. Hint: Set the HOMEPAGE_ALLOWED_HOSTS environment variable to allow requests from this host / port.
[2025-11-01T10:55:21.708Z] error: Host validation failed for: 38.22.95.121:3030. Hint: Set the HOMEPAGE_ALLOWED_HOSTS environment variable to allow requests from this host / port.
[2025-11-01T10:55:51.442Z] error: Host validation failed for: 38.22.95.121:3030. Hint: Set the HOMEPAGE_ALLOWED_HOSTS environment variable to allow requests from this host / port.
[2025-11-01T10:55:52.168Z] error: Host validation failed for: 38.22.95.121:3030. Hint: Set the HOMEPAGE_ALLOWED_HOSTS environment variable to allow requests from this host / port.
[2025-11-04T01:35:31.804Z] error: Host validation failed for: 38.22.95.121:3030. Hint: Set the HOMEPAGE_ALLOWED_HOSTS environment variable to allow requests from this host / port.
[2025-11-04T01:35:58.926Z] error: Host validation failed for: 38.22.95.121:3030. Hint: Set the HOMEPAGE_ALLOWED_HOSTS environment variable to allow requests from this host / port.
